id,company_name,url_string,ATS_name
217229,Wescom Financial,https://vhr-wescom.wd5.myworkdayjobs.com/en-US/WescomCareers,WorkDay
217230,Business Solver,https://businessolver.com/careers/openings/,GreenHouse
217231,aaamidatlantic,https://aaamidatlantic.wd5.myworkdayjobs.com/aaamidatlantic,WorkDay
217232,acehardware,https://acehardware.wd1.myworkdayjobs.com/GLA_External,WorkDay
217233,cambiahealth,https://cambiahealth.wd1.myworkdayjobs.com/External,WorkDay
217234,cliftonlarsonallen,https://cliftonlarsonallen.wd1.myworkdayjobs.com/CLA,WorkDay
217235,donaldson,https://donaldson.wd5.myworkdayjobs.com/DonaldsonCareers,WorkDay
217236,druryhotels,https://druryhotels.wd5.myworkdayjobs.com/druryjobs,WorkDay
217237,evrazna,https://evrazna.wd5.myworkdayjobs.com/EVRAZ,WorkDay
217238,firstbrandsgroup,https://firstbrandsgroup.wd5.myworkdayjobs.com/FBG_Careers,WorkDay
217239,furman,https://furman.wd5.myworkdayjobs.com/Furman_Careers,WorkDay
217240,geico,https://geico.wd1.myworkdayjobs.com/External,WorkDay
217241,ivyrehab,https://ivyrehab.wd5.myworkdayjobs.com/Ivy_Rehab,WorkDay
217242,methodisthealthsystem,https://methodisthealthsystem.wd1.myworkdayjobs.com/MHS_Careers,WorkDay
217243,minnstate,https://minnstate.wd1.myworkdayjobs.com/Minnesota_State_Careers,WorkDay
217244,odfl,https://odfl.wd1.myworkdayjobs.com/ODFL_Careers,WorkDay
217245,oregon,https://oregon.wd5.myworkdayjobs.com/Boards,WorkDay
217246,osv-chegg,https://osv-chegg.wd5.myworkdayjobs.com/Chegg,WorkDay
217247,redrobin,https://redrobin.wd1.myworkdayjobs.com/RedRobin_Careers,WorkDay
217248,signetjewelers,https://signetjewelers.wd1.myworkdayjobs.com/signetjeweleryretailsales,WorkDay
217249,stanfordhealthcare,https://stanfordhealthcare.wd5.myworkdayjobs.com/SHC_External_Career_Site,WorkDay
217250,truist,https://truist.wd1.myworkdayjobs.com/LDP,WorkDay
217251,usicinc,https://usicinc.wd5.myworkdayjobs.com/BloodHoundCareers,WorkDay
217252,wawa,https://wawa.wd1.myworkdayjobs.com/careers,WorkDay
217253,wvumedicine,https://wvumedicine.wd1.myworkdayjobs.com/UHA,WorkDay
217254,arbio,https://arbio.recruitee.com,recruitee
217255,careermentors,https://careermentors.recruitee.com,recruitee
217256,cfpenergy,https://cfpenergy.recruitee.com,recruitee
217257,crowdbuilding,https://crowdbuilding.recruitee.com,recruitee
217258,incisiongroupbv,https://incisiongroupbv.recruitee.com,recruitee
217259,intuitionstaffing,https://intuitionstaffing.recruitee.com,recruitee
217260,jetrails,https://jetrails.recruitee.com,recruitee
217261,kriptomat,https://kriptomat.recruitee.com,recruitee
217262,kuoksingaporelimited,https://kuoksingaporelimited.recruitee.com,recruitee
217263,marketnode,https://marketnode.recruitee.com,recruitee
217264,orbem,https://orbem.recruitee.com,recruitee
217265,scrumsdotcom,https://scrumsdotcom.recruitee.com,recruitee
217266,smiler,https://smiler.recruitee.com,recruitee
217267,specitecsa,https://specitecsa.recruitee.com,recruitee
217268,superlist,https://superlist.recruitee.com,recruitee
217269,tab,https://tab.recruitee.com,recruitee
217270,wundermart,https://wundermart.recruitee.com,recruitee
217271,xebiapoland,https://xebiapoland.recruitee.com,recruitee
217272,m,https://m.recruitee.com,recruitee
217273,Excellus BCBS,https://recruiting.ultipro.com/EXC1006EHP/JobBoard/85a24b6c-2879-4ffa-b473-28c93495b751/?q=&o=postedDateDesc,ultipro
217274,The Princeton Review,https://recruiting.ultipro.com/TPR1000TPR/JobBoard/de215d89-592c-4118-ac2a-9afa5e31b784/?q=&o=postedDateDesc,ultipro
217275,career-amys,https://career-amys.icims.com/jobs/search?ss=1,icims
217276,careers-lvhn,https://careers-lvhn.icims.com/jobs/search?ss=1,icims
217277,careers-nordia,https://careers-nordia.icims.com/jobs/search?ss=1,icims
217278,careers-sercous,https://careers-sercous.icims.com/jobs/search?ss=1,icims
217279,corporate-segrocers,https://corporate-segrocers.icims.com/jobs/search?ss=1,icims
217280,internationalcareers-atlasair,https://internationalcareers-atlasair.icims.com/jobs/search?ss=1,icims
217281,retail-segrocers,https://retail-segrocers.icims.com/jobs/search?ss=1,icims
217282,Upstox,https://jobs.lever.co/upstox,LeverCO
217283,CleverTap,https://jobs.lever.co/clevertap,LeverCO
217284,CureFit,https://jobs.lever.co/curefit,LeverCO
217285,Icertis,https://jobs.lever.co/icertis,LeverCO
217286,Jupiter,https://jobs.lever.co/jupiter,LeverCO
217287,Swiggy,https://jobs.lever.co/swiggy,LeverCO
217288,Yellow.ai,https://jobs.lever.co/yellowai,LeverCO
217289,100x,https://job-boards.greenhouse.io/100x,GreenHouse
217290,1047games,https://job-boards.greenhouse.io/1047games,GreenHouse
217291,10pearls,https://job-boards.greenhouse.io/10pearls,GreenHouse
217292,10up,https://job-boards.greenhouse.io/10up,GreenHouse
217293,113134,https://job-boards.greenhouse.io/113134,GreenHouse
217294,123,https://job-boards.greenhouse.io/123,GreenHouse
217295,174powerglobal,https://job-boards.greenhouse.io/174powerglobal,GreenHouse
217296,1906newhighs,https://job-boards.greenhouse.io/1906newhighs,GreenHouse
217297,21co,https://job-boards.greenhouse.io/21co,GreenHouse
217298,2seventybioinc,https://job-boards.greenhouse.io/2seventybioinc,GreenHouse
217299,2uevents,https://job-boards.greenhouse.io/2uevents,GreenHouse
217300,350org,https://job-boards.greenhouse.io/350org,GreenHouse
217301,360campaignconsulting,https://job-boards.greenhouse.io/360campaignconsulting,GreenHouse
217302,3aware,https://job-boards.greenhouse.io/3aware,GreenHouse
217303,3q,https://job-boards.greenhouse.io/3q,GreenHouse
217304,48f-relo,https://job-boards.greenhouse.io/48f-relo,GreenHouse
217305,5careferrals,https://job-boards.greenhouse.io/5careferrals,GreenHouse
217306,6b16e998554a4006a2f0f0a47869e3e2,https://job-boards.greenhouse.io/6b16e998554a4006a2f0f0a47869e3e2,GreenHouse
217307,777partners,https://job-boards.greenhouse.io/777partners,GreenHouse
217308,98point6,https://job-boards.greenhouse.io/98point6,GreenHouse
217309,a1mreferrals,https://job-boards.greenhouse.io/a1mreferrals,GreenHouse
217310,a3ce416456924276a59de91bca740028,https://job-boards.greenhouse.io/a3ce416456924276a59de91bca740028,GreenHouse
217311,abacusgroup,https://job-boards.greenhouse.io/abacusgroup,GreenHouse
217312,abatatherapeutics,https://job-boards.greenhouse.io/abatatherapeutics,GreenHouse
217313,abbycare,https://job-boards.greenhouse.io/abbycare,GreenHouse
217314,abetterchicago,https://job-boards.greenhouse.io/abetterchicago,GreenHouse
217315,ability,https://job-boards.greenhouse.io/ability,GreenHouse
217316,ableto,https://job-boards.greenhouse.io/ableto,GreenHouse
217317,abodo,https://job-boards.greenhouse.io/abodo,GreenHouse
217318,abodu,https://job-boards.greenhouse.io/abodu,GreenHouse
217319,aboutfresh,https://job-boards.greenhouse.io/aboutfresh,GreenHouse
217320,abpartners,https://job-boards.greenhouse.io/abpartners,GreenHouse
217321,abstract,https://job-boards.greenhouse.io/abstract,GreenHouse
217322,accelbyte,https://job-boards.greenhouse.io/accelbyte,GreenHouse
217323,accion,https://job-boards.greenhouse.io/accion,GreenHouse
217324,acclarity,https://job-boards.greenhouse.io/acclarity,GreenHouse
217325,accruenthq,https://job-boards.greenhouse.io/accruenthq,GreenHouse
217326,accumulussynergyinc,https://job-boards.greenhouse.io/accumulussynergyinc,GreenHouse
217327,achronixsemiconductor,https://job-boards.greenhouse.io/achronixsemiconductor,GreenHouse
217328,aclara,https://job-boards.greenhouse.io/aclara,GreenHouse
217329,acloudguru,https://job-boards.greenhouse.io/acloudguru,GreenHouse
217330,acrerewards,https://job-boards.greenhouse.io/acrerewards,GreenHouse
217331,actioniq,https://job-boards.greenhouse.io/actioniq,GreenHouse
217332,actiumhealth,https://job-boards.greenhouse.io/actiumhealth,GreenHouse
217333,activehours,https://job-boards.greenhouse.io/activehours,GreenHouse
217334,acvauctions,https://job-boards.greenhouse.io/acvauctions,GreenHouse
217335,adamosecurity,https://job-boards.greenhouse.io/adamosecurity,GreenHouse
217336,adaptive3d,https://job-boards.greenhouse.io/adaptive3d,GreenHouse
217337,adept,https://job-boards.greenhouse.io/adept,GreenHouse
217338,adheretech,https://job-boards.greenhouse.io/adheretech,GreenHouse
217339,adhocexternal,https://job-boards.greenhouse.io/adhocexternal,GreenHouse
217340,adhocteam,https://job-boards.greenhouse.io/adhocteam,GreenHouse
217341,adim,https://job-boards.greenhouse.io/adim,GreenHouse
217342,admarketplaceinc,https://job-boards.greenhouse.io/admarketplaceinc,GreenHouse
217343,adp,https://job-boards.greenhouse.io/adp,GreenHouse
217344,adpractitionersllc,https://job-boards.greenhouse.io/adpractitionersllc,GreenHouse
217345,adroll,https://job-boards.greenhouse.io/adroll,GreenHouse
217346,aetion,https://job-boards.greenhouse.io/aetion,GreenHouse
217347,aevum,https://job-boards.greenhouse.io/aevum,GreenHouse
217348,aevumdefense,https://job-boards.greenhouse.io/aevumdefense,GreenHouse
217349,affecttherapeutics,https://job-boards.greenhouse.io/affecttherapeutics,GreenHouse
217350,affiniatherapeutics,https://job-boards.greenhouse.io/affiniatherapeutics,GreenHouse
217351,afterverse,https://job-boards.greenhouse.io/afterverse,GreenHouse
217352,afterverse31,https://job-boards.greenhouse.io/afterverse31,GreenHouse
217353,agcbiologics,https://job-boards.greenhouse.io/agcbiologics,GreenHouse
217354,agentsync,https://ats.rippling.com/agentsync-careers,rippling
217355,agilesixv2,https://job-boards.greenhouse.io/agilesixv2,GreenHouse
217356,agilespaceindustries,https://job-boards.greenhouse.io/agilespaceindustries,GreenHouse
217357,agolo,https://job-boards.greenhouse.io/agolo,GreenHouse
217358,agoralabinc,https://job-boards.greenhouse.io/agoralabinc,GreenHouse
217359,agoric,https://job-boards.greenhouse.io/agoric,GreenHouse
217360,aifleet,https://job-boards.greenhouse.io/aifleet,GreenHouse
217361,aipalette,https://job-boards.greenhouse.io/aipalette,GreenHouse
217362,airbase,https://job-boards.greenhouse.io/airbase,GreenHouse
217363,aircore,https://job-boards.greenhouse.io/aircore,GreenHouse
217364,airlifttechnologies,https://job-boards.greenhouse.io/airlifttechnologies,GreenHouse
217365,airpacairlines,https://job-boards.greenhouse.io/airpacairlines,GreenHouse
217366,airspeed,https://job-boards.greenhouse.io/airspeed,GreenHouse
217367,airtime,https://job-boards.greenhouse.io/airtime,GreenHouse
217368,airworks,https://job-boards.greenhouse.io/airworks,GreenHouse
217369,akriveiatherapeutics,https://job-boards.greenhouse.io/akriveiatherapeutics,GreenHouse
217370,alexispointe,https://job-boards.greenhouse.io/alexispointe,GreenHouse
217371,alignerr,https://job-boards.greenhouse.io/alignerr,GreenHouse
217372,alkymi,https://job-boards.greenhouse.io/alkymi,GreenHouse
217373,allakos,https://job-boards.greenhouse.io/allakos,GreenHouse
217374,allarahealth,https://job-boards.greenhouse.io/allarahealth,GreenHouse
217375,allbirds,https://job-boards.greenhouse.io/allbirds,GreenHouse
217376,allbirdsretail,https://job-boards.greenhouse.io/allbirdsretail,GreenHouse
217377,allconnect,https://job-boards.greenhouse.io/allconnect,GreenHouse
217378,allergandatalabs,https://job-boards.greenhouse.io/allergandatalabs,GreenHouse
217379,alleycorp,https://job-boards.greenhouse.io/alleycorp,GreenHouse
217380,alliedglobalmarketing,https://job-boards.greenhouse.io/alliedglobalmarketing,GreenHouse
217381,allinternal,https://job-boards.greenhouse.io/allinternal,GreenHouse
217382,allscripts,https://job-boards.greenhouse.io/allscripts,GreenHouse
217383,aloft,https://job-boards.greenhouse.io/aloft,GreenHouse
217384,alphahawaii,https://job-boards.greenhouse.io/alphahawaii,GreenHouse
217385,alteradigitalhealth,https://job-boards.greenhouse.io/alteradigitalhealth,GreenHouse
217386,alteradigitalhealthcanada,https://job-boards.greenhouse.io/alteradigitalhealthcanada,GreenHouse
217387,alteradigitalhealthindia,https://job-boards.greenhouse.io/alteradigitalhealthindia,GreenHouse
217388,alterahealth,https://job-boards.greenhouse.io/alterahealth,GreenHouse
217389,altoira,https://job-boards.greenhouse.io/altoira,GreenHouse
217390,altovita,https://job-boards.greenhouse.io/altovita,GreenHouse
217391,altro,https://job-boards.greenhouse.io/altro,GreenHouse
217392,altruistiq,https://job-boards.greenhouse.io/altruistiq,GreenHouse
217393,ambient,https://jobs.ashbyhq.com/ambient.ai,AshbyHQ
217394,ambientai,https://jobs.ashbyhq.com/ambient.ai,AshbyHQ
217395,ambit,https://job-boards.greenhouse.io/ambit,GreenHouse
217396,amedigital,https://job-boards.greenhouse.io/amedigital,GreenHouse
217397,americaneedsyou,https://job-boards.greenhouse.io/americaneedsyou,GreenHouse
217398,americannational,https://job-boards.greenhouse.io/americannational,GreenHouse
217399,amika,https://ats.rippling.com/amika-careers,rippling
217400,aminohealth,https://job-boards.greenhouse.io/aminohealth,GreenHouse
217401,amitechsolutions,https://job-boards.greenhouse.io/amitechsolutions,GreenHouse
217402,ampla,https://job-boards.greenhouse.io/ampla,GreenHouse
217403,amplehair,https://job-boards.greenhouse.io/amplehair,GreenHouse
217404,amra,https://job-boards.greenhouse.io/amra,GreenHouse
217405,amtrav,https://job-boards.greenhouse.io/amtrav,GreenHouse
217406,amun,https://job-boards.greenhouse.io/amun,GreenHouse
217407,anaconda,https://ats.rippling.com/anaconda,rippling
217408,ancientnutrition,https://job-boards.greenhouse.io/ancientnutrition,GreenHouse
217409,androstechnologies,https://job-boards.greenhouse.io/androstechnologies,GreenHouse
217410,anewclimate,https://job-boards.greenhouse.io/anewclimate,GreenHouse
217411,angi,https://job-boards.greenhouse.io/angi,GreenHouse
217412,angusreidgroup,https://job-boards.greenhouse.io/angusreidgroup,GreenHouse
217413,anilive,https://job-boards.greenhouse.io/anilive,GreenHouse
217414,animallogic,https://job-boards.greenhouse.io/animallogic,GreenHouse
217415,animallogicglobalhybrid,https://job-boards.greenhouse.io/animallogicglobalhybrid,GreenHouse
217416,animallogicsydneyhybrid,https://job-boards.greenhouse.io/animallogicsydneyhybrid,GreenHouse
217417,ankrnetwork,https://job-boards.greenhouse.io/ankrnetwork,GreenHouse
217418,anomalojobs,https://job-boards.greenhouse.io/anomalojobs,GreenHouse
217419,anotherball,https://job-boards.greenhouse.io/anotherball,GreenHouse
217420,antler,https://job-boards.greenhouse.io/antler,GreenHouse
217421,anz,https://job-boards.greenhouse.io/anz,GreenHouse
217422,apartmentlist,https://job-boards.greenhouse.io/apartmentlist,GreenHouse
217423,apeel,https://job-boards.greenhouse.io/apeel,GreenHouse
217424,apellis,https://teamapellis.wd108.myworkdayjobs.com/apelliscareers,WorkDay
217425,apexlogic,https://job-boards.greenhouse.io/apexlogic,GreenHouse
217426,apiascholars,https://job-boards.greenhouse.io/apiascholars,GreenHouse
217427,apisero,https://job-boards.greenhouse.io/apisero,GreenHouse
217428,apiture66,https://job-boards.greenhouse.io/apiture66,GreenHouse
217429,apono,https://job-boards.greenhouse.io/apono,GreenHouse
217430,appannie,https://job-boards.greenhouse.io/appannie,GreenHouse
217431,appfiretechnologiesllc,https://job-boards.greenhouse.io/appfiretechnologiesllc,GreenHouse
217432,appiabio,https://job-boards.greenhouse.io/appiabio,GreenHouse
217433,applytocedar,https://job-boards.greenhouse.io/applytocedar,GreenHouse
217434,applytonectar,https://job-boards.greenhouse.io/applytonectar,GreenHouse
217435,applytoroadforge,https://job-boards.greenhouse.io/applytoroadforge,GreenHouse
217436,appsumocareers,https://job-boards.greenhouse.io/appsumocareers,GreenHouse
217437,aprioritechnologies,https://job-boards.greenhouse.io/aprioritechnologies,GreenHouse
217438,aptible,https://job-boards.greenhouse.io/aptible,GreenHouse
217439,aptopayments,https://job-boards.greenhouse.io/aptopayments,GreenHouse
217440,aputure,https://job-boards.greenhouse.io/aputure,GreenHouse
217441,aradenabattlegrounds,https://job-boards.greenhouse.io/aradenabattlegrounds,GreenHouse
217442,arcdev,https://job-boards.greenhouse.io/arcdev,GreenHouse
217443,archetypeentertainment,https://job-boards.greenhouse.io/archetypeentertainment,GreenHouse
217444,archetypesg,https://job-boards.greenhouse.io/archetypesg,GreenHouse
217445,arcticwolfnetworks,https://job-boards.greenhouse.io/arcticwolfnetworks,GreenHouse
217446,arenaai,https://job-boards.greenhouse.io/arenaai,GreenHouse
217447,argent,https://job-boards.greenhouse.io/argent,GreenHouse
217448,argo,https://job-boards.greenhouse.io/argo,GreenHouse
217449,argo83,https://job-boards.greenhouse.io/argo83,GreenHouse
217450,argyle,https://job-boards.greenhouse.io/argyle,GreenHouse
217451,ariacarepartners,https://job-boards.greenhouse.io/ariacarepartners,GreenHouse
217452,ariel,https://job-boards.greenhouse.io/ariel,GreenHouse
217453,arise,https://job-boards.greenhouse.io/arise,GreenHouse
217454,arkansascenterfordatasciences,https://job-boards.greenhouse.io/arkansascenterfordatasciences,GreenHouse
217455,arkesystems,https://job-boards.greenhouse.io/arkesystems,GreenHouse
217456,around,https://job-boards.greenhouse.io/around,GreenHouse
217457,arrantabiocareers,https://job-boards.greenhouse.io/arrantabiocareers,GreenHouse
217458,artivest,https://job-boards.greenhouse.io/artivest,GreenHouse
217459,arzeda,https://job-boards.greenhouse.io/arzeda,GreenHouse
217460,as,https://job-boards.greenhouse.io/as,GreenHouse
217461,askmediagroup,https://job-boards.greenhouse.io/askmediagroup,GreenHouse
217462,asknicely,https://job-boards.greenhouse.io/asknicely,GreenHouse
217463,aspire,https://job-boards.greenhouse.io/aspire,GreenHouse
217464,aspireio,https://job-boards.greenhouse.io/aspireio,GreenHouse
217465,aspireiq,https://job-boards.greenhouse.io/aspireiq,GreenHouse
217466,assembled,https://jobs.ashbyhq.com/assembledhq,AshbyHQ
217467,assemblyairemote,https://job-boards.greenhouse.io/assemblyairemote,GreenHouse
217468,assemblyhq,https://job-boards.greenhouse.io/assemblyhq,GreenHouse
217469,assemblyosminc,https://job-boards.greenhouse.io/assemblyosminc,GreenHouse
217470,assetreality,https://job-boards.greenhouse.io/assetreality,GreenHouse
217471,assurna,https://job-boards.greenhouse.io/assurna,GreenHouse
217472,astria,https://job-boards.greenhouse.io/astria,GreenHouse
217473,astrica,https://job-boards.greenhouse.io/astrica,GreenHouse
217474,astropay,https://job-boards.greenhouse.io/astropay,GreenHouse
217475,atai,https://job-boards.greenhouse.io/atai,GreenHouse
217476,ataiwebsite,https://job-boards.greenhouse.io/ataiwebsite,GreenHouse
217477,atlanticcouncil,https://job-boards.greenhouse.io/atlanticcouncil,GreenHouse
217478,atlasnavigatorsllc,https://job-boards.greenhouse.io/atlasnavigatorsllc,GreenHouse
217479,atmoslabs,https://job-boards.greenhouse.io/atmoslabs,GreenHouse
217480,atome,https://job-boards.greenhouse.io/atome,GreenHouse
217481,atomicvest,https://job-boards.greenhouse.io/atomicvest,GreenHouse
217482,atomosspace,https://job-boards.greenhouse.io/atomosspace,GreenHouse
217483,atompower,https://job-boards.greenhouse.io/atompower,GreenHouse
217484,audicus,https://job-boards.greenhouse.io/audicus,GreenHouse
217485,audigent,https://job-boards.greenhouse.io/audigent,GreenHouse
217486,aurorasustainablelands,https://job-boards.greenhouse.io/aurorasustainablelands,GreenHouse
217487,authorhealth,https://job-boards.greenhouse.io/authorhealth,GreenHouse
217488,autograph,https://job-boards.greenhouse.io/autograph,GreenHouse
217489,automatainc,https://job-boards.greenhouse.io/automatainc,GreenHouse
217490,automatic,https://job-boards.greenhouse.io/automatic,GreenHouse
217491,automatticdesign,https://job-boards.greenhouse.io/automatticdesign,GreenHouse
217492,automatticmarketing,https://job-boards.greenhouse.io/automatticmarketing,GreenHouse
217493,automatticremotive,https://job-boards.greenhouse.io/automatticremotive,GreenHouse
217494,autox,https://job-boards.greenhouse.io/autox,GreenHouse
217495,avalabs,https://job-boards.greenhouse.io/avalabs,GreenHouse
217496,avalabsecosystem,https://job-boards.greenhouse.io/avalabsecosystem,GreenHouse
217497,avalanchefoundation,https://job-boards.greenhouse.io/avalanchefoundation,GreenHouse
217498,avantstay,https://job-boards.greenhouse.io/avantstay,GreenHouse
217499,avaxambassador,https://job-boards.greenhouse.io/avaxambassador,GreenHouse
217500,avea,https://job-boards.greenhouse.io/avea,GreenHouse
217501,avelaeducation,https://job-boards.greenhouse.io/avelaeducation,GreenHouse
217502,avenueone,https://job-boards.greenhouse.io/avenueone,GreenHouse
217503,avitapropertymanagement,https://job-boards.greenhouse.io/avitapropertymanagement,GreenHouse
217504,awarehealthcare,https://job-boards.greenhouse.io/awarehealthcare,GreenHouse
217505,axiomquant,https://job-boards.greenhouse.io/axiomquant,GreenHouse
217506,axioshq1,https://job-boards.greenhouse.io/axioshq1,GreenHouse
217507,axisapp,https://job-boards.greenhouse.io/axisapp,GreenHouse
217508,axissecurity,https://job-boards.greenhouse.io/axissecurity,GreenHouse
217509,ayun,https://job-boards.greenhouse.io/ayun,GreenHouse
217510,azenia,https://job-boards.greenhouse.io/azenia,GreenHouse
217511,aztec,https://job-boards.greenhouse.io/aztec,GreenHouse
217512,babbel,https://job-boards.greenhouse.io/babbel,GreenHouse
217513,backlight,https://job-boards.greenhouse.io/backlight,GreenHouse
217514,ballotready,https://job-boards.greenhouse.io/ballotready,GreenHouse
217515,balto,https://ats.rippling.com/balto,rippling
217516,bam,https://job-boards.greenhouse.io/bam,GreenHouse
217517,banyansecurity,https://job-boards.greenhouse.io/banyansecurity,GreenHouse
217518,bardelentertainment,https://job-boards.greenhouse.io/bardelentertainment,GreenHouse
217519,barinthusbiotherapeutics,https://job-boards.greenhouse.io/barinthusbiotherapeutics,GreenHouse
217520,basehq,https://job-boards.greenhouse.io/basehq,GreenHouse
217521,basepowercompany,https://job-boards.greenhouse.io/basepowercompany,GreenHouse
217522,batonhealth,https://job-boards.greenhouse.io/batonhealth,GreenHouse
217523,baymeadows,https://job-boards.greenhouse.io/baymeadows,GreenHouse
217524,bcgdv,https://job-boards.greenhouse.io/bcgdv,GreenHouse
217525,bcgdvalumnireferrals,https://job-boards.greenhouse.io/bcgdvalumnireferrals,GreenHouse
217526,beam83,https://job-boards.greenhouse.io/beam83,GreenHouse
217527,beat,https://job-boards.greenhouse.io/beat,GreenHouse
217528,beautycounter,https://job-boards.greenhouse.io/beautycounter,GreenHouse
217529,beautypie,https://job-boards.greenhouse.io/beautypie,GreenHouse
217530,beekeeper,https://job-boards.greenhouse.io/beekeeper,GreenHouse
217531,beeshiringday,https://job-boards.greenhouse.io/beeshiringday,GreenHouse
217532,beeswax,https://job-boards.greenhouse.io/beeswax,GreenHouse
217533,beewise,https://job-boards.greenhouse.io/beewise,GreenHouse
217534,belonghome,https://job-boards.greenhouse.io/belonghome,GreenHouse
217535,benevity,https://job-boards.greenhouse.io/benevity,GreenHouse
217536,bensonhillinc,https://job-boards.greenhouse.io/bensonhillinc,GreenHouse
217537,bernie2020,https://job-boards.greenhouse.io/bernie2020,GreenHouse
217538,betterhealth,https://job-boards.greenhouse.io/betterhealth,GreenHouse
217539,betterindia,https://job-boards.greenhouse.io/betterindia,GreenHouse
217540,bettersleep,https://job-boards.greenhouse.io/bettersleep,GreenHouse
217541,bettervet,https://job-boards.greenhouse.io/bettervet,GreenHouse
217542,betterworks,https://job-boards.greenhouse.io/betterworks,GreenHouse
217543,bevy,https://job-boards.greenhouse.io/bevy,GreenHouse
217544,beyondidcareers,https://job-boards.greenhouse.io/beyondidcareers,GreenHouse
217545,beyondidtalentcommunity,https://job-boards.greenhouse.io/beyondidtalentcommunity,GreenHouse
217546,bfmateship,https://job-boards.greenhouse.io/bfmateship,GreenHouse
217547,bgbgroup,https://job-boards.greenhouse.io/bgbgroup,GreenHouse
217548,bhub,https://job-boards.greenhouse.io/bhub,GreenHouse
217549,bigbluemarbleacademy,https://job-boards.greenhouse.io/bigbluemarbleacademy,GreenHouse
217550,billfront,https://job-boards.greenhouse.io/billfront,GreenHouse
217551,biltrewards,https://job-boards.greenhouse.io/biltrewards,GreenHouse
217552,binanceus,https://job-boards.greenhouse.io/binanceus,GreenHouse
217553,biocaremedical,https://job-boards.greenhouse.io/biocaremedical,GreenHouse
217554,bitfarms,https://job-boards.greenhouse.io/bitfarms,GreenHouse
217555,bitfury,https://job-boards.greenhouse.io/bitfury,GreenHouse
217556,bitly46,https://job-boards.greenhouse.io/bitly46,GreenHouse
217557,bittrex,https://job-boards.greenhouse.io/bittrex,GreenHouse
217558,bjss,https://job-boards.greenhouse.io/bjss,GreenHouse
217559,bkcareers,https://job-boards.greenhouse.io/bkcareers,GreenHouse
217560,blackbill,https://job-boards.greenhouse.io/blackbill,GreenHouse
217561,blackbird,https://jobs.ashbyhq.com/blackbird-labs-inc,AshbyHQ
217562,blackswan,https://job-boards.greenhouse.io/blackswan,GreenHouse
217563,blade,https://job-boards.greenhouse.io/blade,GreenHouse
217564,blisspointmedia,https://job-boards.greenhouse.io/blisspointmedia,GreenHouse
217565,blisspointmediatinuiti,https://job-boards.greenhouse.io/blisspointmediatinuiti,GreenHouse
217566,blitzapp,https://job-boards.greenhouse.io/blitzapp,GreenHouse
217567,blockfi,https://job-boards.greenhouse.io/blockfi,GreenHouse
217568,blocpower,https://job-boards.greenhouse.io/blocpower,GreenHouse
217569,blokparty,https://job-boards.greenhouse.io/blokparty,GreenHouse
217570,bloombergassociates,https://job-boards.greenhouse.io/bloombergassociates,GreenHouse
217571,blueapron,https://job-boards.greenhouse.io/blueapron,GreenHouse
217572,bluebeam,https://job-boards.greenhouse.io/bluebeam,GreenHouse
217573,bluebirdbioinc,https://job-boards.greenhouse.io/bluebirdbioinc,GreenHouse
217574,bluegranite,https://job-boards.greenhouse.io/bluegranite,GreenHouse
217575,blueground,https://job-boards.greenhouse.io/blueground,GreenHouse
217576,blueoriginllc,https://job-boards.greenhouse.io/blueoriginllc,GreenHouse
217577,bmf,https://job-boards.greenhouse.io/bmf,GreenHouse
217578,boardable,https://job-boards.greenhouse.io/boardable,GreenHouse
217579,boatwright,https://job-boards.greenhouse.io/boatwright,GreenHouse
217580,bobsledinc,https://job-boards.greenhouse.io/bobsledinc,GreenHouse
217581,bolt,https://job-boards.greenhouse.io/bolt,GreenHouse
217582,bolt42,https://job-boards.greenhouse.io/bolt42,GreenHouse
217583,bombfell,https://job-boards.greenhouse.io/bombfell,GreenHouse
217584,bondbrothersinc,https://job-boards.greenhouse.io/bondbrothersinc,GreenHouse
217585,bondfinancialtechnologies,https://job-boards.greenhouse.io/bondfinancialtechnologies,GreenHouse
217586,bonobos,https://job-boards.greenhouse.io/bonobos,GreenHouse
217587,booker,https://job-boards.greenhouse.io/booker,GreenHouse
217588,boomsupersonic,https://job-boards.greenhouse.io/boomsupersonic,GreenHouse
217589,boostinc,https://job-boards.greenhouse.io/boostinc,GreenHouse
217590,bosonprotocol,https://job-boards.greenhouse.io/bosonprotocol,GreenHouse
217591,boundlessimmigration,https://job-boards.greenhouse.io/boundlessimmigration,GreenHouse
217592,boxedwholesale,https://job-boards.greenhouse.io/boxedwholesale,GreenHouse
217593,braintechnologies,https://job-boards.greenhouse.io/braintechnologies,GreenHouse
217594,braintree,https://job-boards.greenhouse.io/braintree,GreenHouse
217595,branch32,https://job-boards.greenhouse.io/branch32,GreenHouse
217596,breakthroughenergy38,https://job-boards.greenhouse.io/breakthroughenergy38,GreenHouse
217597,bridgekesandbox,https://job-boards.greenhouse.io/bridgekesandbox,GreenHouse
217598,bridgengsandbox,https://job-boards.greenhouse.io/bridgengsandbox,GreenHouse
217599,brightcove,https://job-boards.greenhouse.io/brightcove,GreenHouse
217600,brightflag,https://job-boards.greenhouse.io/brightflag,GreenHouse
217601,brighthealthgroup,https://job-boards.greenhouse.io/brighthealthgroup,GreenHouse
217602,brightinsight,https://job-boards.greenhouse.io/brightinsight,GreenHouse
217603,brookfieldproperties,https://job-boards.greenhouse.io/brookfieldproperties,GreenHouse
217604,bsr,https://ats.rippling.com/bsr,rippling
217605,btqfinancial,https://job-boards.greenhouse.io/btqfinancial,GreenHouse
217606,btsecondaryboard,https://job-boards.greenhouse.io/btsecondaryboard,GreenHouse
217607,buildarocketboy,https://job-boards.greenhouse.io/buildarocketboy,GreenHouse
217608,buildingindustrypartners,https://job-boards.greenhouse.io/buildingindustrypartners,GreenHouse
217609,buildxact,https://job-boards.greenhouse.io/buildxact,GreenHouse
217610,bulletfarm,https://job-boards.greenhouse.io/bulletfarm,GreenHouse
217611,bumble,https://jobs.lever.co/bumbleinc,LeverCO
217612,bursonglobal,https://job-boards.greenhouse.io/bursonglobal,GreenHouse
217613,buzzrx,https://job-boards.greenhouse.io/buzzrx,GreenHouse
217614,bva,https://job-boards.greenhouse.io/bva,GreenHouse
217615,bynderjobs,https://job-boards.greenhouse.io/bynderjobs,GreenHouse
217616,byrd,https://job-boards.greenhouse.io/byrd,GreenHouse
217617,cabinethealth,https://job-boards.greenhouse.io/cabinethealth,GreenHouse
217618,caffeine,https://job-boards.greenhouse.io/caffeine,GreenHouse
217619,cajalneuro,https://job-boards.greenhouse.io/cajalneuro,GreenHouse
217620,cakedefi,https://job-boards.greenhouse.io/cakedefi,GreenHouse
217621,calibrate,https://job-boards.greenhouse.io/calibrate,GreenHouse
217622,calibratecareers,https://job-boards.greenhouse.io/calibratecareers,GreenHouse
217623,caliva,https://job-boards.greenhouse.io/caliva,GreenHouse
217624,cambridgecourt,https://job-boards.greenhouse.io/cambridgecourt,GreenHouse
217625,caminofinancial,https://job-boards.greenhouse.io/caminofinancial,GreenHouse
217626,campusedu,https://job-boards.greenhouse.io/campusedu,GreenHouse
217627,campuswayfair,https://job-boards.greenhouse.io/campuswayfair,GreenHouse
217628,camundaservices,https://job-boards.greenhouse.io/camundaservices,GreenHouse
217629,canary,https://job-boards.greenhouse.io/canary,GreenHouse
217630,candy,https://job-boards.greenhouse.io/candy,GreenHouse
217631,cannalysislabs,https://job-boards.greenhouse.io/cannalysislabs,GreenHouse
217632,canonicaljobs,https://job-boards.greenhouse.io/canonicaljobs,GreenHouse
217633,canvasconstruction,https://job-boards.greenhouse.io/canvasconstruction,GreenHouse
217634,capraconsulting,https://job-boards.greenhouse.io/capraconsulting,GreenHouse
217635,capstack,https://job-boards.greenhouse.io/capstack,GreenHouse
217636,capstonedc,https://job-boards.greenhouse.io/capstonedc,GreenHouse
217637,capsulecares,https://job-boards.greenhouse.io/capsulecares,GreenHouse
217638,carbonbuiltemployment,https://job-boards.greenhouse.io/carbonbuiltemployment,GreenHouse
217639,cardinalcommerce,https://job-boards.greenhouse.io/cardinalcommerce,GreenHouse
217640,cardioone,https://job-boards.greenhouse.io/cardioone,GreenHouse
217641,carebridgehealth,https://job-boards.greenhouse.io/carebridgehealth,GreenHouse
217642,carecom,https://job-boards.greenhouse.io/carecom,GreenHouse
217643,careersatpeakenergy,https://job-boards.greenhouse.io/careersatpeakenergy,GreenHouse
217644,careersatwonder,https://job-boards.greenhouse.io/careersatwonder,GreenHouse
217645,careof,https://job-boards.greenhouse.io/careof,GreenHouse
217646,carerev,https://job-boards.greenhouse.io/carerev,GreenHouse
217647,carewell,https://job-boards.greenhouse.io/carewell,GreenHouse
217648,carmera,https://job-boards.greenhouse.io/carmera,GreenHouse
217649,carnegiescience,https://job-boards.greenhouse.io/carnegiescience,GreenHouse
217650,carrumhealth,https://job-boards.greenhouse.io/carrumhealth,GreenHouse
217651,carsandbids,https://job-boards.greenhouse.io/carsandbids,GreenHouse
217652,carsdotcom,https://job-boards.greenhouse.io/carsdotcom,GreenHouse
217653,cartodb,https://job-boards.greenhouse.io/cartodb,GreenHouse
217654,cascadedatalabs,https://job-boards.greenhouse.io/cascadedatalabs,GreenHouse
217655,casetext,https://job-boards.greenhouse.io/casetext,GreenHouse
217656,casper,https://job-boards.greenhouse.io/casper,GreenHouse
217657,casperretail,https://job-boards.greenhouse.io/casperretail,GreenHouse
217658,catalyst10,https://job-boards.greenhouse.io/catalyst10,GreenHouse
217659,catchco,https://job-boards.greenhouse.io/catchco,GreenHouse
217660,catchpoint,https://job-boards.greenhouse.io/catchpoint,GreenHouse
217661,cathexis,https://job-boards.greenhouse.io/cathexis,GreenHouse
217662,catperson,https://job-boards.greenhouse.io/catperson,GreenHouse
217663,cayabacare,https://job-boards.greenhouse.io/cayabacare,GreenHouse
217664,cazoo,https://job-boards.greenhouse.io/cazoo,GreenHouse
217665,cbcivil,https://job-boards.greenhouse.io/cbcivil,GreenHouse
217666,cbeyondata,https://job-boards.greenhouse.io/cbeyondata,GreenHouse
217667,cbreferral,https://job-boards.greenhouse.io/cbreferral,GreenHouse
217668,ccpublicboard,https://job-boards.greenhouse.io/ccpublicboard,GreenHouse
217669,ccscareers,https://job-boards.greenhouse.io/ccscareers,GreenHouse
217670,cdataindia,https://job-boards.greenhouse.io/cdataindia,GreenHouse
217671,cdatajapan,https://job-boards.greenhouse.io/cdatajapan,GreenHouse
217672,cdatasoftware,https://job-boards.greenhouse.io/cdatasoftware,GreenHouse
217673,cdpjobs,https://job-boards.greenhouse.io/cdpjobs,GreenHouse
217674,celestialai,https://job-boards.greenhouse.io/celestialai,GreenHouse
217675,celofoundation,https://job-boards.greenhouse.io/celofoundation,GreenHouse
217676,censia,https://job-boards.greenhouse.io/censia,GreenHouse
217677,centerforhumancompatibleartificialintelligence,https://job-boards.greenhouse.io/centerforhumancompatibleartificialintelligence,GreenHouse
217678,centerforreproductiverights,https://job-boards.greenhouse.io/centerforreproductiverights,GreenHouse
217679,cfoalliance,https://job-boards.greenhouse.io/cfoalliance,GreenHouse
217680,chai,https://job-boards.greenhouse.io/chai,GreenHouse
217681,chainsafesystems,https://job-boards.greenhouse.io/chainsafesystems,GreenHouse
217682,chaione,https://job-boards.greenhouse.io/chaione,GreenHouse
217683,chalkinc,https://job-boards.greenhouse.io/chalkinc,GreenHouse
217684,changedotorgsourcing,https://job-boards.greenhouse.io/changedotorgsourcing,GreenHouse
217685,changeorg58,https://job-boards.greenhouse.io/changeorg58,GreenHouse
217686,chanzuckerbergbiohubny,https://job-boards.greenhouse.io/chanzuckerbergbiohubny,GreenHouse
217687,charlesandlynnshustermanfamilyfoundation,https://job-boards.greenhouse.io/charlesandlynnshustermanfamilyfoundation,GreenHouse
217688,check,https://job-boards.greenhouse.io/check,GreenHouse
217689,chess-at-three-sg,https://job-boards.greenhouse.io/chess-at-three-sg,GreenHouse
217690,chessatthree,https://job-boards.greenhouse.io/chessatthree,GreenHouse
217691,chewielabs,https://job-boards.greenhouse.io/chewielabs,GreenHouse
217692,chewycom,https://job-boards.greenhouse.io/chewycom,GreenHouse
217693,chfp,https://job-boards.greenhouse.io/chfp,GreenHouse
217694,chopraglobal,https://job-boards.greenhouse.io/chopraglobal,GreenHouse
217695,chronicled,https://job-boards.greenhouse.io/chronicled,GreenHouse
217696,churchill,https://job-boards.greenhouse.io/churchill,GreenHouse
217697,cibolo,https://job-boards.greenhouse.io/cibolo,GreenHouse
217698,circlereferrals,https://job-boards.greenhouse.io/circlereferrals,GreenHouse
217699,ciscomeraki,https://job-boards.greenhouse.io/ciscomeraki,GreenHouse
217700,citystoragesystems,https://job-boards.greenhouse.io/citystoragesystems,GreenHouse
217701,civiceagleinternships,https://job-boards.greenhouse.io/civiceagleinternships,GreenHouse
217702,civitas,https://job-boards.greenhouse.io/civitas,GreenHouse
217703,clair,https://job-boards.greenhouse.io/clair,GreenHouse
217704,clarityclinic,https://job-boards.greenhouse.io/clarityclinic,GreenHouse
217705,clarityschools,https://job-boards.greenhouse.io/clarityschools,GreenHouse
217706,clark71,https://job-boards.greenhouse.io/clark71,GreenHouse
217707,clasptx,https://job-boards.greenhouse.io/clasptx,GreenHouse
217708,classicalcharterschools,https://job-boards.greenhouse.io/classicalcharterschools,GreenHouse
217709,classkick,https://job-boards.greenhouse.io/classkick,GreenHouse
217710,classy,https://job-boards.greenhouse.io/classy,GreenHouse
217711,clearballot,https://job-boards.greenhouse.io/clearballot,GreenHouse
217712,clearbanc,https://job-boards.greenhouse.io/clearbanc,GreenHouse
217713,clearcover,https://job-boards.greenhouse.io/clearcover,GreenHouse
217714,clearfork,https://job-boards.greenhouse.io/clearfork,GreenHouse
217715,cleartrace,https://job-boards.greenhouse.io/cleartrace,GreenHouse
217716,cleoai,https://job-boards.greenhouse.io/cleoai,GreenHouse
217717,clerkchat,https://job-boards.greenhouse.io/clerkchat,GreenHouse
217718,clevelandindiansbops,https://job-boards.greenhouse.io/clevelandindiansbops,GreenHouse
217719,clifbar15,https://job-boards.greenhouse.io/clifbar15,GreenHouse
217720,climatefinancesolutions,https://job-boards.greenhouse.io/climatefinancesolutions,GreenHouse
217721,climavision,https://job-boards.greenhouse.io/climavision,GreenHouse
217722,clipboardarchive,https://job-boards.greenhouse.io/clipboardarchive,GreenHouse
217723,clipboardhealth,https://job-boards.greenhouse.io/clipboardhealth,GreenHouse
217724,cloudagronomics,https://job-boards.greenhouse.io/cloudagronomics,GreenHouse
217725,cloudbees,https://job-boards.greenhouse.io/cloudbees,GreenHouse
217726,cloudcampaign,https://job-boards.greenhouse.io/cloudcampaign,GreenHouse
217727,cloudian,https://job-boards.greenhouse.io/cloudian,GreenHouse
217728,cloudops,https://job-boards.greenhouse.io/cloudops,GreenHouse
217729,clydegroup,https://job-boards.greenhouse.io/clydegroup,GreenHouse
217730,cmc,https://job-boards.greenhouse.io/cmc,GreenHouse
217731,cms,https://job-boards.greenhouse.io/cms,GreenHouse
217732,coactivesystems,https://job-boards.greenhouse.io/coactivesystems,GreenHouse
217733,coalitionforgreencapital,https://job-boards.greenhouse.io/coalitionforgreencapital,GreenHouse
217734,cocolab,https://job-boards.greenhouse.io/cocolab,GreenHouse
217735,codeforsciencesociety,https://job-boards.greenhouse.io/codeforsciencesociety,GreenHouse
217736,codesignal,https://job-boards.greenhouse.io/codesignal,GreenHouse
217737,codility,https://job-boards.greenhouse.io/codility,GreenHouse
217738,cohesityuniversityhiring,https://job-boards.greenhouse.io/cohesityuniversityhiring,GreenHouse
217739,coindesk,https://job-boards.greenhouse.io/coindesk,GreenHouse
217740,coinlist,https://job-boards.greenhouse.io/coinlist,GreenHouse
217741,coinmetrics,https://job-boards.greenhouse.io/coinmetrics,GreenHouse
217742,collaborativerobotics,https://job-boards.greenhouse.io/collaborativerobotics,GreenHouse
217743,collagecom,https://job-boards.greenhouse.io/collagecom,GreenHouse
217744,collectiveinc,https://job-boards.greenhouse.io/collectiveinc,GreenHouse
217745,collectiveretreats,https://job-boards.greenhouse.io/collectiveretreats,GreenHouse
217746,collectivfood,https://job-boards.greenhouse.io/collectivfood,GreenHouse
217747,collegevine,https://job-boards.greenhouse.io/collegevine,GreenHouse
217748,cologixinc,https://job-boards.greenhouse.io/cologixinc,GreenHouse
217749,columnsoftware,https://job-boards.greenhouse.io/columnsoftware,GreenHouse
217750,commercehub,https://job-boards.greenhouse.io/commercehub,GreenHouse
217751,common,https://job-boards.greenhouse.io/common,GreenHouse
217752,commonwealth,https://careers-commonwealth.icims.com/jobs,icims
217753,communitychange,https://job-boards.greenhouse.io/communitychange,GreenHouse
217754,comparablysandboxsandbox,https://job-boards.greenhouse.io/comparablysandboxsandbox,GreenHouse
217755,conceptarthouse,https://job-boards.greenhouse.io/conceptarthouse,GreenHouse
217756,condorcomputing,https://job-boards.greenhouse.io/condorcomputing,GreenHouse
217757,conductor,https://job-boards.greenhouse.io/conductor,GreenHouse
217758,connatix,https://job-boards.greenhouse.io/connatix,GreenHouse
217759,connectedanalyticsthankucash,https://job-boards.greenhouse.io/connectedanalyticsthankucash,GreenHouse
217760,connectedfitness,https://job-boards.greenhouse.io/connectedfitness,GreenHouse
217761,connecthomes,https://job-boards.greenhouse.io/connecthomes,GreenHouse
217762,connectngo,https://job-boards.greenhouse.io/connectngo,GreenHouse
217763,connectngofr,https://job-boards.greenhouse.io/connectngofr,GreenHouse
217764,connectrn,https://job-boards.greenhouse.io/connectrn,GreenHouse
217765,consensysremote,https://job-boards.greenhouse.io/consensysremote,GreenHouse
217766,constructsecure,https://job-boards.greenhouse.io/constructsecure,GreenHouse
217767,consumertrack,https://job-boards.greenhouse.io/consumertrack,GreenHouse
217768,convertkit,https://job-boards.greenhouse.io/convertkit,GreenHouse
217769,coolplanet,https://job-boards.greenhouse.io/coolplanet,GreenHouse
217770,copperleaf,https://job-boards.greenhouse.io/copperleaf,GreenHouse
217771,copysmith,https://job-boards.greenhouse.io/copysmith,GreenHouse
217772,cora,https://job-boards.greenhouse.io/cora,GreenHouse
217773,cordros,https://job-boards.greenhouse.io/cordros,GreenHouse
217774,corellium,https://job-boards.greenhouse.io/corellium,GreenHouse
217775,corrieluscardiology,https://job-boards.greenhouse.io/corrieluscardiology,GreenHouse
217776,cortexbuildingintelligence,https://job-boards.greenhouse.io/cortexbuildingintelligence,GreenHouse
217777,corvusinsurance,https://job-boards.greenhouse.io/corvusinsurance,GreenHouse
217778,cotap,https://job-boards.greenhouse.io/cotap,GreenHouse
217779,coursekey,https://job-boards.greenhouse.io/coursekey,GreenHouse
217780,covacareers,https://job-boards.greenhouse.io/covacareers,GreenHouse
217781,covetool,https://job-boards.greenhouse.io/covetool,GreenHouse
217782,covey,https://job-boards.greenhouse.io/covey,GreenHouse
217783,cowswap,https://job-boards.greenhouse.io/cowswap,GreenHouse
217784,coyuchi,https://job-boards.greenhouse.io/coyuchi,GreenHouse
217785,crafty,https://ats.rippling.com/crafty,rippling
217786,creatordao,https://job-boards.greenhouse.io/creatordao,GreenHouse
217787,creatorland,https://job-boards.greenhouse.io/creatorland,GreenHouse
217788,creditas,https://job-boards.greenhouse.io/creditas,GreenHouse
217789,creditasen,https://job-boards.greenhouse.io/creditasen,GreenHouse
217790,crigroup,https://job-boards.greenhouse.io/crigroup,GreenHouse
217791,crisistextline86,https://job-boards.greenhouse.io/crisistextline86,GreenHouse
217792,criticalideas,https://job-boards.greenhouse.io/criticalideas,GreenHouse
217793,crocscorporate,https://job-boards.greenhouse.io/crocscorporate,GreenHouse
217794,crossbordersolutions,https://job-boards.greenhouse.io/crossbordersolutions,GreenHouse
217795,crosschq,https://job-boards.greenhouse.io/crosschq,GreenHouse
217796,crossmint,https://job-boards.greenhouse.io/crossmint,GreenHouse
217797,crowdpharm,https://job-boards.greenhouse.io/crowdpharm,GreenHouse
217798,crowdtap,https://job-boards.greenhouse.io/crowdtap,GreenHouse
217799,crownpeak,https://job-boards.greenhouse.io/crownpeak,GreenHouse
217800,cruise,https://job-boards.greenhouse.io/cruise,GreenHouse
217801,cruiseuniversity,https://job-boards.greenhouse.io/cruiseuniversity,GreenHouse
217802,crunchbase,https://job-boards.greenhouse.io/crunchbase,GreenHouse
217803,csgconsultantsassistant-planner-full-time-hybrid,https://job-boards.greenhouse.io/csgconsultantsassistant-planner-full-time-hybrid,GreenHouse
217804,csgconsultantsassociate-environmental-planner-analyst-full-time-hybrid,https://job-boards.greenhouse.io/csgconsultantsassociate-environmental-planner-analyst-full-time-hybrid,GreenHouse
217805,csgconsultantsassociate-plan-check-engineer-full-time,https://job-boards.greenhouse.io/csgconsultantsassociate-plan-check-engineer-full-time,GreenHouse
217806,csgconsultantsassociate-planner,https://job-boards.greenhouse.io/csgconsultantsassociate-planner,GreenHouse
217807,csgconsultantsbuilding-inspector-i,https://job-boards.greenhouse.io/csgconsultantsbuilding-inspector-i,GreenHouse
217808,csgconsultantsbuilding-inspector-i-2,https://job-boards.greenhouse.io/csgconsultantsbuilding-inspector-i-2,GreenHouse
217809,csgconsultantsbuilding-inspector-ii-2,https://job-boards.greenhouse.io/csgconsultantsbuilding-inspector-ii-2,GreenHouse
217810,csgconsultantsbuilding-official-as-needed,https://job-boards.greenhouse.io/csgconsultantsbuilding-official-as-needed,GreenHouse
217811,csgconsultantscode-enforcement-officer-ii-1,https://job-boards.greenhouse.io/csgconsultantscode-enforcement-officer-ii-1,GreenHouse
217812,csgconsultantspermit-technician-full-time,https://job-boards.greenhouse.io/csgconsultantspermit-technician-full-time,GreenHouse
217813,csgconsultantsprincipal-plan-check-engineer,https://job-boards.greenhouse.io/csgconsultantsprincipal-plan-check-engineer,GreenHouse
217814,csgconsultantssenior-building-inspector-4,https://job-boards.greenhouse.io/csgconsultantssenior-building-inspector-4,GreenHouse
217815,csgconsultantssenior-construction-inspector,https://job-boards.greenhouse.io/csgconsultantssenior-construction-inspector,GreenHouse
217816,csgconsultantssenior-engineer,https://job-boards.greenhouse.io/csgconsultantssenior-engineer,GreenHouse
217817,csgconsultantssenior-environmental-planner-full-time-hybrid,https://job-boards.greenhouse.io/csgconsultantssenior-environmental-planner-full-time-hybrid,GreenHouse
217818,csgconsultantssenior-plan-check-engineer,https://job-boards.greenhouse.io/csgconsultantssenior-plan-check-engineer,GreenHouse
217819,csgconsultantssenior-planner-4,https://job-boards.greenhouse.io/csgconsultantssenior-planner-4,GreenHouse
217820,csgconsultantssenior-structural-engineer-2,https://job-boards.greenhouse.io/csgconsultantssenior-structural-engineer-2,GreenHouse
217821,cubeler,https://job-boards.greenhouse.io/cubeler,GreenHouse
217822,curalate,https://job-boards.greenhouse.io/curalate,GreenHouse
217823,curated,https://job-boards.greenhouse.io/curated,GreenHouse
217824,curativeinc,https://job-boards.greenhouse.io/curativeinc,GreenHouse
217825,curaytor,https://job-boards.greenhouse.io/curaytor,GreenHouse
217826,curebase,https://job-boards.greenhouse.io/curebase,GreenHouse
217827,curofinancialtechnologiescorporation,https://job-boards.greenhouse.io/curofinancialtechnologiescorporation,GreenHouse
217828,curology,https://job-boards.greenhouse.io/curology,GreenHouse
217829,curvehealth,https://job-boards.greenhouse.io/curvehealth,GreenHouse
217830,cvjc,https://job-boards.greenhouse.io/cvjc,GreenHouse
217831,cybergrx,https://job-boards.greenhouse.io/cybergrx,GreenHouse
217832,cybrary,https://job-boards.greenhouse.io/cybrary,GreenHouse
217833,czimaginginstitute,https://job-boards.greenhouse.io/czimaginginstitute,GreenHouse
217834,dailyharvest,https://job-boards.greenhouse.io/dailyharvest,GreenHouse
217835,dailypayinc,https://job-boards.greenhouse.io/dailypayinc,GreenHouse
217836,daisybill,https://job-boards.greenhouse.io/daisybill,GreenHouse
217837,dalbergdesign,https://job-boards.greenhouse.io/dalbergdesign,GreenHouse
217838,dandelionenergy,https://job-boards.greenhouse.io/dandelionenergy,GreenHouse
217839,dare,https://job-boards.greenhouse.io/dare,GreenHouse
217840,darkburncreative,https://job-boards.greenhouse.io/darkburncreative,GreenHouse
217841,darktracelimited,https://job-boards.greenhouse.io/darktracelimited,GreenHouse
217842,dashq,https://job-boards.greenhouse.io/dashq,GreenHouse
217843,databook,https://job-boards.greenhouse.io/databook,GreenHouse
217844,datamilkwebsite,https://job-boards.greenhouse.io/datamilkwebsite,GreenHouse
217845,datapeople,https://job-boards.greenhouse.io/datapeople,GreenHouse
217846,dataskrive,https://job-boards.greenhouse.io/dataskrive,GreenHouse
217847,datavirtuality,https://job-boards.greenhouse.io/datavirtuality,GreenHouse
217848,dataworld,https://job-boards.greenhouse.io/dataworld,GreenHouse
217849,datera,https://job-boards.greenhouse.io/datera,GreenHouse
217850,datto,https://job-boards.greenhouse.io/datto,GreenHouse
217851,dattojobs,https://job-boards.greenhouse.io/dattojobs,GreenHouse
217852,ddbhealthbarcelona,https://job-boards.greenhouse.io/ddbhealthbarcelona,GreenHouse
217853,ddbremedy,https://job-boards.greenhouse.io/ddbremedy,GreenHouse
217854,dealerinspire,https://job-boards.greenhouse.io/dealerinspire,GreenHouse
217855,deardoc,https://jobs.lever.co/getdeardoc,LeverCO
217856,decodable,https://job-boards.greenhouse.io/decodable,GreenHouse
217857,dedrone,https://job-boards.greenhouse.io/dedrone,GreenHouse
217858,deepscribe,https://job-boards.greenhouse.io/deepscribe,GreenHouse
217859,deepsource,https://job-boards.greenhouse.io/deepsource,GreenHouse
217860,defineamerican,https://job-boards.greenhouse.io/defineamerican,GreenHouse
217861,defmethod,https://job-boards.greenhouse.io/defmethod,GreenHouse
217862,deliverymuch,https://job-boards.greenhouse.io/deliverymuch,GreenHouse
217863,delos,https://job-boards.greenhouse.io/delos,GreenHouse
217864,denim,https://job-boards.greenhouse.io/denim,GreenHouse
217865,density,https://job-boards.greenhouse.io/density,GreenHouse
217866,dermavant20,https://job-boards.greenhouse.io/dermavant20,GreenHouse
217867,dermbiont,https://job-boards.greenhouse.io/dermbiont,GreenHouse
217868,designitnorthamerica,https://job-boards.greenhouse.io/designitnorthamerica,GreenHouse
217869,designmind,https://job-boards.greenhouse.io/designmind,GreenHouse
217870,designwithinreach,https://job-boards.greenhouse.io/designwithinreach,GreenHouse
217871,desktopmetal,https://job-boards.greenhouse.io/desktopmetal,GreenHouse
217872,deutschnewyork,https://job-boards.greenhouse.io/deutschnewyork,GreenHouse
217873,dexteritycapital,https://job-boards.greenhouse.io/dexteritycapital,GreenHouse
217874,dharma,https://job-boards.greenhouse.io/dharma,GreenHouse
217875,dhinternal,https://job-boards.greenhouse.io/dhinternal,GreenHouse
217876,diagram,https://job-boards.greenhouse.io/diagram,GreenHouse
217877,dialexa,https://job-boards.greenhouse.io/dialexa,GreenHouse
217878,dialoguehealthtechnologiesinc,https://job-boards.greenhouse.io/dialoguehealthtechnologiesinc,GreenHouse
217879,dialoguetechnologiesdelasanteinc,https://job-boards.greenhouse.io/dialoguetechnologiesdelasanteinc,GreenHouse
217880,diamondstatefinancialgroup,https://job-boards.greenhouse.io/diamondstatefinancialgroup,GreenHouse
217881,dice,https://job-boards.greenhouse.io/dice,GreenHouse
217882,digibeeinc,https://job-boards.greenhouse.io/digibeeinc,GreenHouse
217883,digitalasset,https://job-boards.greenhouse.io/digitalasset,GreenHouse
217884,digitalfemsa,https://job-boards.greenhouse.io/digitalfemsa,GreenHouse
217885,digitalonus,https://job-boards.greenhouse.io/digitalonus,GreenHouse
217886,digitaltrends,https://job-boards.greenhouse.io/digitaltrends,GreenHouse
217887,digitaltrendsfreelance,https://job-boards.greenhouse.io/digitaltrendsfreelance,GreenHouse
217888,dimensionalenergy1,https://job-boards.greenhouse.io/dimensionalenergy1,GreenHouse
217889,discoxyz,https://job-boards.greenhouse.io/discoxyz,GreenHouse
217890,disqus,https://job-boards.greenhouse.io/disqus,GreenHouse
217891,distran,https://distran.jobs.personio.com,personio
217892,distributional,https://job-boards.greenhouse.io/distributional,GreenHouse
217893,dittoliveincorporated,https://job-boards.greenhouse.io/dittoliveincorporated,GreenHouse
217894,dius,https://job-boards.greenhouse.io/dius,GreenHouse
217895,divvyhomes,https://job-boards.greenhouse.io/divvyhomes,GreenHouse
217896,dl1961,https://job-boards.greenhouse.io/dl1961,GreenHouse
217897,dmipartners,https://job-boards.greenhouse.io/dmipartners,GreenHouse
217898,dnli,https://job-boards.greenhouse.io/dnli,GreenHouse
217899,doccla,https://job-boards.greenhouse.io/doccla,GreenHouse
217900,dolly,https://job-boards.greenhouse.io/dolly,GreenHouse
217901,domainmoney,https://job-boards.greenhouse.io/domainmoney,GreenHouse
217902,domeyard,https://job-boards.greenhouse.io/domeyard,GreenHouse
217903,doordashhighvolume,https://job-boards.greenhouse.io/doordashhighvolume,GreenHouse
217904,dotcomtherapy,https://job-boards.greenhouse.io/dotcomtherapy,GreenHouse
217905,doxo,https://job-boards.greenhouse.io/doxo,GreenHouse
217906,doxocareers,https://job-boards.greenhouse.io/doxocareers,GreenHouse
217907,dragonflycapital,https://job-boards.greenhouse.io/dragonflycapital,GreenHouse
217908,dragonflytherapeutics,https://job-boards.greenhouse.io/dragonflytherapeutics,GreenHouse
217909,drayalliance,https://job-boards.greenhouse.io/drayalliance,GreenHouse
217910,drb,https://job-boards.greenhouse.io/drb,GreenHouse
217911,dreamboxlearning,https://job-boards.greenhouse.io/dreamboxlearning,GreenHouse
217912,dreamhack,https://job-boards.greenhouse.io/dreamhack,GreenHouse
217913,drift,https://job-boards.greenhouse.io/drift,GreenHouse
217914,drivesally,https://job-boards.greenhouse.io/drivesally,GreenHouse
217915,drop,https://job-boards.greenhouse.io/drop,GreenHouse
217916,dualityroboticsinc,https://job-boards.greenhouse.io/dualityroboticsinc,GreenHouse
217917,dub,https://ats.rippling.com/dub,rippling
217918,duckbilltechnologiesinc,https://job-boards.greenhouse.io/duckbilltechnologiesinc,GreenHouse
217919,dunamu,https://job-boards.greenhouse.io/dunamu,GreenHouse
217920,duos,https://job-boards.greenhouse.io/duos,GreenHouse
217921,dustyrobotics,https://job-boards.greenhouse.io/dustyrobotics,GreenHouse
217922,dwelo,https://job-boards.greenhouse.io/dwelo,GreenHouse
217923,dydx,https://job-boards.greenhouse.io/dydx,GreenHouse
217924,dynamotechnologies,https://job-boards.greenhouse.io/dynamotechnologies,GreenHouse
217925,eaf,https://job-boards.greenhouse.io/eaf,GreenHouse
217926,earlycareers,https://job-boards.greenhouse.io/earlycareers,GreenHouse
217927,earthshotlabs,https://job-boards.greenhouse.io/earthshotlabs,GreenHouse
217928,ease,https://job-boards.greenhouse.io/ease,GreenHouse
217929,easyllama,https://job-boards.greenhouse.io/easyllama,GreenHouse
217930,easypost,https://jobs.lever.co/easypost-2,LeverCO
217931,eatjustprotein,https://job-boards.greenhouse.io/eatjustprotein,GreenHouse
217932,echoai,https://job-boards.greenhouse.io/echoai,GreenHouse
217933,ecobee,https://job-boards.greenhouse.io/ecobee,GreenHouse
217934,ecobeeeb,https://job-boards.greenhouse.io/ecobeeeb,GreenHouse
217935,econetwork,https://job-boards.greenhouse.io/econetwork,GreenHouse
217936,ecore,https://job-boards.greenhouse.io/ecore,GreenHouse
217937,edgeandnode,https://job-boards.greenhouse.io/edgeandnode,GreenHouse
217938,edgile,https://job-boards.greenhouse.io/edgile,GreenHouse
217939,edmond,https://job-boards.greenhouse.io/edmond,GreenHouse
217940,educators,https://job-boards.greenhouse.io/educators,GreenHouse
217941,edx,https://job-boards.greenhouse.io/edx,GreenHouse
217942,eero,https://job-boards.greenhouse.io/eero,GreenHouse
217943,eigenlabs,https://job-boards.greenhouse.io/eigenlabs,GreenHouse
217944,eiger,https://job-boards.greenhouse.io/eiger,GreenHouse
217945,eigerjobs,https://job-boards.greenhouse.io/eigerjobs,GreenHouse
217946,eleanorhealth,https://job-boards.greenhouse.io/eleanorhealth,GreenHouse
217947,electriphi,https://job-boards.greenhouse.io/electriphi,GreenHouse
217948,elegen,https://job-boards.greenhouse.io/elegen,GreenHouse
217949,elementalexcelerator,https://job-boards.greenhouse.io/elementalexcelerator,GreenHouse
217950,elemy,https://job-boards.greenhouse.io/elemy,GreenHouse
217951,eleo,https://job-boards.greenhouse.io/eleo,GreenHouse
217952,elephantenergy,https://job-boards.greenhouse.io/elephantenergy,GreenHouse
217953,elevationcapital,https://job-boards.greenhouse.io/elevationcapital,GreenHouse
217954,elkcreek,https://job-boards.greenhouse.io/elkcreek,GreenHouse
217955,ellevest,https://job-boards.greenhouse.io/ellevest,GreenHouse
217956,elvahgmbh,https://job-boards.greenhouse.io/elvahgmbh,GreenHouse
217957,emerycellibrinckerhoffabadywardmaazelllp,https://job-boards.greenhouse.io/emerycellibrinckerhoffabadywardmaazelllp,GreenHouse
217958,emids,https://job-boards.greenhouse.io/emids,GreenHouse
217959,emotiveio,https://job-boards.greenhouse.io/emotiveio,GreenHouse
217960,emulate,https://job-boards.greenhouse.io/emulate,GreenHouse
217961,endpoint,https://job-boards.greenhouse.io/endpoint,GreenHouse
217962,endurance,https://job-boards.greenhouse.io/endurance,GreenHouse
217963,energicorelimited,https://job-boards.greenhouse.io/energicorelimited,GreenHouse
217964,energyfoundation,https://job-boards.greenhouse.io/energyfoundation,GreenHouse
217965,energywebfoundation,https://job-boards.greenhouse.io/energywebfoundation,GreenHouse
217966,engieenergyaccess,https://job-boards.greenhouse.io/engieenergyaccess,GreenHouse
217967,englishscore,https://job-boards.greenhouse.io/englishscore,GreenHouse
217968,ensembleai,https://job-boards.greenhouse.io/ensembleai,GreenHouse
217969,ensitefulinternalpositions,https://job-boards.greenhouse.io/ensitefulinternalpositions,GreenHouse
217970,envato,https://jobs.lever.co/envato-2,LeverCO
217971,envisionthearapyco,https://job-boards.greenhouse.io/envisionthearapyco,GreenHouse
217972,ephemeral,https://job-boards.greenhouse.io/ephemeral,GreenHouse
217973,epicsummerresearch,https://job-boards.greenhouse.io/epicsummerresearch,GreenHouse
217974,eql,https://job-boards.greenhouse.io/eql,GreenHouse
217975,equitymultiple,https://job-boards.greenhouse.io/equitymultiple,GreenHouse
217976,ericbuckleygetupsidegreenhouseio,https://job-boards.greenhouse.io/ericbuckleygetupsidegreenhouseio,GreenHouse
217977,erin,https://job-boards.greenhouse.io/erin,GreenHouse
217978,eurowingsdigital,https://job-boards.greenhouse.io/eurowingsdigital,GreenHouse
217979,eventstore,https://job-boards.greenhouse.io/eventstore,GreenHouse
217980,eventussystemsinc,https://job-boards.greenhouse.io/eventussystemsinc,GreenHouse
217981,everactive1,https://job-boards.greenhouse.io/everactive1,GreenHouse
217982,everbody,https://job-boards.greenhouse.io/everbody,GreenHouse
217983,everest,https://job-boards.greenhouse.io/everest,GreenHouse
217984,everisusainc,https://job-boards.greenhouse.io/everisusainc,GreenHouse
217985,everphone,https://job-boards.greenhouse.io/everphone,GreenHouse
217986,everylife,https://job-boards.greenhouse.io/everylife,GreenHouse
217987,evidation,https://ats.rippling.com/evidation,rippling
217988,evive,https://job-boards.greenhouse.io/evive,GreenHouse
217989,evmos,https://job-boards.greenhouse.io/evmos,GreenHouse
217990,evolutionparkingguestservices,https://job-boards.greenhouse.io/evolutionparkingguestservices,GreenHouse
217991,evolvtechnologies,https://job-boards.greenhouse.io/evolvtechnologies,GreenHouse
217992,execonline,https://job-boards.greenhouse.io/execonline,GreenHouse
217993,exfluency,https://job-boards.greenhouse.io/exfluency,GreenHouse
217994,exo,https://job-boards.greenhouse.io/exo,GreenHouse
217995,expanse,https://job-boards.greenhouse.io/expanse,GreenHouse
217996,explo,https://job-boards.greenhouse.io/explo,GreenHouse
217997,extra,https://job-boards.greenhouse.io/extra,GreenHouse
217998,eyecarepartners,https://job-boards.greenhouse.io/eyecarepartners,GreenHouse
217999,fabfitfun,https://job-boards.greenhouse.io/fabfitfun,GreenHouse
218000,factoryberlin,https://job-boards.greenhouse.io/factoryberlin,GreenHouse
218001,fantasticpixelcastle,https://job-boards.greenhouse.io/fantasticpixelcastle,GreenHouse
218002,farasisenergy,https://job-boards.greenhouse.io/farasisenergy,GreenHouse
218003,farmersbusinessnetwork,https://job-boards.greenhouse.io/farmersbusinessnetwork,GreenHouse
218004,farmstead,https://job-boards.greenhouse.io/farmstead,GreenHouse
218005,fazz,https://job-boards.greenhouse.io/fazz,GreenHouse
218006,fearless,https://job-boards.greenhouse.io/fearless,GreenHouse
218007,featuredjobs,https://job-boards.greenhouse.io/featuredjobs,GreenHouse
218008,featurespace,https://job-boards.greenhouse.io/featurespace,GreenHouse
218009,feedbackloop,https://job-boards.greenhouse.io/feedbackloop,GreenHouse
218010,fenixinternational,https://job-boards.greenhouse.io/fenixinternational,GreenHouse
218011,fetchrewards,https://job-boards.greenhouse.io/fetchrewards,GreenHouse
218012,fifthgaittechnologies,https://job-boards.greenhouse.io/fifthgaittechnologies,GreenHouse
218013,figuremarketsinc,https://job-boards.greenhouse.io/figuremarketsinc,GreenHouse
218014,fincent,https://job-boards.greenhouse.io/fincent,GreenHouse
218015,findanomaly,https://job-boards.greenhouse.io/findanomaly,GreenHouse
218016,finfare,https://job-boards.greenhouse.io/finfare,GreenHouse
218017,fingerprintjs,https://job-boards.greenhouse.io/fingerprintjs,GreenHouse
218018,firehydrant,https://job-boards.greenhouse.io/firehydrant,GreenHouse
218019,firewalk,https://job-boards.greenhouse.io/firewalk,GreenHouse
218020,fireworkcareers,https://job-boards.greenhouse.io/fireworkcareers,GreenHouse
218021,firstkeyhomes,https://job-boards.greenhouse.io/firstkeyhomes,GreenHouse
218022,firstlook,https://job-boards.greenhouse.io/firstlook,GreenHouse
218023,firstlookmedia,https://job-boards.greenhouse.io/firstlookmedia,GreenHouse
218024,firstresonance,https://job-boards.greenhouse.io/firstresonance,GreenHouse
218025,flashbots,https://jobs.ashbyhq.com/flashbots.net,AshbyHQ
218026,flashpoint,https://job-boards.greenhouse.io/flashpoint,GreenHouse
218027,flatfileio,https://job-boards.greenhouse.io/flatfileio,GreenHouse
218028,flickrorg,https://job-boards.greenhouse.io/flickrorg,GreenHouse
218029,flightright,https://job-boards.greenhouse.io/flightright,GreenHouse
218030,flockfreight,https://job-boards.greenhouse.io/flockfreight,GreenHouse
218031,floodbase,https://job-boards.greenhouse.io/floodbase,GreenHouse
218032,floornfts,https://job-boards.greenhouse.io/floornfts,GreenHouse
218033,flowforge,https://job-boards.greenhouse.io/flowforge,GreenHouse
218034,floyd,https://job-boards.greenhouse.io/floyd,GreenHouse
218035,flybyrobotics,https://job-boards.greenhouse.io/flybyrobotics,GreenHouse
218036,flyhomes,https://job-boards.greenhouse.io/flyhomes,GreenHouse
218037,flyinghorse,https://job-boards.greenhouse.io/flyinghorse,GreenHouse
218038,focusedlabs,https://job-boards.greenhouse.io/focusedlabs,GreenHouse
218039,fogpharma,https://job-boards.greenhouse.io/fogpharma,GreenHouse
218040,followupboss,https://job-boards.greenhouse.io/followupboss,GreenHouse
218041,foodcorps,https://job-boards.greenhouse.io/foodcorps,GreenHouse
218042,foodpandabangladesh,https://job-boards.greenhouse.io/foodpandabangladesh,GreenHouse
218043,foodpandahongkong,https://job-boards.greenhouse.io/foodpandahongkong,GreenHouse
218044,foodpandapakistan,https://job-boards.greenhouse.io/foodpandapakistan,GreenHouse
218045,foodpandaphilippines,https://job-boards.greenhouse.io/foodpandaphilippines,GreenHouse
218046,foodpandasingapore,https://job-boards.greenhouse.io/foodpandasingapore,GreenHouse
218047,foodspring,https://job-boards.greenhouse.io/foodspring,GreenHouse
218048,forage,https://job-boards.greenhouse.io/forage,GreenHouse
218049,forallsecure,https://job-boards.greenhouse.io/forallsecure,GreenHouse
218050,forerunner,https://job-boards.greenhouse.io/forerunner,GreenHouse
218051,forgerock,https://job-boards.greenhouse.io/forgerock,GreenHouse
218052,formatservices,https://job-boards.greenhouse.io/formatservices,GreenHouse
218053,formidable,https://job-boards.greenhouse.io/formidable,GreenHouse
218054,fortbend,https://job-boards.greenhouse.io/fortbend,GreenHouse
218055,fortunafi,https://job-boards.greenhouse.io/fortunafi,GreenHouse
218056,fortune,https://job-boards.greenhouse.io/fortune,GreenHouse
218057,forwardfinancing,https://job-boards.greenhouse.io/forwardfinancing,GreenHouse
218058,foundationforahealthystpetersburg,https://job-boards.greenhouse.io/foundationforahealthystpetersburg,GreenHouse
218059,foundersintelligence,https://job-boards.greenhouse.io/foundersintelligence,GreenHouse
218060,foundrytechnologiesinc,https://job-boards.greenhouse.io/foundrytechnologiesinc,GreenHouse
218061,fountain,https://job-boards.greenhouse.io/fountain,GreenHouse
218062,fountain-mx,https://job-boards.greenhouse.io/fountain-mx,GreenHouse
218063,foursight,https://job-boards.greenhouse.io/foursight,GreenHouse
218064,foursquare26,https://job-boards.greenhouse.io/foursquare26,GreenHouse
218065,foxrobotics,https://job-boards.greenhouse.io/foxrobotics,GreenHouse
218066,fractalai,https://job-boards.greenhouse.io/fractalai,GreenHouse
218067,frankieone,https://job-boards.greenhouse.io/frankieone,GreenHouse
218068,franklincovey,https://job-boards.greenhouse.io/franklincovey,GreenHouse
218069,freedamedia,https://job-boards.greenhouse.io/freedamedia,GreenHouse
218070,freedomofthepressfoundation,https://job-boards.greenhouse.io/freedomofthepressfoundation,GreenHouse
218071,freewill,https://job-boards.greenhouse.io/freewill,GreenHouse
218072,frequenceinc,https://job-boards.greenhouse.io/frequenceinc,GreenHouse
218073,freshbooks,https://job-boards.greenhouse.io/freshbooks,GreenHouse
218074,freshrealm,https://job-boards.greenhouse.io/freshrealm,GreenHouse
218075,frgjobs,https://job-boards.greenhouse.io/frgjobs,GreenHouse
218076,frieda,https://frieda-health.jobs.personio.de,personio
218077,friendbuy,https://job-boards.greenhouse.io/friendbuy,GreenHouse
218078,friendsurance,https://job-boards.greenhouse.io/friendsurance,GreenHouse
218079,frontrunner,https://job-boards.greenhouse.io/frontrunner,GreenHouse
218080,fruition,https://job-boards.greenhouse.io/fruition,GreenHouse
218081,ftgoldenwolf,https://job-boards.greenhouse.io/ftgoldenwolf,GreenHouse
218082,funinc,https://job-boards.greenhouse.io/funinc,GreenHouse
218083,futronics,https://job-boards.greenhouse.io/futronics,GreenHouse
218084,futurewise,https://job-boards.greenhouse.io/futurewise,GreenHouse
218085,fyllo,https://job-boards.greenhouse.io/fyllo,GreenHouse
218086,g2crowd,https://job-boards.greenhouse.io/g2crowd,GreenHouse
218087,gabbwirelessinc,https://job-boards.greenhouse.io/gabbwirelessinc,GreenHouse
218088,gafg,https://job-boards.greenhouse.io/gafg,GreenHouse
218089,gainful,https://job-boards.greenhouse.io/gainful,GreenHouse
218090,gainternships,https://job-boards.greenhouse.io/gainternships,GreenHouse
218091,galagames,https://job-boards.greenhouse.io/galagames,GreenHouse
218092,galileoai,https://job-boards.greenhouse.io/galileoai,GreenHouse
218093,galy,https://job-boards.greenhouse.io/galy,GreenHouse
218094,gamedevsofcolor,https://job-boards.greenhouse.io/gamedevsofcolor,GreenHouse
218095,gamelight,https://job-boards.greenhouse.io/gamelight,GreenHouse
218096,gamesys,https://job-boards.greenhouse.io/gamesys,GreenHouse
218097,gameto,https://job-boards.greenhouse.io/gameto,GreenHouse
218098,garnerhealthconfidential,https://job-boards.greenhouse.io/garnerhealthconfidential,GreenHouse
218099,gatewayfm,https://job-boards.greenhouse.io/gatewayfm,GreenHouse
218100,gathertown,https://job-boards.greenhouse.io/gathertown,GreenHouse
218101,geekhivejobs,https://job-boards.greenhouse.io/geekhivejobs,GreenHouse
218102,gelato,https://job-boards.greenhouse.io/gelato,GreenHouse
218103,geminitherapeutics,https://job-boards.greenhouse.io/geminitherapeutics,GreenHouse
218104,generalcatalystpartners,https://job-boards.greenhouse.io/generalcatalystpartners,GreenHouse
218105,generatecapital,https://job-boards.greenhouse.io/generatecapital,GreenHouse
218106,geneva,https://job-boards.greenhouse.io/geneva,GreenHouse
218107,genies,https://job-boards.greenhouse.io/genies,GreenHouse
218108,genpopinteractiveinc,https://job-boards.greenhouse.io/genpopinteractiveinc,GreenHouse
218109,geocaching,https://job-boards.greenhouse.io/geocaching,GreenHouse
218110,getduos,https://job-boards.greenhouse.io/getduos,GreenHouse
218111,getepic,https://job-boards.greenhouse.io/getepic,GreenHouse
218112,getprospa,https://job-boards.greenhouse.io/getprospa,GreenHouse
218113,getro,https://job-boards.greenhouse.io/getro,GreenHouse
218114,getsafe,https://getsafe.jobs.personio.com,personio
218115,ghd,https://job-boards.greenhouse.io/ghd,GreenHouse
218116,ghostautonomy,https://job-boards.greenhouse.io/ghostautonomy,GreenHouse
218117,ghostsecurity,https://job-boards.greenhouse.io/ghostsecurity,GreenHouse
218118,giantprotocol,https://job-boards.greenhouse.io/giantprotocol,GreenHouse
218119,gic,https://job-boards.greenhouse.io/gic,GreenHouse
218120,gigster,https://job-boards.greenhouse.io/gigster,GreenHouse
218121,gimletmedia,https://job-boards.greenhouse.io/gimletmedia,GreenHouse
218122,ginger,https://job-boards.greenhouse.io/ginger,GreenHouse
218123,giphy,https://job-boards.greenhouse.io/giphy,GreenHouse
218124,glaciergrid,https://job-boards.greenhouse.io/glaciergrid,GreenHouse
218125,glia,https://jobs.ashbyhq.com/glia,AshbyHQ
218126,glidepathventuresllcdbaprospect14,https://job-boards.greenhouse.io/glidepathventuresllcdbaprospect14,GreenHouse
218127,globalhealthlabs,https://job-boards.greenhouse.io/globalhealthlabs,GreenHouse
218128,globalincomecoin,https://job-boards.greenhouse.io/globalincomecoin,GreenHouse
218129,globalteletherapyjobs,https://job-boards.greenhouse.io/globalteletherapyjobs,GreenHouse
218130,globalworldwide,https://job-boards.greenhouse.io/globalworldwide,GreenHouse
218131,glowbar,https://job-boards.greenhouse.io/glowbar,GreenHouse
218132,gluo,https://job-boards.greenhouse.io/gluo,GreenHouse
218133,gluwa,https://job-boards.greenhouse.io/gluwa,GreenHouse
218134,gmedna,https://job-boards.greenhouse.io/gmedna,GreenHouse
218135,gnosis,https://gnosis.jobs.personio.com,personio
218136,goclio,https://job-boards.greenhouse.io/goclio,GreenHouse
218137,gofoundation,https://job-boards.greenhouse.io/gofoundation,GreenHouse
218138,gohealth,https://job-boards.greenhouse.io/gohealth,GreenHouse
218139,goldbelly,https://job-boards.greenhouse.io/goldbelly,GreenHouse
218140,goldflora,https://job-boards.greenhouse.io/goldflora,GreenHouse
218141,gomedia,https://job-boards.greenhouse.io/gomedia,GreenHouse
218142,gonimbly,https://job-boards.greenhouse.io/gonimbly,GreenHouse
218143,goodfeet,https://job-boards.greenhouse.io/goodfeet,GreenHouse
218144,goodworker,https://job-boards.greenhouse.io/goodworker,GreenHouse
218145,goodworldwide,https://job-boards.greenhouse.io/goodworldwide,GreenHouse
218146,govos,https://job-boards.greenhouse.io/govos,GreenHouse
218147,govport,https://job-boards.greenhouse.io/govport,GreenHouse
218148,grabango,https://job-boards.greenhouse.io/grabango,GreenHouse
218149,gradientlearning,https://job-boards.greenhouse.io/gradientlearning,GreenHouse
218150,graft,https://job-boards.greenhouse.io/graft,GreenHouse
218151,grammarly,https://job-boards.greenhouse.io/grammarly,GreenHouse
218152,grandofprospect,https://job-boards.greenhouse.io/grandofprospect,GreenHouse
218153,granular,https://job-boards.greenhouse.io/granular,GreenHouse
218154,grassrootsvoteroutreach,https://job-boards.greenhouse.io/grassrootsvoteroutreach,GreenHouse
218155,gratadata,https://job-boards.greenhouse.io/gratadata,GreenHouse
218156,gravitypayments,https://job-boards.greenhouse.io/gravitypayments,GreenHouse
218157,grayling,https://job-boards.greenhouse.io/grayling,GreenHouse
218158,graymatterrobotics,https://job-boards.greenhouse.io/graymatterrobotics,GreenHouse
218159,grayscalable,https://job-boards.greenhouse.io/grayscalable,GreenHouse
218160,greatist,https://job-boards.greenhouse.io/greatist,GreenHouse
218161,greenlightbiosciences,https://job-boards.greenhouse.io/greenlightbiosciences,GreenHouse
218162,gregarious,https://job-boards.greenhouse.io/gregarious,GreenHouse
218163,grindr,https://job-boards.greenhouse.io/grindr,GreenHouse
218164,gro,https://job-boards.greenhouse.io/gro,GreenHouse
218165,groove,https://job-boards.greenhouse.io/groove,GreenHouse
218166,groq,https://job-boards.greenhouse.io/groq,GreenHouse
218167,groundtruth,https://job-boards.greenhouse.io/groundtruth,GreenHouse
218168,groupblack,https://job-boards.greenhouse.io/groupblack,GreenHouse
218169,groupninemedia,https://job-boards.greenhouse.io/groupninemedia,GreenHouse
218170,growflow,https://job-boards.greenhouse.io/growflow,GreenHouse
218171,guayaki,https://job-boards.greenhouse.io/guayaki,GreenHouse
218172,guerrilla,https://job-boards.greenhouse.io/guerrilla,GreenHouse
218173,guestready,https://job-boards.greenhouse.io/guestready,GreenHouse
218174,guideline,https://job-boards.greenhouse.io/guideline,GreenHouse
218175,guidepostchicagoland,https://job-boards.greenhouse.io/guidepostchicagoland,GreenHouse
218176,guildeducation,https://job-boards.greenhouse.io/guildeducation,GreenHouse
218177,gunner,https://job-boards.greenhouse.io/gunner,GreenHouse
218178,guru,https://job-boards.greenhouse.io/guru,GreenHouse
218179,halodotscience,https://job-boards.greenhouse.io/halodotscience,GreenHouse
218180,hammerhead,https://job-boards.greenhouse.io/hammerhead,GreenHouse
218181,hamptons,https://job-boards.greenhouse.io/hamptons,GreenHouse
218182,handled,https://job-boards.greenhouse.io/handled,GreenHouse
218183,happifyhealth,https://job-boards.greenhouse.io/happifyhealth,GreenHouse
218184,harperdbinc,https://job-boards.greenhouse.io/harperdbinc,GreenHouse
218185,harrysinc,https://job-boards.greenhouse.io/harrysinc,GreenHouse
218186,hashicorp,https://job-boards.greenhouse.io/hashicorp,GreenHouse
218187,havenly,https://job-boards.greenhouse.io/havenly,GreenHouse
218188,hazeltechnologies,https://job-boards.greenhouse.io/hazeltechnologies,GreenHouse
218189,hc1,https://job-boards.greenhouse.io/hc1,GreenHouse
218190,hcss,https://job-boards.greenhouse.io/hcss,GreenHouse
218191,hctechnologies,https://job-boards.greenhouse.io/hctechnologies,GreenHouse
218192,headborneai-gmbh,https://job-boards.greenhouse.io/headborneai-gmbh,GreenHouse
218193,healthfidelity,https://job-boards.greenhouse.io/healthfidelity,GreenHouse
218194,healthgorilla,https://job-boards.greenhouse.io/healthgorilla,GreenHouse
218195,healthgrades,https://job-boards.greenhouse.io/healthgrades,GreenHouse
218196,healthie,https://job-boards.greenhouse.io/healthie,GreenHouse
218197,healthnote,https://job-boards.greenhouse.io/healthnote,GreenHouse
218198,healthrehabsolutions,https://job-boards.greenhouse.io/healthrehabsolutions,GreenHouse
218199,heap,https://job-boards.greenhouse.io/heap,GreenHouse
218200,heartex,https://job-boards.greenhouse.io/heartex,GreenHouse
218201,heartsoilsupplements,https://job-boards.greenhouse.io/heartsoilsupplements,GreenHouse
218202,hebbia,https://job-boards.greenhouse.io/hebbia,GreenHouse
218203,hefreelancenetwork,https://job-boards.greenhouse.io/hefreelancenetwork,GreenHouse
218204,heir,https://job-boards.greenhouse.io/heir,GreenHouse
218205,helainainc,https://job-boards.greenhouse.io/helainainc,GreenHouse
218206,helionenergy,https://jobs.ashbyhq.com/helion,AshbyHQ
218207,helionenergycontractors,https://job-boards.greenhouse.io/helionenergycontractors,GreenHouse
218208,helionenergyinternship,https://job-boards.greenhouse.io/helionenergyinternship,GreenHouse
218209,heliosservicepartners,https://job-boards.greenhouse.io/heliosservicepartners,GreenHouse
218210,helix,https://job-boards.greenhouse.io/helix,GreenHouse
218211,helloalfred,https://job-boards.greenhouse.io/helloalfred,GreenHouse
218212,hellosign,https://job-boards.greenhouse.io/hellosign,GreenHouse
218213,helloskylight,https://job-boards.greenhouse.io/helloskylight,GreenHouse
218214,helmai,https://job-boards.greenhouse.io/helmai,GreenHouse
218215,helmpointsolutions,https://job-boards.greenhouse.io/helmpointsolutions,GreenHouse
218216,hidden,https://job-boards.greenhouse.io/hidden,GreenHouse
218217,highergroundeducation,https://job-boards.greenhouse.io/highergroundeducation,GreenHouse
218218,highfi,https://job-boards.greenhouse.io/highfi,GreenHouse
218219,hightower,https://job-boards.greenhouse.io/hightower,GreenHouse
218220,hilabs,https://job-boards.greenhouse.io/hilabs,GreenHouse
218221,hillaryforamerica,https://job-boards.greenhouse.io/hillaryforamerica,GreenHouse
218222,himshers,https://job-boards.greenhouse.io/himshers,GreenHouse
218223,hired,https://job-boards.greenhouse.io/hired,GreenHouse
218224,hispanicaccessfoundation,https://job-boards.greenhouse.io/hispanicaccessfoundation,GreenHouse
218225,hitachidigitalservices,https://job-boards.greenhouse.io/hitachidigitalservices,GreenHouse
218226,hitachivantaracorporation,https://job-boards.greenhouse.io/hitachivantaracorporation,GreenHouse
218227,hitostudios,https://job-boards.greenhouse.io/hitostudios,GreenHouse
218228,hofy,https://job-boards.greenhouse.io/hofy,GreenHouse
218229,hollywoodparksofistadium,https://job-boards.greenhouse.io/hollywoodparksofistadium,GreenHouse
218230,homeadvisorangieslist,https://job-boards.greenhouse.io/homeadvisorangieslist,GreenHouse
218231,homebaseopenpositions,https://job-boards.greenhouse.io/homebaseopenpositions,GreenHouse
218232,homefielditakamanhattantechsupportcom,https://job-boards.greenhouse.io/homefielditakamanhattantechsupportcom,GreenHouse
218233,homeoffice,https://job-boards.greenhouse.io/homeoffice,GreenHouse
218234,homesteadstudio,https://job-boards.greenhouse.io/homesteadstudio,GreenHouse
218235,hometogo,https://hometogo.jobs.personio.com,personio
218236,honestmedicalgroup,https://job-boards.greenhouse.io/honestmedicalgroup,GreenHouse
218237,honey,https://job-boards.greenhouse.io/honey,GreenHouse
218238,honeybook,https://job-boards.greenhouse.io/honeybook,GreenHouse
218239,honeylove,https://job-boards.greenhouse.io/honeylove,GreenHouse
218240,hooglandslandscape,https://job-boards.greenhouse.io/hooglandslandscape,GreenHouse
218241,hopin,https://job-boards.greenhouse.io/hopin,GreenHouse
218242,hopscotchhealth,https://job-boards.greenhouse.io/hopscotchhealth,GreenHouse
218243,horizon3,https://jobs.ashbyhq.com/horizon3ai,AshbyHQ
218244,horizons,https://job-boards.greenhouse.io/horizons,GreenHouse
218245,hotelengine,https://job-boards.greenhouse.io/hotelengine,GreenHouse
218246,hotelenginereferrals,https://job-boards.greenhouse.io/hotelenginereferrals,GreenHouse
218247,hotjar,https://job-boards.greenhouse.io/hotjar,GreenHouse
218248,hotwireau,https://job-boards.greenhouse.io/hotwireau,GreenHouse
218249,hotwirede,https://job-boards.greenhouse.io/hotwirede,GreenHouse
218250,hotwirees,https://job-boards.greenhouse.io/hotwirees,GreenHouse
218251,hotwireit,https://job-boards.greenhouse.io/hotwireit,GreenHouse
218252,hotwireprus,https://job-boards.greenhouse.io/hotwireprus,GreenHouse
218253,howeinc,https://job-boards.greenhouse.io/howeinc,GreenHouse
218254,howl,https://job-boards.greenhouse.io/howl,GreenHouse
218255,hqdigital,https://job-boards.greenhouse.io/hqdigital,GreenHouse
218256,huddle01,https://job-boards.greenhouse.io/huddle01,GreenHouse
218257,hudsonmx,https://job-boards.greenhouse.io/hudsonmx,GreenHouse
218258,humanconditionsafety,https://job-boards.greenhouse.io/humanconditionsafety,GreenHouse
218259,humane,https://job-boards.greenhouse.io/humane,GreenHouse
218260,humu,https://job-boards.greenhouse.io/humu,GreenHouse
218261,huspy,https://job-boards.greenhouse.io/huspy,GreenHouse
218262,hutsoninc,https://job-boards.greenhouse.io/hutsoninc,GreenHouse
218263,hwco,https://job-boards.greenhouse.io/hwco,GreenHouse
218264,hwl,https://job-boards.greenhouse.io/hwl,GreenHouse
218265,hwp,https://job-boards.greenhouse.io/hwp,GreenHouse
218266,hypergiant,https://job-boards.greenhouse.io/hypergiant,GreenHouse
218267,hyperiondev,https://job-boards.greenhouse.io/hyperiondev,GreenHouse
218268,hyperlooptechnologies,https://job-boards.greenhouse.io/hyperlooptechnologies,GreenHouse
218269,hypixelstudios,https://job-boards.greenhouse.io/hypixelstudios,GreenHouse
218270,hyundaiuam,https://job-boards.greenhouse.io/hyundaiuam,GreenHouse
218271,iedigital,https://job-boards.greenhouse.io/iedigital,GreenHouse
218272,iguazio,https://job-boards.greenhouse.io/iguazio,GreenHouse
218273,ihiterrasun,https://job-boards.greenhouse.io/ihiterrasun,GreenHouse
218274,iinktech,https://job-boards.greenhouse.io/iinktech,GreenHouse
218275,ilabsinnovationlabsinc,https://job-boards.greenhouse.io/ilabsinnovationlabsinc,GreenHouse
218276,imagendarystudios,https://job-boards.greenhouse.io/imagendarystudios,GreenHouse
218277,imagentechnologies,https://job-boards.greenhouse.io/imagentechnologies,GreenHouse
218278,immpactbio,https://job-boards.greenhouse.io/immpactbio,GreenHouse
218279,immunai,https://job-boards.greenhouse.io/immunai,GreenHouse
218280,impossiblefoods,https://job-boards.greenhouse.io/impossiblefoods,GreenHouse
218281,inariagriculture,https://job-boards.greenhouse.io/inariagriculture,GreenHouse
218282,incubator,https://job-boards.greenhouse.io/incubator,GreenHouse
218283,indevets,https://job-boards.greenhouse.io/indevets,GreenHouse
218284,indexexchange,https://job-boards.greenhouse.io/indexexchange,GreenHouse
218285,infarm,https://job-boards.greenhouse.io/infarm,GreenHouse
218286,infinitecommerce,https://job-boards.greenhouse.io/infinitecommerce,GreenHouse
218287,infinitereality,https://job-boards.greenhouse.io/infinitereality,GreenHouse
218288,influential,https://job-boards.greenhouse.io/influential,GreenHouse
218289,influxdb,https://job-boards.greenhouse.io/influxdb,GreenHouse
218290,infusemedia,https://job-boards.greenhouse.io/infusemedia,GreenHouse
218291,infuseukraine,https://job-boards.greenhouse.io/infuseukraine,GreenHouse
218292,ingenuitystudios,https://job-boards.greenhouse.io/ingenuitystudios,GreenHouse
218293,initialtherapeutics,https://job-boards.greenhouse.io/initialtherapeutics,GreenHouse
218294,inkling,https://job-boards.greenhouse.io/inkling,GreenHouse
218295,innovaccer,https://job-boards.greenhouse.io/innovaccer,GreenHouse
218296,innovatel,https://job-boards.greenhouse.io/innovatel,GreenHouse
218297,innovusion,https://job-boards.greenhouse.io/innovusion,GreenHouse
218298,insideviewin,https://job-boards.greenhouse.io/insideviewin,GreenHouse
218299,insightec,https://job-boards.greenhouse.io/insightec,GreenHouse
218300,insightly,https://job-boards.greenhouse.io/insightly,GreenHouse
218301,insightmediagroupllc,https://job-boards.greenhouse.io/insightmediagroupllc,GreenHouse
218302,instnt,https://job-boards.greenhouse.io/instnt,GreenHouse
218303,insureyourfuturega,https://job-boards.greenhouse.io/insureyourfuturega,GreenHouse
218304,integraladscience,https://job-boards.greenhouse.io/integraladscience,GreenHouse
218305,integralneuro,https://job-boards.greenhouse.io/integralneuro,GreenHouse
218306,integrateai,https://job-boards.greenhouse.io/integrateai,GreenHouse
218307,integrityinstitute,https://job-boards.greenhouse.io/integrityinstitute,GreenHouse
218308,intelextechnologies,https://job-boards.greenhouse.io/intelextechnologies,GreenHouse
218309,intelligo,https://job-boards.greenhouse.io/intelligo,GreenHouse
218310,interchain,https://job-boards.greenhouse.io/interchain,GreenHouse
218311,internationalcruiseandexcursionsinc,https://job-boards.greenhouse.io/internationalcruiseandexcursionsinc,GreenHouse
218312,internationalrecruitment,https://job-boards.greenhouse.io/internationalrecruitment,GreenHouse
218313,interpublicgroup,https://job-boards.greenhouse.io/interpublicgroup,GreenHouse
218314,intersection,https://job-boards.greenhouse.io/intersection,GreenHouse
218315,inventables,https://job-boards.greenhouse.io/inventables,GreenHouse
218316,invertase,https://job-boards.greenhouse.io/invertase,GreenHouse
218317,investorhub,https://job-boards.greenhouse.io/investorhub,GreenHouse
218318,invisibly,https://job-boards.greenhouse.io/invisibly,GreenHouse
218319,invision,https://invision-ag.jobs.personio.de,personio
218320,invitae,https://job-boards.greenhouse.io/invitae,GreenHouse
218321,invokestudiosen,https://job-boards.greenhouse.io/invokestudiosen,GreenHouse
218322,inworldai,https://job-boards.greenhouse.io/inworldai,GreenHouse
218323,iob,https://job-boards.greenhouse.io/iob,GreenHouse
218324,iovlabsltd,https://job-boards.greenhouse.io/iovlabsltd,GreenHouse
218325,irhythm,https://job-boards.greenhouse.io/irhythm,GreenHouse
218326,irisautomation,https://job-boards.greenhouse.io/irisautomation,GreenHouse
218327,irl,https://job-boards.greenhouse.io/irl,GreenHouse
218328,ironhealth,https://job-boards.greenhouse.io/ironhealth,GreenHouse
218329,islandsxyzinc,https://job-boards.greenhouse.io/islandsxyzinc,GreenHouse
218330,isrg,https://job-boards.greenhouse.io/isrg,GreenHouse
218331,ittakesavillage,https://job-boards.greenhouse.io/ittakesavillage,GreenHouse
218332,iversoft,https://job-boards.greenhouse.io/iversoft,GreenHouse
218333,ivoyant,https://job-boards.greenhouse.io/ivoyant,GreenHouse
218334,ixco,https://job-boards.greenhouse.io/ixco,GreenHouse
218335,ixlayercareers,https://job-boards.greenhouse.io/ixlayercareers,GreenHouse
218336,izotopecareers,https://job-boards.greenhouse.io/izotopecareers,GreenHouse
218337,jabrahearing,https://job-boards.greenhouse.io/jabrahearing,GreenHouse
218338,jackpocket,https://job-boards.greenhouse.io/jackpocket,GreenHouse
218339,janushealth,https://ats.rippling.com/janus,rippling
218340,jasper,https://jobs.ashbyhq.com/jasper%20ai,AshbyHQ
218341,jasper23,https://job-boards.greenhouse.io/jasper23,GreenHouse
218342,javelinagency,https://job-boards.greenhouse.io/javelinagency,GreenHouse
218343,jeli,https://job-boards.greenhouse.io/jeli,GreenHouse
218344,jenzabar,https://job-boards.greenhouse.io/jenzabar,GreenHouse
218345,jetairegroup,https://job-boards.greenhouse.io/jetairegroup,GreenHouse
218346,jetty,https://job-boards.greenhouse.io/jetty,GreenHouse
218347,jfdiconsultants,https://job-boards.greenhouse.io/jfdiconsultants,GreenHouse
218348,jiff,https://job-boards.greenhouse.io/jiff,GreenHouse
218349,jiminihealth,https://job-boards.greenhouse.io/jiminihealth,GreenHouse
218350,jmwconsultantsllc,https://job-boards.greenhouse.io/jmwconsultantsllc,GreenHouse
218351,jnanatherapeutics,https://job-boards.greenhouse.io/jnanatherapeutics,GreenHouse
218352,jobget,https://job-boards.greenhouse.io/jobget,GreenHouse
218353,jobleads,https://jobleads.jobs.personio.com,personio
218354,jobox,https://job-boards.greenhouse.io/jobox,GreenHouse
218355,join3yhealth,https://job-boards.greenhouse.io/join3yhealth,GreenHouse
218356,joincommonroom,https://job-boards.greenhouse.io/joincommonroom,GreenHouse
218357,joinempowernation,https://job-boards.greenhouse.io/joinempowernation,GreenHouse
218358,joinhandshake,https://job-boards.greenhouse.io/joinhandshake,GreenHouse
218359,joinpaxos,https://job-boards.greenhouse.io/joinpaxos,GreenHouse
218360,joinresolutepsychiatry,https://job-boards.greenhouse.io/joinresolutepsychiatry,GreenHouse
218361,joinsharenow,https://job-boards.greenhouse.io/joinsharenow,GreenHouse
218362,joinunifiedvision,https://job-boards.greenhouse.io/joinunifiedvision,GreenHouse
218363,joinuplift,https://job-boards.greenhouse.io/joinuplift,GreenHouse
218364,jornaya,https://job-boards.greenhouse.io/jornaya,GreenHouse
218365,joy,https://job-boards.greenhouse.io/joy,GreenHouse
218366,juaai,https://job-boards.greenhouse.io/juaai,GreenHouse
218367,jumpstart,https://job-boards.greenhouse.io/jumpstart,GreenHouse
218368,jungroup,https://job-boards.greenhouse.io/jungroup,GreenHouse
218369,junomedical,https://job-boards.greenhouse.io/junomedical,GreenHouse
218370,jwplayer,https://job-boards.greenhouse.io/jwplayer,GreenHouse
218371,kadenallc,https://job-boards.greenhouse.io/kadenallc,GreenHouse
218372,kaiahealth,https://job-boards.greenhouse.io/kaiahealth,GreenHouse
218373,kaiahealthsoftwaregmbh,https://job-boards.greenhouse.io/kaiahealthsoftwaregmbh,GreenHouse
218374,kaikosystems,https://job-boards.greenhouse.io/kaikosystems,GreenHouse
218375,kajabi,https://job-boards.greenhouse.io/kajabi,GreenHouse
218376,kakaomobility,https://job-boards.greenhouse.io/kakaomobility,GreenHouse
218377,kandola,https://job-boards.greenhouse.io/kandola,GreenHouse
218378,karunatherapeutics,https://job-boards.greenhouse.io/karunatherapeutics,GreenHouse
218379,kasian,https://job-boards.greenhouse.io/kasian,GreenHouse
218380,katrisk,https://job-boards.greenhouse.io/katrisk,GreenHouse
218381,kava,https://job-boards.greenhouse.io/kava,GreenHouse
218382,keap,https://job-boards.greenhouse.io/keap,GreenHouse
218383,keeptruckin,https://job-boards.greenhouse.io/keeptruckin,GreenHouse
218384,keylinespa,https://job-boards.greenhouse.io/keylinespa,GreenHouse
218385,keyme,https://job-boards.greenhouse.io/keyme,GreenHouse
218386,kicksaw,https://job-boards.greenhouse.io/kicksaw,GreenHouse
218387,kilpatricktownsendstocktonllp,https://job-boards.greenhouse.io/kilpatricktownsendstocktonllp,GreenHouse
218388,kinaxis,https://job-boards.greenhouse.io/kinaxis,GreenHouse
218389,kindbody,https://job-boards.greenhouse.io/kindbody,GreenHouse
218390,kindo,https://job-boards.greenhouse.io/kindo,GreenHouse
218391,kinesys,https://job-boards.greenhouse.io/kinesys,GreenHouse
218392,kineticcommunities,https://job-boards.greenhouse.io/kineticcommunities,GreenHouse
218393,kineticenginesystems,https://job-boards.greenhouse.io/kineticenginesystems,GreenHouse
218394,kininsurance,https://job-boards.greenhouse.io/kininsurance,GreenHouse
218395,kinneygroup,https://job-boards.greenhouse.io/kinneygroup,GreenHouse
218396,kins,https://job-boards.greenhouse.io/kins,GreenHouse
218397,kintentinc,https://job-boards.greenhouse.io/kintentinc,GreenHouse
218398,kiosk,https://job-boards.greenhouse.io/kiosk,GreenHouse
218399,kisbeetherapeutics,https://job-boards.greenhouse.io/kisbeetherapeutics,GreenHouse
218400,kittycad,https://job-boards.greenhouse.io/kittycad,GreenHouse
218401,kkr,https://job-boards.greenhouse.io/kkr,GreenHouse
218402,klaratechnologies,https://job-boards.greenhouse.io/klaratechnologies,GreenHouse
218403,kleerandmembersy,https://job-boards.greenhouse.io/kleerandmembersy,GreenHouse
218404,kloo,https://job-boards.greenhouse.io/kloo,GreenHouse
218405,knotel,https://job-boards.greenhouse.io/knotel,GreenHouse
218406,knotstandard,https://job-boards.greenhouse.io/knotstandard,GreenHouse
218407,kobaltmusicgroup,https://job-boards.greenhouse.io/kobaltmusicgroup,GreenHouse
218408,kodiakcakes,https://job-boards.greenhouse.io/kodiakcakes,GreenHouse
218409,kojotechnologies,https://job-boards.greenhouse.io/kojotechnologies,GreenHouse
218410,kolena,https://job-boards.greenhouse.io/kolena,GreenHouse
218411,koniku,https://job-boards.greenhouse.io/koniku,GreenHouse
218412,kontist,https://job-boards.greenhouse.io/kontist,GreenHouse
218413,kony,https://job-boards.greenhouse.io/kony,GreenHouse
218414,korukids,https://job-boards.greenhouse.io/korukids,GreenHouse
218415,kovitz,https://job-boards.greenhouse.io/kovitz,GreenHouse
218416,kraftheinz,https://job-boards.greenhouse.io/kraftheinz,GreenHouse
218417,kronosbio,https://job-boards.greenhouse.io/kronosbio,GreenHouse
218418,kuncie,https://job-boards.greenhouse.io/kuncie,GreenHouse
218419,kurrent,https://job-boards.greenhouse.io/kurrent,GreenHouse
218420,kurtosis,https://job-boards.greenhouse.io/kurtosis,GreenHouse
218421,kwittken,https://job-boards.greenhouse.io/kwittken,GreenHouse
218422,kxadvisors,https://job-boards.greenhouse.io/kxadvisors,GreenHouse
218423,l5,https://job-boards.greenhouse.io/l5,GreenHouse
218424,lakesidesoftware,https://job-boards.greenhouse.io/lakesidesoftware,GreenHouse
218425,landis,https://job-boards.greenhouse.io/landis,GreenHouse
218426,langai,https://job-boards.greenhouse.io/langai,GreenHouse
218427,lastline,https://job-boards.greenhouse.io/lastline,GreenHouse
218428,latam,https://job-boards.greenhouse.io/latam,GreenHouse
218429,latchbio,https://jobs.lever.co/latch,LeverCO
218430,laudioinc,https://job-boards.greenhouse.io/laudioinc,GreenHouse
218431,lcgboston,https://job-boards.greenhouse.io/lcgboston,GreenHouse
218432,leaftfoods,https://job-boards.greenhouse.io/leaftfoods,GreenHouse
218433,leanix,https://job-boards.greenhouse.io/leanix,GreenHouse
218434,leanixjobs,https://job-boards.greenhouse.io/leanixjobs,GreenHouse
218435,learfieldimgcollege,https://job-boards.greenhouse.io/learfieldimgcollege,GreenHouse
218436,leaseweb,https://job-boards.greenhouse.io/leaseweb,GreenHouse
218437,leddartech,https://job-boards.greenhouse.io/leddartech,GreenHouse
218438,ledgerinvesting,https://job-boards.greenhouse.io/ledgerinvesting,GreenHouse
218439,ledgestone,https://job-boards.greenhouse.io/ledgestone,GreenHouse
218440,leftcoastventures,https://job-boards.greenhouse.io/leftcoastventures,GreenHouse
218441,leiainc,https://job-boards.greenhouse.io/leiainc,GreenHouse
218442,lemonlightmediainc,https://job-boards.greenhouse.io/lemonlightmediainc,GreenHouse
218443,lendinghome,https://job-boards.greenhouse.io/lendinghome,GreenHouse
218444,letgo,https://job-boards.greenhouse.io/letgo,GreenHouse
218445,letote,https://job-boards.greenhouse.io/letote,GreenHouse
218446,levelhome,https://job-boards.greenhouse.io/levelhome,GreenHouse
218447,leverage,https://job-boards.greenhouse.io/leverage,GreenHouse
218448,lexer,https://job-boards.greenhouse.io/lexer,GreenHouse
218449,lexion,https://job-boards.greenhouse.io/lexion,GreenHouse
218450,lgcypower,https://job-boards.greenhouse.io/lgcypower,GreenHouse
218451,lhv,https://job-boards.greenhouse.io/lhv,GreenHouse
218452,lifehouse,https://job-boards.greenhouse.io/lifehouse,GreenHouse
218453,lightblocks,https://job-boards.greenhouse.io/lightblocks,GreenHouse
218454,lightforgegames,https://job-boards.greenhouse.io/lightforgegames,GreenHouse
218455,lightspeedhq,https://job-boards.greenhouse.io/lightspeedhq,GreenHouse
218456,lightspeedhqfr,https://job-boards.greenhouse.io/lightspeedhqfr,GreenHouse
218457,lightspeedmanagementcompanyllc,https://job-boards.greenhouse.io/lightspeedmanagementcompanyllc,GreenHouse
218458,lila,https://job-boards.greenhouse.io/lila,GreenHouse
218459,lilacsolutionsinc,https://job-boards.greenhouse.io/lilacsolutionsinc,GreenHouse
218460,lilium,https://job-boards.greenhouse.io/lilium,GreenHouse
218461,lilyai,https://job-boards.greenhouse.io/lilyai,GreenHouse
218462,limeade,https://job-boards.greenhouse.io/limeade,GreenHouse
218463,limelightsteel,https://job-boards.greenhouse.io/limelightsteel,GreenHouse
218464,liminalinsightsinc,https://job-boards.greenhouse.io/liminalinsightsinc,GreenHouse
218465,lincolnparkguidepostmontessori,https://job-boards.greenhouse.io/lincolnparkguidepostmontessori,GreenHouse
218466,lineagefinance,https://job-boards.greenhouse.io/lineagefinance,GreenHouse
218467,lineleap,https://ats.rippling.com/lineleap,rippling
218468,lingolive,https://job-boards.greenhouse.io/lingolive,GreenHouse
218469,lingumi,https://job-boards.greenhouse.io/lingumi,GreenHouse
218470,linkfire,https://job-boards.greenhouse.io/linkfire,GreenHouse
218471,linksdao,https://job-boards.greenhouse.io/linksdao,GreenHouse
218472,linushealth,https://job-boards.greenhouse.io/linushealth,GreenHouse
218473,linx,https://job-boards.greenhouse.io/linx,GreenHouse
218474,lionpoint,https://job-boards.greenhouse.io/lionpoint,GreenHouse
218475,lithium,https://job-boards.greenhouse.io/lithium,GreenHouse
218476,lithosenergy,https://job-boards.greenhouse.io/lithosenergy,GreenHouse
218477,litmus46,https://job-boards.greenhouse.io/litmus46,GreenHouse
218478,littleotter,https://job-boards.greenhouse.io/littleotter,GreenHouse
218479,liveintent,https://job-boards.greenhouse.io/liveintent,GreenHouse
218480,livelyhearingcorporation,https://job-boards.greenhouse.io/livelyhearingcorporation,GreenHouse
218481,liveplanet,https://job-boards.greenhouse.io/liveplanet,GreenHouse
218482,livestream,https://job-boards.greenhouse.io/livestream,GreenHouse
218483,livongo,https://job-boards.greenhouse.io/livongo,GreenHouse
218484,lizzycare,https://job-boards.greenhouse.io/lizzycare,GreenHouse
218485,localehospitality,https://job-boards.greenhouse.io/localehospitality,GreenHouse
218486,localytics,https://job-boards.greenhouse.io/localytics,GreenHouse
218487,localyze,https://job-boards.greenhouse.io/localyze,GreenHouse
218488,logdna,https://job-boards.greenhouse.io/logdna,GreenHouse
218489,logichub,https://job-boards.greenhouse.io/logichub,GreenHouse
218490,logikcull,https://job-boards.greenhouse.io/logikcull,GreenHouse
218491,logixboard,https://job-boards.greenhouse.io/logixboard,GreenHouse
218492,loominc,https://job-boards.greenhouse.io/loominc,GreenHouse
218493,loverboy,https://job-boards.greenhouse.io/loverboy,GreenHouse
218494,lovetoknowmedia,https://job-boards.greenhouse.io/lovetoknowmedia,GreenHouse
218495,luckylincolngaming,https://job-boards.greenhouse.io/luckylincolngaming,GreenHouse
218496,lumenorbit,https://job-boards.greenhouse.io/lumenorbit,GreenHouse
218497,luminar,https://job-boards.greenhouse.io/luminar,GreenHouse
218498,lunchbox,https://job-boards.greenhouse.io/lunchbox,GreenHouse
218499,lydalltas,https://job-boards.greenhouse.io/lydalltas,GreenHouse
218500,lygosinc,https://job-boards.greenhouse.io/lygosinc,GreenHouse
218501,m1finance,https://job-boards.greenhouse.io/m1finance,GreenHouse
218502,macadamian,https://job-boards.greenhouse.io/macadamian,GreenHouse
218503,macrometa,https://job-boards.greenhouse.io/macrometa,GreenHouse
218504,magicleapinc,https://job-boards.greenhouse.io/magicleapinc,GreenHouse
218505,magoosh,https://job-boards.greenhouse.io/magoosh,GreenHouse
218506,mailchimp,https://job-boards.greenhouse.io/mailchimp,GreenHouse
218507,mainstreethub,https://job-boards.greenhouse.io/mainstreethub,GreenHouse
218508,majorleaguebaseballadvancedmedia,https://job-boards.greenhouse.io/majorleaguebaseballadvancedmedia,GreenHouse
218509,makerdao,https://job-boards.greenhouse.io/makerdao,GreenHouse
218510,managedbyq,https://job-boards.greenhouse.io/managedbyq,GreenHouse
218511,manoproject,https://job-boards.greenhouse.io/manoproject,GreenHouse
218512,mantle,https://job-boards.greenhouse.io/mantle,GreenHouse
218513,mara,https://job-boards.greenhouse.io/mara,GreenHouse
218514,marathondigitalholdings,https://job-boards.greenhouse.io/marathondigitalholdings,GreenHouse
218515,markerlearning,https://job-boards.greenhouse.io/markerlearning,GreenHouse
218516,marketmuse,https://job-boards.greenhouse.io/marketmuse,GreenHouse
218517,martinaireaviation,https://job-boards.greenhouse.io/martinaireaviation,GreenHouse
218518,mason,https://job-boards.greenhouse.io/mason,GreenHouse
218519,masonhub,https://job-boards.greenhouse.io/masonhub,GreenHouse
218520,mastercardfoundationelev,https://job-boards.greenhouse.io/mastercardfoundationelev,GreenHouse
218521,mastercardfoundationscholars,https://job-boards.greenhouse.io/mastercardfoundationscholars,GreenHouse
218522,materialevolution,https://job-boards.greenhouse.io/materialevolution,GreenHouse
218523,materialize,https://job-boards.greenhouse.io/materialize,GreenHouse
218524,matianfirm,https://job-boards.greenhouse.io/matianfirm,GreenHouse
218525,matrixx,https://job-boards.greenhouse.io/matrixx,GreenHouse
218526,mavangroupinc,https://job-boards.greenhouse.io/mavangroupinc,GreenHouse
218527,maven,https://job-boards.greenhouse.io/maven,GreenHouse
218528,mavrck,https://job-boards.greenhouse.io/mavrck,GreenHouse
218529,maximon,https://job-boards.greenhouse.io/maximon,GreenHouse
218530,mayfair,https://job-boards.greenhouse.io/mayfair,GreenHouse
218531,mccrayglobalprotectioncorp,https://job-boards.greenhouse.io/mccrayglobalprotectioncorp,GreenHouse
218532,mckinsey,https://job-boards.greenhouse.io/mckinsey,GreenHouse
218533,meadowlark,https://job-boards.greenhouse.io/meadowlark,GreenHouse
218534,mealpal,https://job-boards.greenhouse.io/mealpal,GreenHouse
218535,meandu,https://job-boards.greenhouse.io/meandu,GreenHouse
218536,meaningfulgigs,https://job-boards.greenhouse.io/meaningfulgigs,GreenHouse
218537,meaningfulgigscreativecommunity,https://job-boards.greenhouse.io/meaningfulgigscreativecommunity,GreenHouse
218538,meaningfulgigscreativecommunitydesigndisciplines,https://job-boards.greenhouse.io/meaningfulgigscreativecommunitydesigndisciplines,GreenHouse
218539,meatifoods,https://job-boards.greenhouse.io/meatifoods,GreenHouse
218540,medarrive,https://job-boards.greenhouse.io/medarrive,GreenHouse
218541,mediacurrent,https://job-boards.greenhouse.io/mediacurrent,GreenHouse
218542,mediamonks,https://job-boards.greenhouse.io/mediamonks,GreenHouse
218543,medlyhealth,https://job-boards.greenhouse.io/medlyhealth,GreenHouse
218544,medmainjp,https://job-boards.greenhouse.io/medmainjp,GreenHouse
218545,medmen,https://job-boards.greenhouse.io/medmen,GreenHouse
218546,meetelise,https://job-boards.greenhouse.io/meetelise,GreenHouse
218547,meltano,https://job-boards.greenhouse.io/meltano,GreenHouse
218548,memed,https://job-boards.greenhouse.io/memed,GreenHouse
218549,memorahealth,https://job-boards.greenhouse.io/memorahealth,GreenHouse
218550,memryx,https://ats.rippling.com/memryx,rippling
218551,mendel,https://job-boards.greenhouse.io/mendel,GreenHouse
218552,mento,https://job-boards.greenhouse.io/mento,GreenHouse
218553,merama,https://job-boards.greenhouse.io/merama,GreenHouse
218554,merchantesolutions,https://job-boards.greenhouse.io/merchantesolutions,GreenHouse
218555,merit,https://merit.wd503.myworkdayjobs.com/merit,WorkDay
218556,mesamember,https://job-boards.greenhouse.io/mesamember,GreenHouse
218557,meshpayments,https://job-boards.greenhouse.io/meshpayments,GreenHouse
218558,metaco,https://job-boards.greenhouse.io/metaco,GreenHouse
218559,metadata,https://job-boards.greenhouse.io/metadata,GreenHouse
218560,metagenomi,https://job-boards.greenhouse.io/metagenomi,GreenHouse
218561,metromile,https://job-boards.greenhouse.io/metromile,GreenHouse
218562,mezmo,https://job-boards.greenhouse.io/mezmo,GreenHouse
218563,mezo,https://job-boards.greenhouse.io/mezo,GreenHouse
218564,mfourmobileresearch,https://job-boards.greenhouse.io/mfourmobileresearch,GreenHouse
218565,mic,https://job-boards.greenhouse.io/mic,GreenHouse
218566,microverse,https://job-boards.greenhouse.io/microverse,GreenHouse
218567,midtowne,https://job-boards.greenhouse.io/midtowne,GreenHouse
218568,mightybuildings,https://job-boards.greenhouse.io/mightybuildings,GreenHouse
218569,migo,https://job-boards.greenhouse.io/migo,GreenHouse
218570,millenniumspacesystems,https://job-boards.greenhouse.io/millenniumspacesystems,GreenHouse
218571,mindcaresolutions,https://job-boards.greenhouse.io/mindcaresolutions,GreenHouse
218572,mindfulcare,https://job-boards.greenhouse.io/mindfulcare,GreenHouse
218573,mindmedicine,https://job-boards.greenhouse.io/mindmedicine,GreenHouse
218574,mineral,https://job-boards.greenhouse.io/mineral,GreenHouse
218575,minthouse,https://job-boards.greenhouse.io/minthouse,GreenHouse
218576,mintmobile,https://job-boards.greenhouse.io/mintmobile,GreenHouse
218577,minware,https://job-boards.greenhouse.io/minware,GreenHouse
218578,missionbio,https://job-boards.greenhouse.io/missionbio,GreenHouse
218579,missionzerotechnologies,https://job-boards.greenhouse.io/missionzerotechnologies,GreenHouse
218580,mixhalo,https://job-boards.greenhouse.io/mixhalo,GreenHouse
218581,mncannabiscompany,https://job-boards.greenhouse.io/mncannabiscompany,GreenHouse
218582,modaoperandi,https://job-boards.greenhouse.io/modaoperandi,GreenHouse
218583,modeanalytics,https://job-boards.greenhouse.io/modeanalytics,GreenHouse
218584,modernizingmedicineinc,https://job-boards.greenhouse.io/modernizingmedicineinc,GreenHouse
218585,modularai,https://job-boards.greenhouse.io/modularai,GreenHouse
218586,mojito,https://job-boards.greenhouse.io/mojito,GreenHouse
218587,mojo,https://job-boards.greenhouse.io/mojo,GreenHouse
218588,molecularassemblies,https://job-boards.greenhouse.io/molecularassemblies,GreenHouse
218589,momatherapeutics,https://job-boards.greenhouse.io/momatherapeutics,GreenHouse
218590,momenthouse,https://job-boards.greenhouse.io/momenthouse,GreenHouse
218591,momentmarkets,https://job-boards.greenhouse.io/momentmarkets,GreenHouse
218592,monad,https://jobs.ashbyhq.com/monad.foundation,AshbyHQ
218593,mondo,https://job-boards.greenhouse.io/mondo,GreenHouse
218594,moneylion,https://job-boards.greenhouse.io/moneylion,GreenHouse
218595,monoceros,https://job-boards.greenhouse.io/monoceros,GreenHouse
218596,monthly,https://job-boards.greenhouse.io/monthly,GreenHouse
218597,moovelna,https://job-boards.greenhouse.io/moovelna,GreenHouse
218598,moovtechnologiesinc,https://job-boards.greenhouse.io/moovtechnologiesinc,GreenHouse
218599,moovx,https://job-boards.greenhouse.io/moovx,GreenHouse
218600,morsemicro,https://job-boards.greenhouse.io/morsemicro,GreenHouse
218601,mosaicml,https://job-boards.greenhouse.io/mosaicml,GreenHouse
218602,mosaictechnologiesgroup,https://job-boards.greenhouse.io/mosaictechnologiesgroup,GreenHouse
218603,mothflame,https://job-boards.greenhouse.io/mothflame,GreenHouse
218604,motimatic,https://job-boards.greenhouse.io/motimatic,GreenHouse
218605,motivpowersystems,https://job-boards.greenhouse.io/motivpowersystems,GreenHouse
218606,motorefi,https://job-boards.greenhouse.io/motorefi,GreenHouse
218607,mountainsidetreatmentcenter,https://job-boards.greenhouse.io/mountainsidetreatmentcenter,GreenHouse
218608,moveworks,https://job-boards.greenhouse.io/moveworks,GreenHouse
218609,movotobrokerage,https://job-boards.greenhouse.io/movotobrokerage,GreenHouse
218610,moz,https://job-boards.greenhouse.io/moz,GreenHouse
218611,mrsool,https://job-boards.greenhouse.io/mrsool,GreenHouse
218612,msba,https://job-boards.greenhouse.io/msba,GreenHouse
218613,msfinternal,https://job-boards.greenhouse.io/msfinternal,GreenHouse
218614,mundipagg,https://job-boards.greenhouse.io/mundipagg,GreenHouse
218615,mursion,https://job-boards.greenhouse.io/mursion,GreenHouse
218616,museumoficecream,https://job-boards.greenhouse.io/museumoficecream,GreenHouse
218617,mutiny,https://job-boards.greenhouse.io/mutiny,GreenHouse
218618,mutinyjobs,https://job-boards.greenhouse.io/mutinyjobs,GreenHouse
218619,mybrandforce,https://job-boards.greenhouse.io/mybrandforce,GreenHouse
218620,mybrandforceinternalpositions,https://job-boards.greenhouse.io/mybrandforceinternalpositions,GreenHouse
218621,mybrandforcereferrals,https://job-boards.greenhouse.io/mybrandforcereferrals,GreenHouse
218622,mycarrier,https://job-boards.greenhouse.io/mycarrier,GreenHouse
218623,mycoworks,https://job-boards.greenhouse.io/mycoworks,GreenHouse
218624,mynd,https://job-boards.greenhouse.io/mynd,GreenHouse
218625,myntra,https://job-boards.greenhouse.io/myntra,GreenHouse
218626,myntraphoenix,https://job-boards.greenhouse.io/myntraphoenix,GreenHouse
218627,myplanadvocate,https://job-boards.greenhouse.io/myplanadvocate,GreenHouse
218628,myria,https://job-boards.greenhouse.io/myria,GreenHouse
218629,myshell,https://job-boards.greenhouse.io/myshell,GreenHouse
218630,mysidewalk34,https://job-boards.greenhouse.io/mysidewalk34,GreenHouse
218631,mystery,https://job-boards.greenhouse.io/mystery,GreenHouse
218632,mythica,https://job-boards.greenhouse.io/mythica,GreenHouse
218633,myunidaysltd,https://job-boards.greenhouse.io/myunidaysltd,GreenHouse
218634,mzwallace,https://job-boards.greenhouse.io/mzwallace,GreenHouse
218635,n2cointernal,https://job-boards.greenhouse.io/n2cointernal,GreenHouse
218636,n2homeoffice,https://job-boards.greenhouse.io/n2homeoffice,GreenHouse
218637,n2y,https://job-boards.greenhouse.io/n2y,GreenHouse
218638,nacelle,https://job-boards.greenhouse.io/nacelle,GreenHouse
218639,nanostring,https://job-boards.greenhouse.io/nanostring,GreenHouse
218640,napster,https://job-boards.greenhouse.io/napster,GreenHouse
218641,nasacademy,https://job-boards.greenhouse.io/nasacademy,GreenHouse
218642,nationaldbs,https://job-boards.greenhouse.io/nationaldbs,GreenHouse
218643,nationbuilder,https://job-boards.greenhouse.io/nationbuilder,GreenHouse
218644,nativo,https://job-boards.greenhouse.io/nativo,GreenHouse
218645,nautiluslabs,https://job-boards.greenhouse.io/nautiluslabs,GreenHouse
218646,navdy,https://job-boards.greenhouse.io/navdy,GreenHouse
218647,navigationfund,https://job-boards.greenhouse.io/navigationfund,GreenHouse
218648,navigatr,https://job-boards.greenhouse.io/navigatr,GreenHouse
218649,navigatrgroupinternal,https://job-boards.greenhouse.io/navigatrgroupinternal,GreenHouse
218650,navis,https://job-boards.greenhouse.io/navis,GreenHouse
218651,nayahomes,https://job-boards.greenhouse.io/nayahomes,GreenHouse
218652,ncsoftwest,https://job-boards.greenhouse.io/ncsoftwest,GreenHouse
218653,ncx,https://job-boards.greenhouse.io/ncx,GreenHouse
218654,near,https://job-boards.greenhouse.io/near,GreenHouse
218655,nearby,https://job-boards.greenhouse.io/nearby,GreenHouse
218656,nearsure,https://job-boards.greenhouse.io/nearsure,GreenHouse
218657,nedforct,https://job-boards.greenhouse.io/nedforct,GreenHouse
218658,neocybernetica,https://job-boards.greenhouse.io/neocybernetica,GreenHouse
218659,neondatabase,https://job-boards.greenhouse.io/neondatabase,GreenHouse
218660,neonkoi,https://job-boards.greenhouse.io/neonkoi,GreenHouse
218661,nerdery,https://job-boards.greenhouse.io/nerdery,GreenHouse
218662,nesto,https://ats.rippling.com/nestocloud,rippling
218663,netflixanimation,https://job-boards.greenhouse.io/netflixanimation,GreenHouse
218664,neuroblade,https://job-boards.greenhouse.io/neuroblade,GreenHouse
218665,neuroflow,https://job-boards.greenhouse.io/neuroflow,GreenHouse
218666,neuron,https://job-boards.greenhouse.io/neuron,GreenHouse
218667,newstore,https://job-boards.greenhouse.io/newstore,GreenHouse
218668,nexuscareers,https://job-boards.greenhouse.io/nexuscareers,GreenHouse
218669,nexxen,https://jobs.ashbyhq.com/nexxen,AshbyHQ
218670,ngcash,https://job-boards.greenhouse.io/ngcash,GreenHouse
218671,nginx,https://job-boards.greenhouse.io/nginx,GreenHouse
218672,niantic,https://job-boards.greenhouse.io/niantic,GreenHouse
218673,nicehealthcare,https://job-boards.greenhouse.io/nicehealthcare,GreenHouse
218674,nightfall,https://jobs.ashbyhq.com/nightfall-ai,AshbyHQ
218675,nikolalabs,https://job-boards.greenhouse.io/nikolalabs,GreenHouse
218676,nilotherapeutics,https://job-boards.greenhouse.io/nilotherapeutics,GreenHouse
218677,nimblegiant,https://job-boards.greenhouse.io/nimblegiant,GreenHouse
218678,nobellfoods,https://job-boards.greenhouse.io/nobellfoods,GreenHouse
218679,nobl9,https://job-boards.greenhouse.io/nobl9,GreenHouse
218680,nocdinc,https://job-boards.greenhouse.io/nocdinc,GreenHouse
218681,nogginit,https://job-boards.greenhouse.io/nogginit,GreenHouse
218682,nohozephyrinc,https://job-boards.greenhouse.io/nohozephyrinc,GreenHouse
218683,nomad,https://job-boards.greenhouse.io/nomad,GreenHouse
218684,nomadhomes,https://job-boards.greenhouse.io/nomadhomes,GreenHouse
218685,nomadlabs,https://job-boards.greenhouse.io/nomadlabs,GreenHouse
218686,nomatherapy,https://job-boards.greenhouse.io/nomatherapy,GreenHouse
218687,nomiso,https://job-boards.greenhouse.io/nomiso,GreenHouse
218688,noom,https://job-boards.greenhouse.io/noom,GreenHouse
218689,noonenergy,https://job-boards.greenhouse.io/noonenergy,GreenHouse
218690,nori,https://job-boards.greenhouse.io/nori,GreenHouse
218691,northone,https://job-boards.greenhouse.io/northone,GreenHouse
218692,northrichland,https://job-boards.greenhouse.io/northrichland,GreenHouse
218693,northstar,https://job-boards.greenhouse.io/northstar,GreenHouse
218694,notablehealth,https://jobs.ashbyhq.com/notable,AshbyHQ
218695,notablelabs,https://job-boards.greenhouse.io/notablelabs,GreenHouse
218696,nourishingredients,https://job-boards.greenhouse.io/nourishingredients,GreenHouse
218697,novalabs,https://job-boards.greenhouse.io/novalabs,GreenHouse
218698,novetta,https://job-boards.greenhouse.io/novetta,GreenHouse
218699,novy,https://job-boards.greenhouse.io/novy,GreenHouse
218700,nstech,https://job-boards.greenhouse.io/nstech,GreenHouse
218701,ntop,https://job-boards.greenhouse.io/ntop,GreenHouse
218702,nuclearpromisex,https://job-boards.greenhouse.io/nuclearpromisex,GreenHouse
218703,nugget,https://job-boards.greenhouse.io/nugget,GreenHouse
218704,nulogy,https://job-boards.greenhouse.io/nulogy,GreenHouse
218705,numeradecareers,https://job-boards.greenhouse.io/numeradecareers,GreenHouse
218706,numohealthcurieai,https://job-boards.greenhouse.io/numohealthcurieai,GreenHouse
218707,nursedash,https://job-boards.greenhouse.io/nursedash,GreenHouse
218708,nuview,https://job-boards.greenhouse.io/nuview,GreenHouse
218709,nuvocargo,https://job-boards.greenhouse.io/nuvocargo,GreenHouse
218710,nyanheroes,https://job-boards.greenhouse.io/nyanheroes,GreenHouse
218711,nzero,https://job-boards.greenhouse.io/nzero,GreenHouse
218712,nzxt,https://job-boards.greenhouse.io/nzxt,GreenHouse
218713,o1labs,https://job-boards.greenhouse.io/o1labs,GreenHouse
218714,oasislabs,https://job-boards.greenhouse.io/oasislabs,GreenHouse
218715,oasisnetwork,https://job-boards.greenhouse.io/oasisnetwork,GreenHouse
218716,oasysinternationalcorporation89,https://job-boards.greenhouse.io/oasysinternationalcorporation89,GreenHouse
218717,obamafoundation,https://job-boards.greenhouse.io/obamafoundation,GreenHouse
218718,obefitness,https://job-boards.greenhouse.io/obefitness,GreenHouse
218719,ocadotechnology,https://job-boards.greenhouse.io/ocadotechnology,GreenHouse
218720,octaneai,https://job-boards.greenhouse.io/octaneai,GreenHouse
218721,ocus,https://job-boards.greenhouse.io/ocus,GreenHouse
218722,odkmediainc,https://job-boards.greenhouse.io/odkmediainc,GreenHouse
218723,odonate,https://job-boards.greenhouse.io/odonate,GreenHouse
218724,odpcorp,https://job-boards.greenhouse.io/odpcorp,GreenHouse
218725,ofallonguidepost,https://job-boards.greenhouse.io/ofallonguidepost,GreenHouse
218726,offensivesecurity,https://job-boards.greenhouse.io/offensivesecurity,GreenHouse
218727,offerfit,https://job-boards.greenhouse.io/offerfit,GreenHouse
218728,ogdenguidepost,https://job-boards.greenhouse.io/ogdenguidepost,GreenHouse
218729,ogilvyjapan,https://job-boards.greenhouse.io/ogilvyjapan,GreenHouse
218730,ohi,https://job-boards.greenhouse.io/ohi,GreenHouse
218731,ohmygreen,https://job-boards.greenhouse.io/ohmygreen,GreenHouse
218732,ojolabs,https://job-boards.greenhouse.io/ojolabs,GreenHouse
218733,okcoin,https://job-boards.greenhouse.io/okcoin,GreenHouse
218734,okerainc,https://job-boards.greenhouse.io/okerainc,GreenHouse
218735,okex,https://job-boards.greenhouse.io/okex,GreenHouse
218736,okteto,https://job-boards.greenhouse.io/okteto,GreenHouse
218737,oleria,https://jobs.lever.co/oleria-security,LeverCO
218738,oliverplus,https://job-boards.greenhouse.io/oliverplus,GreenHouse
218739,olympiacareers,https://job-boards.greenhouse.io/olympiacareers,GreenHouse
218740,omnifdn,https://job-boards.greenhouse.io/omnifdn,GreenHouse
218741,omnionpower,https://job-boards.greenhouse.io/omnionpower,GreenHouse
218742,omnipresent,https://job-boards.greenhouse.io/omnipresent,GreenHouse
218743,oncai,https://job-boards.greenhouse.io/oncai,GreenHouse
218744,ondeck,https://job-boards.greenhouse.io/ondeck,GreenHouse
218745,onecareers,https://job-boards.greenhouse.io/onecareers,GreenHouse
218746,onedegree,https://job-boards.greenhouse.io/onedegree,GreenHouse
218747,oneglobe,https://job-boards.greenhouse.io/oneglobe,GreenHouse
218748,onehopeinc,https://job-boards.greenhouse.io/onehopeinc,GreenHouse
218749,onelocal,https://job-boards.greenhouse.io/onelocal,GreenHouse
218750,onelogin,https://job-boards.greenhouse.io/onelogin,GreenHouse
218751,onesignal,https://job-boards.greenhouse.io/onesignal,GreenHouse
218752,oni,https://job-boards.greenhouse.io/oni,GreenHouse
218753,onistudios,https://job-boards.greenhouse.io/onistudios,GreenHouse
218754,onna,https://job-boards.greenhouse.io/onna,GreenHouse
218755,onsiteiq,https://job-boards.greenhouse.io/onsiteiq,GreenHouse
218756,op3n,https://job-boards.greenhouse.io/op3n,GreenHouse
218757,opaque,https://job-boards.greenhouse.io/opaque,GreenHouse
218758,opendoor,https://job-boards.greenhouse.io/opendoor,GreenHouse
218759,openfin95,https://job-boards.greenhouse.io/openfin95,GreenHouse
218760,openloop,https://jobs.ashbyhq.com/openloophealth,AshbyHQ
218761,openmesh,https://job-boards.greenhouse.io/openmesh,GreenHouse
218762,openphone,https://job-boards.greenhouse.io/openphone,GreenHouse
218763,optera,https://job-boards.greenhouse.io/optera,GreenHouse
218764,optimism,https://job-boards.greenhouse.io/optimism,GreenHouse
218765,optimismunlimited,https://job-boards.greenhouse.io/optimismunlimited,GreenHouse
218766,optimustechnologies,https://job-boards.greenhouse.io/optimustechnologies,GreenHouse
218767,optimylbenefits,https://job-boards.greenhouse.io/optimylbenefits,GreenHouse
218768,optoro,https://job-boards.greenhouse.io/optoro,GreenHouse
218769,opustone,https://job-boards.greenhouse.io/opustone,GreenHouse
218770,orbitfab,https://ats.rippling.com/orbitfab,rippling
218771,originfinancial,https://job-boards.greenhouse.io/originfinancial,GreenHouse
218772,ornatherapeutics,https://job-boards.greenhouse.io/ornatherapeutics,GreenHouse
218773,orpc,https://job-boards.greenhouse.io/orpc,GreenHouse
218774,osmosisdex,https://job-boards.greenhouse.io/osmosisdex,GreenHouse
218775,ostrohealth,https://job-boards.greenhouse.io/ostrohealth,GreenHouse
218776,otainsightltd,https://job-boards.greenhouse.io/otainsightltd,GreenHouse
218777,othersideentertainment,https://job-boards.greenhouse.io/othersideentertainment,GreenHouse
218778,otrium,https://job-boards.greenhouse.io/otrium,GreenHouse
218779,otrtransportation,https://job-boards.greenhouse.io/otrtransportation,GreenHouse
218780,outerbiosciences,https://job-boards.greenhouse.io/outerbiosciences,GreenHouse
218781,outgo,https://job-boards.greenhouse.io/outgo,GreenHouse
218782,outlier,https://job-boards.greenhouse.io/outlier,GreenHouse
218783,outlier-growth,https://job-boards.greenhouse.io/outlier-growth,GreenHouse
218784,outlierai,https://job-boards.greenhouse.io/outlierai,GreenHouse
218785,outlierorg,https://job-boards.greenhouse.io/outlierorg,GreenHouse
218786,outlierventures,https://job-boards.greenhouse.io/outlierventures,GreenHouse
218787,over,https://job-boards.greenhouse.io/over,GreenHouse
218788,overlandai,https://job-boards.greenhouse.io/overlandai,GreenHouse
218789,overtime,https://job-boards.greenhouse.io/overtime,GreenHouse
218790,ovo,https://job-boards.greenhouse.io/ovo,GreenHouse
218791,owkin,https://job-boards.greenhouse.io/owkin,GreenHouse
218792,pachyderm,https://job-boards.greenhouse.io/pachyderm,GreenHouse
218793,paciolan,https://job-boards.greenhouse.io/paciolan,GreenHouse
218794,pactlabs,https://job-boards.greenhouse.io/pactlabs,GreenHouse
218795,pactum,https://job-boards.greenhouse.io/pactum,GreenHouse
218796,pagoda,https://job-boards.greenhouse.io/pagoda,GreenHouse
218797,paige,https://job-boards.greenhouse.io/paige,GreenHouse
218798,palmnftstudioinc,https://job-boards.greenhouse.io/palmnftstudioinc,GreenHouse
218799,paltaltd,https://job-boards.greenhouse.io/paltaltd,GreenHouse
218800,panasonicwell,https://job-boards.greenhouse.io/panasonicwell,GreenHouse
218801,pangea,https://job-boards.greenhouse.io/pangea,GreenHouse
218802,pango,https://job-boards.greenhouse.io/pango,GreenHouse
218803,pano,https://job-boards.greenhouse.io/pano,GreenHouse
218804,panoramaed,https://job-boards.greenhouse.io/panoramaed,GreenHouse
218805,parabola,https://jobs.ashbyhq.com/parabola-io,AshbyHQ
218806,parade,https://job-boards.greenhouse.io/parade,GreenHouse
218807,paradeai,https://job-boards.greenhouse.io/paradeai,GreenHouse
218808,paradextrade,https://job-boards.greenhouse.io/paradextrade,GreenHouse
218809,paradigm62,https://job-boards.greenhouse.io/paradigm62,GreenHouse
218810,paradigminccareersopenpositions,https://job-boards.greenhouse.io/paradigminccareersopenpositions,GreenHouse
218811,parallaxvolatilityadvisers,https://job-boards.greenhouse.io/parallaxvolatilityadvisers,GreenHouse
218812,parallelbio,https://job-boards.greenhouse.io/parallelbio,GreenHouse
218813,parallelfinance,https://job-boards.greenhouse.io/parallelfinance,GreenHouse
218814,paralleljobs,https://job-boards.greenhouse.io/paralleljobs,GreenHouse
218815,paramountpallet,https://job-boards.greenhouse.io/paramountpallet,GreenHouse
218816,parkerandace,https://job-boards.greenhouse.io/parkerandace,GreenHouse
218817,parkmobileus,https://job-boards.greenhouse.io/parkmobileus,GreenHouse
218818,particle,https://job-boards.greenhouse.io/particle,GreenHouse
218819,partstech,https://job-boards.greenhouse.io/partstech,GreenHouse
218820,pascal,https://job-boards.greenhouse.io/pascal,GreenHouse
218821,passes,https://job-boards.greenhouse.io/passes,GreenHouse
218822,patientpop,https://job-boards.greenhouse.io/patientpop,GreenHouse
218823,patterncareers,https://job-boards.greenhouse.io/patterncareers,GreenHouse
218824,pavilion,https://job-boards.greenhouse.io/pavilion,GreenHouse
218825,pavilionpayments,https://job-boards.greenhouse.io/pavilionpayments,GreenHouse
218826,paxful,https://job-boards.greenhouse.io/paxful,GreenHouse
218827,paysend,https://job-boards.greenhouse.io/paysend,GreenHouse
218828,paystackprivate4317,https://job-boards.greenhouse.io/paystackprivate4317,GreenHouse
218829,paytronix,https://job-boards.greenhouse.io/paytronix,GreenHouse
218830,pbsusa,https://job-boards.greenhouse.io/pbsusa,GreenHouse
218831,peachtreebioresearchsolutions,https://job-boards.greenhouse.io/peachtreebioresearchsolutions,GreenHouse
218832,pearcommerce,https://job-boards.greenhouse.io/pearcommerce,GreenHouse
218833,pebblelife,https://job-boards.greenhouse.io/pebblelife,GreenHouse
218834,pecanai,https://job-boards.greenhouse.io/pecanai,GreenHouse
218835,penumbralabs,https://job-boards.greenhouse.io/penumbralabs,GreenHouse
218836,peopledatalabs,https://job-boards.greenhouse.io/peopledatalabs,GreenHouse
218837,peopledoc,https://job-boards.greenhouse.io/peopledoc,GreenHouse
218838,pepperjam,https://job-boards.greenhouse.io/pepperjam,GreenHouse
218839,perfectday,https://job-boards.greenhouse.io/perfectday,GreenHouse
218840,periscopedata,https://job-boards.greenhouse.io/periscopedata,GreenHouse
218841,perplexityai,https://job-boards.greenhouse.io/perplexityai,GreenHouse
218842,perrystreetsoftware,https://job-boards.greenhouse.io/perrystreetsoftware,GreenHouse
218843,persado,https://job-boards.greenhouse.io/persado,GreenHouse
218844,perspective,https://job-boards.greenhouse.io/perspective,GreenHouse
218845,petdesk,https://job-boards.greenhouse.io/petdesk,GreenHouse
218846,petfolk,https://ats.rippling.com/petfolk,rippling
218847,petuum,https://job-boards.greenhouse.io/petuum,GreenHouse
218848,phantom45,https://job-boards.greenhouse.io/phantom45,GreenHouse
218849,pharmbills,https://job-boards.greenhouse.io/pharmbills,GreenHouse
218850,phasefour,https://job-boards.greenhouse.io/phasefour,GreenHouse
218851,phcglobal,https://job-boards.greenhouse.io/phcglobal,GreenHouse
218852,philadelphiaphilliesrddepartment,https://job-boards.greenhouse.io/philadelphiaphilliesrddepartment,GreenHouse
218853,piclo,https://job-boards.greenhouse.io/piclo,GreenHouse
218854,piktochart,https://job-boards.greenhouse.io/piktochart,GreenHouse
218855,pillar,https://job-boards.greenhouse.io/pillar,GreenHouse
218856,pinegaterenewables,https://job-boards.greenhouse.io/pinegaterenewables,GreenHouse
218857,pioneeringevolution,https://job-boards.greenhouse.io/pioneeringevolution,GreenHouse
218858,pismo,https://job-boards.greenhouse.io/pismo,GreenHouse
218859,pitch,https://job-boards.greenhouse.io/pitch,GreenHouse
218860,pivotalsoftware,https://job-boards.greenhouse.io/pivotalsoftware,GreenHouse
218861,pixlee,https://job-boards.greenhouse.io/pixlee,GreenHouse
218862,pjtpartnersprofessionals,https://job-boards.greenhouse.io/pjtpartnersprofessionals,GreenHouse
218863,pjtpartnersstudents,https://job-boards.greenhouse.io/pjtpartnersstudents,GreenHouse
218864,placeexchange11,https://job-boards.greenhouse.io/placeexchange11,GreenHouse
218865,placemeter,https://job-boards.greenhouse.io/placemeter,GreenHouse
218866,playkids,https://job-boards.greenhouse.io/playkids,GreenHouse
218867,playstationeurope,https://job-boards.greenhouse.io/playstationeurope,GreenHouse
218868,plenty,https://job-boards.greenhouse.io/plenty,GreenHouse
218869,plumguide,https://job-boards.greenhouse.io/plumguide,GreenHouse
218870,plushcare,https://job-boards.greenhouse.io/plushcare,GreenHouse
218871,pmgroup,https://job-boards.greenhouse.io/pmgroup,GreenHouse
218872,poaptheproofofattendanceprotocol,https://job-boards.greenhouse.io/poaptheproofofattendanceprotocol,GreenHouse
218873,poatek,https://job-boards.greenhouse.io/poatek,GreenHouse
218874,pocket,https://job-boards.greenhouse.io/pocket,GreenHouse
218875,polygence,https://job-boards.greenhouse.io/polygence,GreenHouse
218876,polysign,https://job-boards.greenhouse.io/polysign,GreenHouse
218877,pomelo,https://job-boards.greenhouse.io/pomelo,GreenHouse
218878,poolzup,https://job-boards.greenhouse.io/poolzup,GreenHouse
218879,popsugar,https://job-boards.greenhouse.io/popsugar,GreenHouse
218880,populus,https://job-boards.greenhouse.io/populus,GreenHouse
218881,porchdotcommexico,https://job-boards.greenhouse.io/porchdotcommexico,GreenHouse
218882,portagecareers,https://job-boards.greenhouse.io/portagecareers,GreenHouse
218883,portworx,https://job-boards.greenhouse.io/portworx,GreenHouse
218884,posigen,https://job-boards.greenhouse.io/posigen,GreenHouse
218885,possibility,https://job-boards.greenhouse.io/possibility,GreenHouse
218886,possiblefinancialinc,https://job-boards.greenhouse.io/possiblefinancialinc,GreenHouse
218887,postlight,https://job-boards.greenhouse.io/postlight,GreenHouse
218888,postmates,https://job-boards.greenhouse.io/postmates,GreenHouse
218889,powbio,https://job-boards.greenhouse.io/powbio,GreenHouse
218890,powershiftnetwork,https://job-boards.greenhouse.io/powershiftnetwork,GreenHouse
218891,precisioneffect,https://job-boards.greenhouse.io/precisioneffect,GreenHouse
218892,precisionscientia,https://job-boards.greenhouse.io/precisionscientia,GreenHouse
218893,precisionsystemsinc,https://job-boards.greenhouse.io/precisionsystemsinc,GreenHouse
218894,precisionxtract,https://job-boards.greenhouse.io/precisionxtract,GreenHouse
218895,predictivehr,https://job-boards.greenhouse.io/predictivehr,GreenHouse
218896,preparedmontessorian,https://job-boards.greenhouse.io/preparedmontessorian,GreenHouse
218897,presonus,https://job-boards.greenhouse.io/presonus,GreenHouse
218898,pricespider,https://job-boards.greenhouse.io/pricespider,GreenHouse
218899,primeprotocol,https://job-boards.greenhouse.io/primeprotocol,GreenHouse
218900,primetrust,https://job-boards.greenhouse.io/primetrust,GreenHouse
218901,prisma,https://job-boards.greenhouse.io/prisma,GreenHouse
218902,productboard,https://job-boards.greenhouse.io/productboard,GreenHouse
218903,productops,https://job-boards.greenhouse.io/productops,GreenHouse
218904,productschool,https://job-boards.greenhouse.io/productschool,GreenHouse
218905,profiletechnologiesinc,https://job-boards.greenhouse.io/profiletechnologiesinc,GreenHouse
218906,projectdiscoveryinc,https://job-boards.greenhouse.io/projectdiscoveryinc,GreenHouse
218907,projectfarma,https://job-boards.greenhouse.io/projectfarma,GreenHouse
218908,projectmanagercom,https://job-boards.greenhouse.io/projectmanagercom,GreenHouse
218909,prolificmachines,https://job-boards.greenhouse.io/prolificmachines,GreenHouse
218910,promptworks,https://job-boards.greenhouse.io/promptworks,GreenHouse
218911,proofxyz,https://job-boards.greenhouse.io/proofxyz,GreenHouse
218912,propel,https://job-boards.greenhouse.io/propel,GreenHouse
218913,propellerhealth,https://job-boards.greenhouse.io/propellerhealth,GreenHouse
218914,propellerindustries,https://job-boards.greenhouse.io/propellerindustries,GreenHouse
218915,propertyfinder,https://job-boards.greenhouse.io/propertyfinder,GreenHouse
218916,protenus,https://job-boards.greenhouse.io/protenus,GreenHouse
218917,protocollabs,https://job-boards.greenhouse.io/protocollabs,GreenHouse
218918,pubgsm,https://job-boards.greenhouse.io/pubgsm,GreenHouse
218919,publica,https://job-boards.greenhouse.io/publica,GreenHouse
218920,publicsq,https://job-boards.greenhouse.io/publicsq,GreenHouse
218921,pulaio,https://job-boards.greenhouse.io/pulaio,GreenHouse
218922,punchlistusa,https://job-boards.greenhouse.io/punchlistusa,GreenHouse
218923,pushdigitalgroup,https://job-boards.greenhouse.io/pushdigitalgroup,GreenHouse
218924,pythdataassociation,https://job-boards.greenhouse.io/pythdataassociation,GreenHouse
218925,qandamedia,https://job-boards.greenhouse.io/qandamedia,GreenHouse
218926,qovery,https://job-boards.greenhouse.io/qovery,GreenHouse
218927,quadrantstrategies,https://job-boards.greenhouse.io/quadrantstrategies,GreenHouse
218928,qualifiedhealth,https://job-boards.greenhouse.io/qualifiedhealth,GreenHouse
218929,quartethealth,https://job-boards.greenhouse.io/quartethealth,GreenHouse
218930,questpartnersllc,https://job-boards.greenhouse.io/questpartnersllc,GreenHouse
218931,quiknodeinc,https://job-boards.greenhouse.io/quiknodeinc,GreenHouse
218932,quiltllc,https://job-boards.greenhouse.io/quiltllc,GreenHouse
218933,quin,https://job-boards.greenhouse.io/quin,GreenHouse
218934,quintar,https://job-boards.greenhouse.io/quintar,GreenHouse
218935,quiqinc,https://job-boards.greenhouse.io/quiqinc,GreenHouse
218936,qumulo,https://job-boards.greenhouse.io/qumulo,GreenHouse
218937,qwick,https://job-boards.greenhouse.io/qwick,GreenHouse
218938,rabbit,https://job-boards.greenhouse.io/rabbit,GreenHouse
218939,rachio,https://job-boards.greenhouse.io/rachio,GreenHouse
218940,radarlabs,https://job-boards.greenhouse.io/radarlabs,GreenHouse
218941,radarrelay,https://job-boards.greenhouse.io/radarrelay,GreenHouse
218942,radiant,https://radiantchurch.bamboohr.com/careers,bamboohr
218943,radicalnumerics,https://job-boards.greenhouse.io/radicalnumerics,GreenHouse
218944,rainberry,https://job-boards.greenhouse.io/rainberry,GreenHouse
218945,rainesinternational,https://job-boards.greenhouse.io/rainesinternational,GreenHouse
218946,rakutenrewards,https://job-boards.greenhouse.io/rakutenrewards,GreenHouse
218947,rallyhealth,https://job-boards.greenhouse.io/rallyhealth,GreenHouse
218948,rapha,https://job-boards.greenhouse.io/rapha,GreenHouse
218949,rapidrobotics,https://job-boards.greenhouse.io/rapidrobotics,GreenHouse
218950,razorgroupgmbh,https://job-boards.greenhouse.io/razorgroupgmbh,GreenHouse
218951,rbicareers,https://job-boards.greenhouse.io/rbicareers,GreenHouse
218952,reachplatforminc,https://job-boards.greenhouse.io/reachplatforminc,GreenHouse
218953,reactioncommerce,https://job-boards.greenhouse.io/reactioncommerce,GreenHouse
218954,readai,https://job-boards.greenhouse.io/readai,GreenHouse
218955,ready2order,https://job-boards.greenhouse.io/ready2order,GreenHouse
218956,readyresponders,https://job-boards.greenhouse.io/readyresponders,GreenHouse
218957,readyset29,https://job-boards.greenhouse.io/readyset29,GreenHouse
218958,recentgraduates,https://job-boards.greenhouse.io/recentgraduates,GreenHouse
218959,reciprocity,https://job-boards.greenhouse.io/reciprocity,GreenHouse
218960,recogni,https://job-boards.greenhouse.io/recogni,GreenHouse
218961,recorainc,https://job-boards.greenhouse.io/recorainc,GreenHouse
218962,recroom,https://job-boards.greenhouse.io/recroom,GreenHouse
218963,recur,https://job-boards.greenhouse.io/recur,GreenHouse
218964,redbooth,https://job-boards.greenhouse.io/redbooth,GreenHouse
218965,redesignhealth,https://job-boards.greenhouse.io/redesignhealth,GreenHouse
218966,redis,https://job-boards.greenhouse.io/redis,GreenHouse
218967,reefparking,https://job-boards.greenhouse.io/reefparking,GreenHouse
218968,reemahealth,https://job-boards.greenhouse.io/reemahealth,GreenHouse
218969,referralonly,https://job-boards.greenhouse.io/referralonly,GreenHouse
218970,refinery29,https://job-boards.greenhouse.io/refinery29,GreenHouse
218971,regionalspotonsales,https://job-boards.greenhouse.io/regionalspotonsales,GreenHouse
218972,regrow,https://job-boards.greenhouse.io/regrow,GreenHouse
218973,reifyhealthjobs,https://job-boards.greenhouse.io/reifyhealthjobs,GreenHouse
218974,relic,https://relicentertainment.bamboohr.com/careers,bamboohr
218975,remergegmbh,https://job-boards.greenhouse.io/remergegmbh,GreenHouse
218976,remind,https://remind-me.jobs.personio.de,personio
218977,reorg,https://job-boards.greenhouse.io/reorg,GreenHouse
218978,replica,https://job-boards.greenhouse.io/replica,GreenHouse
218979,rescue,https://job-boards.greenhouse.io/rescue,GreenHouse
218980,reserv,https://ats.rippling.com/reserv,rippling
218981,retool,https://job-boards.greenhouse.io/retool,GreenHouse
218982,revelsystems,https://job-boards.greenhouse.io/revelsystems,GreenHouse
218983,revivecareers,https://job-boards.greenhouse.io/revivecareers,GreenHouse
218984,revprepaid,https://job-boards.greenhouse.io/revprepaid,GreenHouse
218985,rhconsulting,https://job-boards.greenhouse.io/rhconsulting,GreenHouse
218986,rheaply,https://job-boards.greenhouse.io/rheaply,GreenHouse
218987,rhodeskin,https://job-boards.greenhouse.io/rhodeskin,GreenHouse
218988,rhythmagency,https://job-boards.greenhouse.io/rhythmagency,GreenHouse
218989,ribbiotinc,https://job-boards.greenhouse.io/ribbiotinc,GreenHouse
218990,ribbonhealth,https://job-boards.greenhouse.io/ribbonhealth,GreenHouse
218991,ridecell,https://job-boards.greenhouse.io/ridecell,GreenHouse
218992,ridedott,https://job-boards.greenhouse.io/ridedott,GreenHouse
218993,ridedott-ground-roles,https://job-boards.greenhouse.io/ridedott-ground-roles,GreenHouse
218994,rightfoot51,https://job-boards.greenhouse.io/rightfoot51,GreenHouse
218995,ringba,https://job-boards.greenhouse.io/ringba,GreenHouse
218996,rinsed,https://job-boards.greenhouse.io/rinsed,GreenHouse
218997,ripcord,https://job-boards.greenhouse.io/ripcord,GreenHouse
218998,ripplematchinterns,https://job-boards.greenhouse.io/ripplematchinterns,GreenHouse
218999,riseinteractive,https://job-boards.greenhouse.io/riseinteractive,GreenHouse
219000,riskoptics,https://job-boards.greenhouse.io/riskoptics,GreenHouse
219001,ritualdental,https://job-boards.greenhouse.io/ritualdental,GreenHouse
219002,riverfinancial,https://job-boards.greenhouse.io/riverfinancial,GreenHouse
219003,rivian,https://job-boards.greenhouse.io/rivian,GreenHouse
219004,rockstarinternships,https://job-boards.greenhouse.io/rockstarinternships,GreenHouse
219005,rocksteadymusicschool,https://job-boards.greenhouse.io/rocksteadymusicschool,GreenHouse
219006,roidna,https://job-boards.greenhouse.io/roidna,GreenHouse
219007,rootly,https://job-boards.greenhouse.io/rootly,GreenHouse
219008,roundpointmortgageservicingcorporation,https://job-boards.greenhouse.io/roundpointmortgageservicingcorporation,GreenHouse
219009,routable,https://job-boards.greenhouse.io/routable,GreenHouse
219010,roxe,https://job-boards.greenhouse.io/roxe,GreenHouse
219011,rsinternboard,https://job-boards.greenhouse.io/rsinternboard,GreenHouse
219012,rubilaboratories33,https://job-boards.greenhouse.io/rubilaboratories33,GreenHouse
219013,rubyreceptionists,https://job-boards.greenhouse.io/rubyreceptionists,GreenHouse
219014,rudderstack,https://job-boards.greenhouse.io/rudderstack,GreenHouse
219015,runelabs,https://job-boards.greenhouse.io/runelabs,GreenHouse
219016,runwayml,https://job-boards.greenhouse.io/runwayml,GreenHouse
219017,russett,https://job-boards.greenhouse.io/russett,GreenHouse
219018,rvedufreelancenetwork,https://job-boards.greenhouse.io/rvedufreelancenetwork,GreenHouse
219019,rvfreelancenetwork,https://job-boards.greenhouse.io/rvfreelancenetwork,GreenHouse
219020,sagardcareers,https://job-boards.greenhouse.io/sagardcareers,GreenHouse
219021,sailthru,https://job-boards.greenhouse.io/sailthru,GreenHouse
219022,salaryfinance83,https://job-boards.greenhouse.io/salaryfinance83,GreenHouse
219023,saltclick,https://job-boards.greenhouse.io/saltclick,GreenHouse
219024,saltlending,https://job-boards.greenhouse.io/saltlending,GreenHouse
219025,samcarthiring,https://job-boards.greenhouse.io/samcarthiring,GreenHouse
219026,samlabs,https://job-boards.greenhouse.io/samlabs,GreenHouse
219027,samsungaustinsemiconductor,https://job-boards.greenhouse.io/samsungaustinsemiconductor,GreenHouse
219028,samsungcollegeprogram,https://job-boards.greenhouse.io/samsungcollegeprogram,GreenHouse
219029,sanabilventurestudio,https://job-boards.greenhouse.io/sanabilventurestudio,GreenHouse
219030,sandstonecaredarien,https://job-boards.greenhouse.io/sandstonecaredarien,GreenHouse
219031,sandtech,https://boards.greenhouse.io/sandtechholdingslimited,GreenHouse
219032,sanityio,https://job-boards.greenhouse.io/sanityio,GreenHouse
219033,sano,https://job-boards.greenhouse.io/sano,GreenHouse
219034,sapphireventuresllc,https://job-boards.greenhouse.io/sapphireventuresllc,GreenHouse
219035,saturn,https://job-boards.greenhouse.io/saturn,GreenHouse
219036,saturncloud,https://job-boards.greenhouse.io/saturncloud,GreenHouse
219037,saundersrealestate,https://job-boards.greenhouse.io/saundersrealestate,GreenHouse
219038,savvyinsure,https://job-boards.greenhouse.io/savvyinsure,GreenHouse
219039,scalecomputing,https://job-boards.greenhouse.io/scalecomputing,GreenHouse
219040,scalefactor,https://job-boards.greenhouse.io/scalefactor,GreenHouse
219041,scholarshipportal,https://job-boards.greenhouse.io/scholarshipportal,GreenHouse
219042,schoolleaders2324schoolyear,https://job-boards.greenhouse.io/schoolleaders2324schoolyear,GreenHouse
219043,schweigerdermatologygroup,https://job-boards.greenhouse.io/schweigerdermatologygroup,GreenHouse
219044,science,https://job-boards.greenhouse.io/science,GreenHouse
219045,sciencelogic,https://job-boards.greenhouse.io/sciencelogic,GreenHouse
219046,scope3pbc,https://job-boards.greenhouse.io/scope3pbc,GreenHouse
219047,scoremediaandgaminginc,https://job-boards.greenhouse.io/scoremediaandgaminginc,GreenHouse
219048,scorpiontherapeutics,https://job-boards.greenhouse.io/scorpiontherapeutics,GreenHouse
219049,scribetherapeutics,https://job-boards.greenhouse.io/scribetherapeutics,GreenHouse
219050,scribexindeed,https://job-boards.greenhouse.io/scribexindeed,GreenHouse
219051,scrollio,https://job-boards.greenhouse.io/scrollio,GreenHouse
219052,scuba,https://job-boards.greenhouse.io/scuba,GreenHouse
219053,scytherobotics,https://job-boards.greenhouse.io/scytherobotics,GreenHouse
219054,sdash,https://job-boards.greenhouse.io/sdash,GreenHouse
219055,seabankindonesia,https://job-boards.greenhouse.io/seabankindonesia,GreenHouse
219056,sealstorage,https://job-boards.greenhouse.io/sealstorage,GreenHouse
219057,seam,https://job-boards.greenhouse.io/seam,GreenHouse
219058,searchdiscovery,https://job-boards.greenhouse.io/searchdiscovery,GreenHouse
219059,secondspectrum,https://job-boards.greenhouse.io/secondspectrum,GreenHouse
219060,secretescapes,https://job-boards.greenhouse.io/secretescapes,GreenHouse
219061,securitybankbettercareers,https://job-boards.greenhouse.io/securitybankbettercareers,GreenHouse
219062,segmed,https://job-boards.greenhouse.io/segmed,GreenHouse
219063,segment,https://job-boards.greenhouse.io/segment,GreenHouse
219064,segmenttw,https://job-boards.greenhouse.io/segmenttw,GreenHouse
219065,seldon,https://job-boards.greenhouse.io/seldon,GreenHouse
219066,select,https://boards.greenhouse.io/selectmanagementgroup,GreenHouse
219067,selfidcareers,https://job-boards.greenhouse.io/selfidcareers,GreenHouse
219068,seluxdiagnostics,https://job-boards.greenhouse.io/seluxdiagnostics,GreenHouse
219069,semasiojobs,https://job-boards.greenhouse.io/semasiojobs,GreenHouse
219070,sendwaveapp,https://job-boards.greenhouse.io/sendwaveapp,GreenHouse
219071,sennder,https://job-boards.greenhouse.io/sennder,GreenHouse
219072,senne,https://job-boards.greenhouse.io/senne,GreenHouse
219073,sequoiabiotech,https://job-boards.greenhouse.io/sequoiabiotech,GreenHouse
219074,sequoiaconsulting,https://job-boards.greenhouse.io/sequoiaconsulting,GreenHouse
219075,sessions,https://job-boards.greenhouse.io/sessions,GreenHouse
219076,settle,https://job-boards.greenhouse.io/settle,GreenHouse
219077,seveneightcapital,https://job-boards.greenhouse.io/seveneightcapital,GreenHouse
219078,sgs,https://job-boards.greenhouse.io/sgs,GreenHouse
219079,shapeshift,https://job-boards.greenhouse.io/shapeshift,GreenHouse
219080,shapetherapeutics,https://job-boards.greenhouse.io/shapetherapeutics,GreenHouse
219081,shapeways,https://job-boards.greenhouse.io/shapeways,GreenHouse
219082,shardeumfoundation,https://job-boards.greenhouse.io/shardeumfoundation,GreenHouse
219083,shearersinternalmobility,https://job-boards.greenhouse.io/shearersinternalmobility,GreenHouse
219084,shearerssnacks,https://job-boards.greenhouse.io/shearerssnacks,GreenHouse
219085,shiftleft,https://job-boards.greenhouse.io/shiftleft,GreenHouse
219086,shipengine,https://job-boards.greenhouse.io/shipengine,GreenHouse
219087,shogun,https://job-boards.greenhouse.io/shogun,GreenHouse
219088,shopee,https://job-boards.greenhouse.io/shopee,GreenHouse
219089,shopkeep,https://job-boards.greenhouse.io/shopkeep,GreenHouse
219090,shortcut,https://job-boards.greenhouse.io/shortcut,GreenHouse
219091,shrapnelstudio,https://job-boards.greenhouse.io/shrapnelstudio,GreenHouse
219092,sibelhealth,https://job-boards.greenhouse.io/sibelhealth,GreenHouse
219093,sibros,https://ats.rippling.com/sibros-technologies,rippling
219094,sidearmsports,https://job-boards.greenhouse.io/sidearmsports,GreenHouse
219095,sidebycare,https://job-boards.greenhouse.io/sidebycare,GreenHouse
219096,sidewalklabs,https://job-boards.greenhouse.io/sidewalklabs,GreenHouse
219097,sierrallc,https://job-boards.greenhouse.io/sierrallc,GreenHouse
219098,siftscience,https://job-boards.greenhouse.io/siftscience,GreenHouse
219099,sigmoidinternational,https://job-boards.greenhouse.io/sigmoidinternational,GreenHouse
219100,signaladvisors,https://job-boards.greenhouse.io/signaladvisors,GreenHouse
219101,signatureanalytics,https://job-boards.greenhouse.io/signatureanalytics,GreenHouse
219102,signavio,https://job-boards.greenhouse.io/signavio,GreenHouse
219103,signifyhealth,https://job-boards.greenhouse.io/signifyhealth,GreenHouse
219104,signifyhealthireland,https://job-boards.greenhouse.io/signifyhealthireland,GreenHouse
219105,sigstr,https://job-boards.greenhouse.io/sigstr,GreenHouse
219106,sigtech,https://job-boards.greenhouse.io/sigtech,GreenHouse
219107,siilo,https://job-boards.greenhouse.io/siilo,GreenHouse
219108,silverfin,https://job-boards.greenhouse.io/silverfin,GreenHouse
219109,simple,https://job-boards.greenhouse.io/simple,GreenHouse
219110,simplefinance,https://job-boards.greenhouse.io/simplefinance,GreenHouse
219111,simplehealth,https://job-boards.greenhouse.io/simplehealth,GreenHouse
219112,simplesurance,https://job-boards.greenhouse.io/simplesurance,GreenHouse
219113,simplify360,https://job-boards.greenhouse.io/simplify360,GreenHouse
219114,simspace,https://jobs.ashbyhq.com/simspace-corporation,AshbyHQ
219115,sinch,https://job-boards.greenhouse.io/sinch,GreenHouse
219116,singleops,https://job-boards.greenhouse.io/singleops,GreenHouse
219117,singlesprout,https://job-boards.greenhouse.io/singlesprout,GreenHouse
219118,singulargenomics,https://job-boards.greenhouse.io/singulargenomics,GreenHouse
219119,skeletonkey,https://job-boards.greenhouse.io/skeletonkey,GreenHouse
219120,skillcentrix,https://job-boards.greenhouse.io/skillcentrix,GreenHouse
219121,skilljar,https://job-boards.greenhouse.io/skilljar,GreenHouse
219122,skipify,https://ats.rippling.com/skipify-jobs,rippling
219123,sklslabs,https://job-boards.greenhouse.io/sklslabs,GreenHouse
219124,skylotechnologies,https://job-boards.greenhouse.io/skylotechnologies,GreenHouse
219125,slayer,https://job-boards.greenhouse.io/slayer,GreenHouse
219126,slicareers,https://job-boards.greenhouse.io/slicareers,GreenHouse
219127,smalldoor,https://job-boards.greenhouse.io/smalldoor,GreenHouse
219128,smartbiz,https://job-boards.greenhouse.io/smartbiz,GreenHouse
219129,smartdesignworldwide,https://job-boards.greenhouse.io/smartdesignworldwide,GreenHouse
219130,smartersorting,https://job-boards.greenhouse.io/smartersorting,GreenHouse
219131,smartfinancial,https://job-boards.greenhouse.io/smartfinancial,GreenHouse
219132,smc,https://job-boards.greenhouse.io/smc,GreenHouse
219133,smilegatebarcelona,https://job-boards.greenhouse.io/smilegatebarcelona,GreenHouse
219134,smileidentity,https://job-boards.greenhouse.io/smileidentity,GreenHouse
219135,smus,https://job-boards.greenhouse.io/smus,GreenHouse
219136,snagajob,https://job-boards.greenhouse.io/snagajob,GreenHouse
219137,snapdocs,https://job-boards.greenhouse.io/snapdocs,GreenHouse
219138,snowflakecomputing,https://job-boards.greenhouse.io/snowflakecomputing,GreenHouse
219139,snowpeak,https://job-boards.greenhouse.io/snowpeak,GreenHouse
219140,sociummedia,https://job-boards.greenhouse.io/sociummedia,GreenHouse
219141,sodahealth,https://job-boards.greenhouse.io/sodahealth,GreenHouse
219142,softermii,https://job-boards.greenhouse.io/softermii,GreenHouse
219143,solana,https://jobs.ashbyhq.com/solana%20foundation,AshbyHQ
219144,solanafoundation,https://job-boards.greenhouse.io/solanafoundation,GreenHouse
219145,solsten,https://job-boards.greenhouse.io/solsten,GreenHouse
219146,soluna,https://job-boards.greenhouse.io/soluna,GreenHouse
219147,somespiderstudios,https://job-boards.greenhouse.io/somespiderstudios,GreenHouse
219148,sondermind,https://job-boards.greenhouse.io/sondermind,GreenHouse
219149,sonyinteractiveentertainmentplaystation,https://job-boards.greenhouse.io/sonyinteractiveentertainmentplaystation,GreenHouse
219150,soundengineeringsolutions,https://job-boards.greenhouse.io/soundengineeringsolutions,GreenHouse
219151,sounderbenefits,https://job-boards.greenhouse.io/sounderbenefits,GreenHouse
219152,soundhoundinc,https://job-boards.greenhouse.io/soundhoundinc,GreenHouse
219153,spanio,https://job-boards.greenhouse.io/spanio,GreenHouse
219154,sparkcognition,https://job-boards.greenhouse.io/sparkcognition,GreenHouse
219155,sparktechroles,https://job-boards.greenhouse.io/sparktechroles,GreenHouse
219156,sparrowventures,https://job-boards.greenhouse.io/sparrowventures,GreenHouse
219157,spartanradar,https://job-boards.greenhouse.io/spartanradar,GreenHouse
219158,spec,https://job-boards.greenhouse.io/spec,GreenHouse
219159,spideroak,https://job-boards.greenhouse.io/spideroak,GreenHouse
219160,spinlaunch,https://job-boards.greenhouse.io/spinlaunch,GreenHouse
219161,spinskinnylabsinc,https://job-boards.greenhouse.io/spinskinnylabsinc,GreenHouse
219162,spiralyze,https://job-boards.greenhouse.io/spiralyze,GreenHouse
219163,splash,https://ats.rippling.com/splash-international,rippling
219164,spliced,https://job-boards.greenhouse.io/spliced,GreenHouse
219165,split,https://job-boards.greenhouse.io/split,GreenHouse
219166,spokeo,https://job-boards.greenhouse.io/spokeo,GreenHouse
219167,spongeuk,https://job-boards.greenhouse.io/spongeuk,GreenHouse
219168,sporttrade,https://job-boards.greenhouse.io/sporttrade,GreenHouse
219169,spotai,https://job-boards.greenhouse.io/spotai,GreenHouse
219170,spotnanatechnology,https://job-boards.greenhouse.io/spotnanatechnology,GreenHouse
219171,spotoncorporate,https://job-boards.greenhouse.io/spotoncorporate,GreenHouse
219172,spotonproduct,https://job-boards.greenhouse.io/spotonproduct,GreenHouse
219173,spreadgroup,https://job-boards.greenhouse.io/spreadgroup,GreenHouse
219174,springdiscovery,https://job-boards.greenhouse.io/springdiscovery,GreenHouse
219175,sprintray,https://job-boards.greenhouse.io/sprintray,GreenHouse
219176,sprouttherapy,https://job-boards.greenhouse.io/sprouttherapy,GreenHouse
219177,sprucehealth,https://job-boards.greenhouse.io/sprucehealth,GreenHouse
219178,squadformersinc,https://job-boards.greenhouse.io/squadformersinc,GreenHouse
219179,squire,https://jobs.lever.co/getsquire,LeverCO
219180,srtx_fr,https://job-boards.greenhouse.io/srtx_fr,GreenHouse
219181,st6,https://job-boards.greenhouse.io/st6,GreenHouse
219182,stacksphere,https://job-boards.greenhouse.io/stacksphere,GreenHouse
219183,stairwell,https://job-boards.greenhouse.io/stairwell,GreenHouse
219184,stambaughness,https://job-boards.greenhouse.io/stambaughness,GreenHouse
219185,standardai,https://job-boards.greenhouse.io/standardai,GreenHouse
219186,stardust,https://job-boards.greenhouse.io/stardust,GreenHouse
219187,starry,https://ats.rippling.com/starry,rippling
219188,statement,https://job-boards.greenhouse.io/statement,GreenHouse
219189,stauer,https://job-boards.greenhouse.io/stauer,GreenHouse
219190,stc,https://job-boards.greenhouse.io/stc,GreenHouse
219191,stealth,https://job-boards.greenhouse.io/stealth,GreenHouse
219192,stealth241,https://job-boards.greenhouse.io/stealth241,GreenHouse
219193,stealthceo,https://job-boards.greenhouse.io/stealthceo,GreenHouse
219194,steelperlotmanagementllc,https://job-boards.greenhouse.io/steelperlotmanagementllc,GreenHouse
219195,stellarelements,https://job-boards.greenhouse.io/stellarelements,GreenHouse
219196,stellarhealth,https://job-boards.greenhouse.io/stellarhealth,GreenHouse
219197,stitchmoneyptyltd,https://job-boards.greenhouse.io/stitchmoneyptyltd,GreenHouse
219198,stitchpeo,https://job-boards.greenhouse.io/stitchpeo,GreenHouse
219199,stonecomercial,https://job-boards.greenhouse.io/stonecomercial,GreenHouse
219200,stord13,https://job-boards.greenhouse.io/stord13,GreenHouse
219201,storeno8,https://job-boards.greenhouse.io/storeno8,GreenHouse
219202,storicardmx,https://job-boards.greenhouse.io/storicardmx,GreenHouse
219203,storkclub,https://job-boards.greenhouse.io/storkclub,GreenHouse
219204,stormpath,https://job-boards.greenhouse.io/stormpath,GreenHouse
219205,strataidentity,https://job-boards.greenhouse.io/strataidentity,GreenHouse
219206,strategicresolutionexperts,https://job-boards.greenhouse.io/strategicresolutionexperts,GreenHouse
219207,streamlinedefense,https://job-boards.greenhouse.io/streamlinedefense,GreenHouse
219208,streamyard,https://job-boards.greenhouse.io/streamyard,GreenHouse
219209,stridertechnologies,https://job-boards.greenhouse.io/stridertechnologies,GreenHouse
219210,stringandkey,https://job-boards.greenhouse.io/stringandkey,GreenHouse
219211,stripes,https://job-boards.greenhouse.io/stripes,GreenHouse
219212,strongarmtechnologies,https://job-boards.greenhouse.io/strongarmtechnologies,GreenHouse
219213,strongholdim,https://job-boards.greenhouse.io/strongholdim,GreenHouse
219214,stryber,https://job-boards.greenhouse.io/stryber,GreenHouse
219215,studentloanhero,https://job-boards.greenhouse.io/studentloanhero,GreenHouse
219216,studiosarchitecture,https://job-boards.greenhouse.io/studiosarchitecture,GreenHouse
219217,stylitics,https://job-boards.greenhouse.io/stylitics,GreenHouse
219218,styra,https://job-boards.greenhouse.io/styra,GreenHouse
219219,sugar,https://job-boards.greenhouse.io/sugar,GreenHouse
219220,sullyai,https://job-boards.greenhouse.io/sullyai,GreenHouse
219221,summerinternships,https://job-boards.greenhouse.io/summerinternships,GreenHouse
219222,summit,https://ats.rippling.com/summithq,rippling
219223,summitpublicschools,https://job-boards.greenhouse.io/summitpublicschools,GreenHouse
219224,sumo,https://job-boards.greenhouse.io/sumo,GreenHouse
219225,sunshine,https://job-boards.greenhouse.io/sunshine,GreenHouse
219226,superbet,https://job-boards.greenhouse.io/superbet,GreenHouse
219227,superblocks,https://job-boards.greenhouse.io/superblocks,GreenHouse
219228,superlayer,https://job-boards.greenhouse.io/superlayer,GreenHouse
219229,superrarelabs,https://job-boards.greenhouse.io/superrarelabs,GreenHouse
219230,supio,https://job-boards.greenhouse.io/supio,GreenHouse
219231,supportlogic,https://job-boards.greenhouse.io/supportlogic,GreenHouse
219232,supraoracles,https://job-boards.greenhouse.io/supraoracles,GreenHouse
219233,surfair,https://job-boards.greenhouse.io/surfair,GreenHouse
219234,surgicalnotes,https://job-boards.greenhouse.io/surgicalnotes,GreenHouse
219235,sustainlife,https://job-boards.greenhouse.io/sustainlife,GreenHouse
219236,swagup,https://job-boards.greenhouse.io/swagup,GreenHouse
219237,swarmaero,https://job-boards.greenhouse.io/swarmaero,GreenHouse
219238,sweet,https://job-boards.greenhouse.io/sweet,GreenHouse
219239,sweeten,https://job-boards.greenhouse.io/sweeten,GreenHouse
219240,swirlds,https://job-boards.greenhouse.io/swirlds,GreenHouse
219241,swishanalytics,https://job-boards.greenhouse.io/swishanalytics,GreenHouse
219242,syapse,https://job-boards.greenhouse.io/syapse,GreenHouse
219243,sylva,https://job-boards.greenhouse.io/sylva,GreenHouse
219244,symbolica,https://job-boards.greenhouse.io/symbolica,GreenHouse
219245,symend,https://job-boards.greenhouse.io/symend,GreenHouse
219246,symmetrysoftware,https://job-boards.greenhouse.io/symmetrysoftware,GreenHouse
219247,synccomputing,https://job-boards.greenhouse.io/synccomputing,GreenHouse
219248,synchron,https://job-boards.greenhouse.io/synchron,GreenHouse
219249,syncron,https://job-boards.greenhouse.io/syncron,GreenHouse
219250,synctera,https://job-boards.greenhouse.io/synctera,GreenHouse
219251,synfindo,https://job-boards.greenhouse.io/synfindo,GreenHouse
219252,tablecrosskkbyfood,https://job-boards.greenhouse.io/tablecrosskkbyfood,GreenHouse
219253,tableneeds,https://job-boards.greenhouse.io/tableneeds,GreenHouse
219254,tacobell,https://job-boards.greenhouse.io/tacobell,GreenHouse
219255,tacobelljobs,https://job-boards.greenhouse.io/tacobelljobs,GreenHouse
219256,tacombi,https://job-boards.greenhouse.io/tacombi,GreenHouse
219257,taefusion60,https://job-boards.greenhouse.io/taefusion60,GreenHouse
219258,tailorbirdinc,https://job-boards.greenhouse.io/tailorbirdinc,GreenHouse
219259,tails,https://job-boards.greenhouse.io/tails,GreenHouse
219260,taittowers,https://job-boards.greenhouse.io/taittowers,GreenHouse
219261,talent_community,https://job-boards.greenhouse.io/talent_community,GreenHouse
219262,talentscreditas,https://job-boards.greenhouse.io/talentscreditas,GreenHouse
219263,tally,https://tallygroup.bamboohr.com/careers,bamboohr
219264,tallywallet,https://job-boards.greenhouse.io/tallywallet,GreenHouse
219265,talos,https://jobs.ashbyhq.com/talos-trading,AshbyHQ
219266,tamanna,https://job-boards.greenhouse.io/tamanna,GreenHouse
219267,tangocard,https://job-boards.greenhouse.io/tangocard,GreenHouse
219268,tangoio,https://job-boards.greenhouse.io/tangoio,GreenHouse
219269,tanso,https://tanso.jobs.personio.de,personio
219270,tapresearch,https://job-boards.greenhouse.io/tapresearch,GreenHouse
219271,targetrwe,https://job-boards.greenhouse.io/targetrwe,GreenHouse
219272,taskhumancoachingcommunity,https://job-boards.greenhouse.io/taskhumancoachingcommunity,GreenHouse
219273,taskhumancorporate,https://job-boards.greenhouse.io/taskhumancorporate,GreenHouse
219274,taxibeat,https://job-boards.greenhouse.io/taxibeat,GreenHouse
219275,taylorstrategy,https://job-boards.greenhouse.io/taylorstrategy,GreenHouse
219276,tbnr,https://job-boards.greenhouse.io/tbnr,GreenHouse
219277,tcgcapital,https://job-boards.greenhouse.io/tcgcapital,GreenHouse
219278,tdc,https://job-boards.greenhouse.io/tdc,GreenHouse
219279,teacherspayteachers,https://job-boards.greenhouse.io/teacherspayteachers,GreenHouse
219280,team1,https://job-boards.greenhouse.io/team1,GreenHouse
219281,teampay,https://job-boards.greenhouse.io/teampay,GreenHouse
219282,teamworthy,https://job-boards.greenhouse.io/teamworthy,GreenHouse
219283,techietalent,https://job-boards.greenhouse.io/techietalent,GreenHouse
219284,techridge,https://job-boards.greenhouse.io/techridge,GreenHouse
219285,techstars,https://job-boards.greenhouse.io/techstars,GreenHouse
219286,techtalentandstrategy,https://job-boards.greenhouse.io/techtalentandstrategy,GreenHouse
219287,teladochealth,https://job-boards.greenhouse.io/teladochealth,GreenHouse
219288,telemedicine,https://job-boards.greenhouse.io/telemedicine,GreenHouse
219289,telesign,https://job-boards.greenhouse.io/telesign,GreenHouse
219290,telgorithm,https://job-boards.greenhouse.io/telgorithm,GreenHouse
219291,telusdigitalbr,https://job-boards.greenhouse.io/telusdigitalbr,GreenHouse
219292,templafy,https://job-boards.greenhouse.io/templafy,GreenHouse
219293,tenderfood,https://job-boards.greenhouse.io/tenderfood,GreenHouse
219294,tenet,https://tenetorg.bamboohr.com/careers,bamboohr
219295,tenetfintechgroup,https://job-boards.greenhouse.io/tenetfintechgroup,GreenHouse
219296,tensor,https://job-boards.greenhouse.io/tensor,GreenHouse
219297,tenthousand,https://job-boards.greenhouse.io/tenthousand,GreenHouse
219298,terrafuse,https://job-boards.greenhouse.io/terrafuse,GreenHouse
219299,terramera,https://job-boards.greenhouse.io/terramera,GreenHouse
219300,terraytherapeutics,https://job-boards.greenhouse.io/terraytherapeutics,GreenHouse
219301,texthelp,https://job-boards.greenhouse.io/texthelp,GreenHouse
219302,textileio,https://job-boards.greenhouse.io/textileio,GreenHouse
219303,tezatechnologies,https://job-boards.greenhouse.io/tezatechnologies,GreenHouse
219304,theanaeducationalfoundation,https://job-boards.greenhouse.io/theanaeducationalfoundation,GreenHouse
219305,thearenagroup,https://job-boards.greenhouse.io/thearenagroup,GreenHouse
219306,theasianamericanfoundationtaaf,https://job-boards.greenhouse.io/theasianamericanfoundationtaaf,GreenHouse
219307,thedailybeast31,https://job-boards.greenhouse.io/thedailybeast31,GreenHouse
219308,theflatironschool,https://job-boards.greenhouse.io/theflatironschool,GreenHouse
219309,thehackerati,https://job-boards.greenhouse.io/thehackerati,GreenHouse
219310,theinformation,https://job-boards.greenhouse.io/theinformation,GreenHouse
219311,thejpbfoundation,https://job-boards.greenhouse.io/thejpbfoundation,GreenHouse
219312,thelandlinecompany,https://job-boards.greenhouse.io/thelandlinecompany,GreenHouse
219313,themanual,https://job-boards.greenhouse.io/themanual,GreenHouse
219314,themany,https://job-boards.greenhouse.io/themany,GreenHouse
219315,themarkup,https://job-boards.greenhouse.io/themarkup,GreenHouse
219316,theoakleafgroupllc,https://job-boards.greenhouse.io/theoakleafgroupllc,GreenHouse
219317,theoremlp,https://job-boards.greenhouse.io/theoremlp,GreenHouse
219318,theorg,https://job-boards.greenhouse.io/theorg,GreenHouse
219319,theoutline,https://job-boards.greenhouse.io/theoutline,GreenHouse
219320,thepennyhoarder,https://job-boards.greenhouse.io/thepennyhoarder,GreenHouse
219321,theragun,https://job-boards.greenhouse.io/theragun,GreenHouse
219322,therefinery,https://job-boards.greenhouse.io/therefinery,GreenHouse
219323,therma,https://job-boards.greenhouse.io/therma,GreenHouse
219324,theroom,https://job-boards.greenhouse.io/theroom,GreenHouse
219325,thesanfranciscochronicle,https://job-boards.greenhouse.io/thesanfranciscochronicle,GreenHouse
219326,thesisdefense,https://job-boards.greenhouse.io/thesisdefense,GreenHouse
219327,theskimm,https://job-boards.greenhouse.io/theskimm,GreenHouse
219328,thesourcery,https://job-boards.greenhouse.io/thesourcery,GreenHouse
219329,theswiftgroup,https://job-boards.greenhouse.io/theswiftgroup,GreenHouse
219330,thetustingroupasp,https://job-boards.greenhouse.io/thetustingroupasp,GreenHouse
219331,thevets,https://job-boards.greenhouse.io/thevets,GreenHouse
219332,thezebra,https://job-boards.greenhouse.io/thezebra,GreenHouse
219333,thinx,https://job-boards.greenhouse.io/thinx,GreenHouse
219334,thirdharmonicbio,https://job-boards.greenhouse.io/thirdharmonicbio,GreenHouse
219335,thnks,https://job-boards.greenhouse.io/thnks,GreenHouse
219336,thousandeyes,https://job-boards.greenhouse.io/thousandeyes,GreenHouse
219337,threeships,https://job-boards.greenhouse.io/threeships,GreenHouse
219338,thrivecapital,https://job-boards.greenhouse.io/thrivecapital,GreenHouse
219339,thriveglobal,https://job-boards.greenhouse.io/thriveglobal,GreenHouse
219340,throughline,https://job-boards.greenhouse.io/throughline,GreenHouse
219341,thumbtack,https://job-boards.greenhouse.io/thumbtack,GreenHouse
219342,thunder,https://job-boards.greenhouse.io/thunder,GreenHouse
219343,thymecare,https://job-boards.greenhouse.io/thymecare,GreenHouse
219344,tiermobility,https://job-boards.greenhouse.io/tiermobility,GreenHouse
219345,tiermobilitygermany,https://job-boards.greenhouse.io/tiermobilitygermany,GreenHouse
219346,tillatechnologies,https://job-boards.greenhouse.io/tillatechnologies,GreenHouse
219347,tiltingpoint,https://job-boards.greenhouse.io/tiltingpoint,GreenHouse
219348,timeinc,https://job-boards.greenhouse.io/timeinc,GreenHouse
219349,timeresearch,https://job-boards.greenhouse.io/timeresearch,GreenHouse
219350,tinuitisecondarypage,https://job-boards.greenhouse.io/tinuitisecondarypage,GreenHouse
219351,titelmedia,https://job-boards.greenhouse.io/titelmedia,GreenHouse
219352,tminuszero,https://job-boards.greenhouse.io/tminuszero,GreenHouse
219353,tomebio,https://job-boards.greenhouse.io/tomebio,GreenHouse
219354,tomonetworks,https://job-boards.greenhouse.io/tomonetworks,GreenHouse
219355,toposware,https://job-boards.greenhouse.io/toposware,GreenHouse
219356,topspot,https://job-boards.greenhouse.io/topspot,GreenHouse
219357,trackinglink,https://job-boards.greenhouse.io/trackinglink,GreenHouse
219358,trackmaven,https://job-boards.greenhouse.io/trackmaven,GreenHouse
219359,trackvia,https://job-boards.greenhouse.io/trackvia,GreenHouse
219360,tradecoffee,https://job-boards.greenhouse.io/tradecoffee,GreenHouse
219361,tradesy74,https://job-boards.greenhouse.io/tradesy74,GreenHouse
219362,trailerpark,https://job-boards.greenhouse.io/trailerpark,GreenHouse
219363,trailofbits,https://job-boards.greenhouse.io/trailofbits,GreenHouse
219364,trailstonegroup,https://job-boards.greenhouse.io/trailstonegroup,GreenHouse
219365,transferwise,https://job-boards.greenhouse.io/transferwise,GreenHouse
219366,translationunitedmastersstashed,https://job-boards.greenhouse.io/translationunitedmastersstashed,GreenHouse
219367,traveledge,https://job-boards.greenhouse.io/traveledge,GreenHouse
219368,traveloka,https://job-boards.greenhouse.io/traveloka,GreenHouse
219369,travelperk,https://job-boards.greenhouse.io/travelperk,GreenHouse
219370,trayio,https://job-boards.greenhouse.io/trayio,GreenHouse
219371,treasury4,https://job-boards.greenhouse.io/treasury4,GreenHouse
219372,trellisrx,https://job-boards.greenhouse.io/trellisrx,GreenHouse
219373,trialspark,https://job-boards.greenhouse.io/trialspark,GreenHouse
219374,trilogyed,https://job-boards.greenhouse.io/trilogyed,GreenHouse
219375,trilogyinstructionalengagement,https://job-boards.greenhouse.io/trilogyinstructionalengagement,GreenHouse
219376,triplebyte,https://job-boards.greenhouse.io/triplebyte,GreenHouse
219377,trlab,https://job-boards.greenhouse.io/trlab,GreenHouse
219378,trmlabs,https://job-boards.greenhouse.io/trmlabs,GreenHouse
219379,tropic,https://tropicbioscience.bamboohr.com/careers,bamboohr
219380,troupehealth,https://job-boards.greenhouse.io/troupehealth,GreenHouse
219381,truepiccareers,https://job-boards.greenhouse.io/truepiccareers,GreenHouse
219382,trulia,https://job-boards.greenhouse.io/trulia,GreenHouse
219383,trulioo,https://jobs.ashbyhq.com/trulioo,AshbyHQ
219384,trunkclub,https://job-boards.greenhouse.io/trunkclub,GreenHouse
219385,trustmachines,https://job-boards.greenhouse.io/trustmachines,GreenHouse
219386,trustory,https://job-boards.greenhouse.io/trustory,GreenHouse
219387,trustwell,https://job-boards.greenhouse.io/trustwell,GreenHouse
219388,trykarat,https://job-boards.greenhouse.io/trykarat,GreenHouse
219389,tshirtventures,https://job-boards.greenhouse.io/tshirtventures,GreenHouse
219390,tucowscampusrecruitment,https://job-boards.greenhouse.io/tucowscampusrecruitment,GreenHouse
219391,tumblr,https://job-boards.greenhouse.io/tumblr,GreenHouse
219392,tunein,https://job-boards.greenhouse.io/tunein,GreenHouse
219393,turbofish,https://job-boards.greenhouse.io/turbofish,GreenHouse
219394,turingportal,https://job-boards.greenhouse.io/turingportal,GreenHouse
219395,turnkeylenderinc,https://job-boards.greenhouse.io/turnkeylenderinc,GreenHouse
219396,turntide,https://ats.rippling.com/turntide-careers,rippling
219397,turquoisehealth,https://job-boards.greenhouse.io/turquoisehealth,GreenHouse
219398,tusimple,https://job-boards.greenhouse.io/tusimple,GreenHouse
219399,tusimplerelocationjobs,https://job-boards.greenhouse.io/tusimplerelocationjobs,GreenHouse
219400,tvscientific,https://job-boards.greenhouse.io/tvscientific,GreenHouse
219401,tweag,https://job-boards.greenhouse.io/tweag,GreenHouse
219402,twillhealth,https://job-boards.greenhouse.io/twillhealth,GreenHouse
219403,twinstar,https://job-boards.greenhouse.io/twinstar,GreenHouse
219404,twinternal,https://job-boards.greenhouse.io/twinternal,GreenHouse
219405,two,https://job-boards.greenhouse.io/two,GreenHouse
219406,twonil,https://job-boards.greenhouse.io/twonil,GreenHouse
219407,txm,https://job-boards.greenhouse.io/txm,GreenHouse
219408,u410,https://job-boards.greenhouse.io/u410,GreenHouse
219409,uchicagoepic,https://job-boards.greenhouse.io/uchicagoepic,GreenHouse
219410,uiflow,https://job-boards.greenhouse.io/uiflow,GreenHouse
219411,ultimaker,https://job-boards.greenhouse.io/ultimaker,GreenHouse
219412,ultramobile,https://job-boards.greenhouse.io/ultramobile,GreenHouse
219413,uncacheable_attributes,https://job-boards.greenhouse.io/uncacheable_attributes,GreenHouse
219414,uncommongoods,https://job-boards.greenhouse.io/uncommongoods,GreenHouse
219415,unionai,https://job-boards.greenhouse.io/unionai,GreenHouse
219416,uniplaces,https://job-boards.greenhouse.io/uniplaces,GreenHouse
219417,unit21,https://job-boards.greenhouse.io/unit21,GreenHouse
219418,unitedstatesgolfassociation,https://job-boards.greenhouse.io/unitedstatesgolfassociation,GreenHouse
219419,universalhydrogen,https://job-boards.greenhouse.io/universalhydrogen,GreenHouse
219420,universeenergy,https://job-boards.greenhouse.io/universeenergy,GreenHouse
219421,unohealth,https://job-boards.greenhouse.io/unohealth,GreenHouse
219422,upsolver,https://job-boards.greenhouse.io/upsolver,GreenHouse
219423,upstreamcare,https://job-boards.greenhouse.io/upstreamcare,GreenHouse
219424,uptake,https://job-boards.greenhouse.io/uptake,GreenHouse
219425,uptivhealth,https://job-boards.greenhouse.io/uptivhealth,GreenHouse
219426,upworthy,https://job-boards.greenhouse.io/upworthy,GreenHouse
219427,urbanfootprint,https://job-boards.greenhouse.io/urbanfootprint,GreenHouse
219428,urbint,https://job-boards.greenhouse.io/urbint,GreenHouse
219429,urbnleaf,https://job-boards.greenhouse.io/urbnleaf,GreenHouse
219430,urx,https://job-boards.greenhouse.io/urx,GreenHouse
219431,usablemachines,https://job-boards.greenhouse.io/usablemachines,GreenHouse
219432,userinterviews,https://job-boards.greenhouse.io/userinterviews,GreenHouse
219433,userleap,https://job-boards.greenhouse.io/userleap,GreenHouse
219434,ushur,https://job-boards.greenhouse.io/ushur,GreenHouse
219435,usjetaa,https://job-boards.greenhouse.io/usjetaa,GreenHouse
219436,ustwo,https://job-boards.greenhouse.io/ustwo,GreenHouse
219437,ustwogames,https://job-boards.greenhouse.io/ustwogames,GreenHouse
219438,utilityapi,https://job-boards.greenhouse.io/utilityapi,GreenHouse
219439,vac,https://job-boards.greenhouse.io/vac,GreenHouse
219440,valiantharborinternationalllc,https://job-boards.greenhouse.io/valiantharborinternationalllc,GreenHouse
219441,valimailinc,https://job-boards.greenhouse.io/valimailinc,GreenHouse
219442,valleyview,https://job-boards.greenhouse.io/valleyview,GreenHouse
219443,valorainc,https://job-boards.greenhouse.io/valorainc,GreenHouse
219444,vanecapital,https://job-boards.greenhouse.io/vanecapital,GreenHouse
219445,vantaiinc,https://job-boards.greenhouse.io/vantaiinc,GreenHouse
219446,vareto,https://job-boards.greenhouse.io/vareto,GreenHouse
219447,varsitytutors,https://job-boards.greenhouse.io/varsitytutors,GreenHouse
219448,vatcllc123,https://job-boards.greenhouse.io/vatcllc123,GreenHouse
219449,vault,https://job-boards.greenhouse.io/vault,GreenHouse
219450,vayu,https://job-boards.greenhouse.io/vayu,GreenHouse
219451,vdxtvakaexponentialinteractive,https://job-boards.greenhouse.io/vdxtvakaexponentialinteractive,GreenHouse
219452,veem,https://job-boards.greenhouse.io/veem,GreenHouse
219453,veesearch,https://job-boards.greenhouse.io/veesearch,GreenHouse
219454,velocityglobal,https://job-boards.greenhouse.io/velocityglobal,GreenHouse
219455,velodyne,https://job-boards.greenhouse.io/velodyne,GreenHouse
219456,venafi,https://job-boards.greenhouse.io/venafi,GreenHouse
219457,vendia,https://job-boards.greenhouse.io/vendia,GreenHouse
219458,vendr,https://job-boards.greenhouse.io/vendr,GreenHouse
219459,venmo,https://job-boards.greenhouse.io/venmo,GreenHouse
219460,ventureforamerica,https://job-boards.greenhouse.io/ventureforamerica,GreenHouse
219461,verbenergy,https://job-boards.greenhouse.io/verbenergy,GreenHouse
219462,veronapharma,https://job-boards.greenhouse.io/veronapharma,GreenHouse
219463,vertocareers,https://job-boards.greenhouse.io/vertocareers,GreenHouse
219464,verusaerospace,https://job-boards.greenhouse.io/verusaerospace,GreenHouse
219465,vesartex,https://job-boards.greenhouse.io/vesartex,GreenHouse
219466,vestahealthcare,https://job-boards.greenhouse.io/vestahealthcare,GreenHouse
219467,vestal,https://job-boards.greenhouse.io/vestal,GreenHouse
219468,vetstoria,https://job-boards.greenhouse.io/vetstoria,GreenHouse
219469,vettery,https://job-boards.greenhouse.io/vettery,GreenHouse
219470,viber,https://job-boards.greenhouse.io/viber,GreenHouse
219471,vice,https://job-boards.greenhouse.io/vice,GreenHouse
219472,vicecanada,https://job-boards.greenhouse.io/vicecanada,GreenHouse
219473,viderityinc,https://job-boards.greenhouse.io/viderityinc,GreenHouse
219474,vidyard,https://job-boards.greenhouse.io/vidyard,GreenHouse
219475,vimeo,https://job-boards.greenhouse.io/vimeo,GreenHouse
219476,vipvermontinformationprocessing,https://job-boards.greenhouse.io/vipvermontinformationprocessing,GreenHouse
219477,virtasant,https://job-boards.greenhouse.io/virtasant,GreenHouse
219478,virtex,https://job-boards.greenhouse.io/virtex,GreenHouse
219479,virtualhealth,https://job-boards.greenhouse.io/virtualhealth,GreenHouse
219480,visbymedical,https://job-boards.greenhouse.io/visbymedical,GreenHouse
219481,visor,https://job-boards.greenhouse.io/visor,GreenHouse
219482,vivian,https://job-boards.greenhouse.io/vivian,GreenHouse
219483,vividly,https://ats.rippling.com/vividly,rippling
219484,vizai,https://job-boards.greenhouse.io/vizai,GreenHouse
219485,vizgen,https://job-boards.greenhouse.io/vizgen,GreenHouse
219486,vizit,https://job-boards.greenhouse.io/vizit,GreenHouse
219487,voice,https://job-boards.greenhouse.io/voice,GreenHouse
219488,volleythat,https://job-boards.greenhouse.io/volleythat,GreenHouse
219489,voltacharging,https://job-boards.greenhouse.io/voltacharging,GreenHouse
219490,voltrondata,https://job-boards.greenhouse.io/voltrondata,GreenHouse
219491,vouchinsurance,https://job-boards.greenhouse.io/vouchinsurance,GreenHouse
219492,vowgroup,https://job-boards.greenhouse.io/vowgroup,GreenHouse
219493,voxy,https://job-boards.greenhouse.io/voxy,GreenHouse
219494,vuestorefront,https://job-boards.greenhouse.io/vuestorefront,GreenHouse
219495,vungle,https://job-boards.greenhouse.io/vungle,GreenHouse
219496,vytalizehealth,https://job-boards.greenhouse.io/vytalizehealth,GreenHouse
219497,waku,https://job-boards.greenhouse.io/waku,GreenHouse
219498,waldo,https://job-boards.greenhouse.io/waldo,GreenHouse
219499,walleyecapital-external-internships,https://job-boards.greenhouse.io/walleyecapital-external-internships,GreenHouse
219500,walmartasr,https://job-boards.greenhouse.io/walmartasr,GreenHouse
219501,warbyparker,https://job-boards.greenhouse.io/warbyparker,GreenHouse
219502,wargamingru,https://job-boards.greenhouse.io/wargamingru,GreenHouse
219503,watershedclimate,https://job-boards.greenhouse.io/watershedclimate,GreenHouse
219504,waveapp,https://job-boards.greenhouse.io/waveapp,GreenHouse
219505,wavemm,https://job-boards.greenhouse.io/wavemm,GreenHouse
219506,waverleystreetfoundation,https://job-boards.greenhouse.io/waverleystreetfoundation,GreenHouse
219507,wavexr,https://job-boards.greenhouse.io/wavexr,GreenHouse
219508,wayfair,https://job-boards.greenhouse.io/wayfair,GreenHouse
219509,wayup,https://job-boards.greenhouse.io/wayup,GreenHouse
219510,weareservicemax,https://job-boards.greenhouse.io/weareservicemax,GreenHouse
219511,weatherbug,https://job-boards.greenhouse.io/weatherbug,GreenHouse
219512,weatherwaxbio,https://job-boards.greenhouse.io/weatherwaxbio,GreenHouse
219513,weavegrid,https://job-boards.greenhouse.io/weavegrid,GreenHouse
219514,weavehq,https://job-boards.greenhouse.io/weavehq,GreenHouse
219515,webgility,https://job-boards.greenhouse.io/webgility,GreenHouse
219516,weconnectrecovery,https://job-boards.greenhouse.io/weconnectrecovery,GreenHouse
219517,well,https://job-boards.greenhouse.io/well,GreenHouse
219518,wellhealthinc,https://job-boards.greenhouse.io/wellhealthinc,GreenHouse
219519,wellsaidlabs,https://job-boards.greenhouse.io/wellsaidlabs,GreenHouse
219520,west10llc,https://job-boards.greenhouse.io/west10llc,GreenHouse
219521,westmonroe1,https://job-boards.greenhouse.io/westmonroe1,GreenHouse
219522,weworkglobalit,https://job-boards.greenhouse.io/weworkglobalit,GreenHouse
219523,wheniwork,https://job-boards.greenhouse.io/wheniwork,GreenHouse
219524,whipmedia,https://job-boards.greenhouse.io/whipmedia,GreenHouse
219525,whiskercloud,https://job-boards.greenhouse.io/whiskercloud,GreenHouse
219526,whispir,https://job-boards.greenhouse.io/whispir,GreenHouse
219527,whistlelabs,https://job-boards.greenhouse.io/whistlelabs,GreenHouse
219528,whistlesports,https://job-boards.greenhouse.io/whistlesports,GreenHouse
219529,whiteops,https://job-boards.greenhouse.io/whiteops,GreenHouse
219530,wideorbit,https://job-boards.greenhouse.io/wideorbit,GreenHouse
219531,wileyedgerecruitingportal,https://job-boards.greenhouse.io/wileyedgerecruitingportal,GreenHouse
219532,willowtree,https://job-boards.greenhouse.io/willowtree,GreenHouse
219533,winbg,https://job-boards.greenhouse.io/winbg,GreenHouse
219534,windfallbio,https://job-boards.greenhouse.io/windfallbio,GreenHouse
219535,wirewheel,https://job-boards.greenhouse.io/wirewheel,GreenHouse
219536,wirexlimited,https://job-boards.greenhouse.io/wirexlimited,GreenHouse
219537,witheritelawgroup,https://job-boards.greenhouse.io/witheritelawgroup,GreenHouse
219538,within,https://job-boards.greenhouse.io/within,GreenHouse
219539,withotter,https://job-boards.greenhouse.io/withotter,GreenHouse
219540,wizardsofthecoast,https://job-boards.greenhouse.io/wizardsofthecoast,GreenHouse
219541,wizehiveusa,https://job-boards.greenhouse.io/wizehiveusa,GreenHouse
219542,womply,https://job-boards.greenhouse.io/womply,GreenHouse
219543,wonderjobs,https://job-boards.greenhouse.io/wonderjobs,GreenHouse
219544,wondersco,https://job-boards.greenhouse.io/wondersco,GreenHouse
219545,woodrodgers,https://job-boards.greenhouse.io/woodrodgers,GreenHouse
219546,woodruffsawyer,https://job-boards.greenhouse.io/woodruffsawyer,GreenHouse
219547,woonetwork,https://job-boards.greenhouse.io/woonetwork,GreenHouse
219548,wordpressvip,https://job-boards.greenhouse.io/wordpressvip,GreenHouse
219549,workco,https://job-boards.greenhouse.io/workco,GreenHouse
219550,workforef,https://job-boards.greenhouse.io/workforef,GreenHouse
219551,workmarket,https://job-boards.greenhouse.io/workmarket,GreenHouse
219552,workrise,https://job-boards.greenhouse.io/workrise,GreenHouse
219553,workshopapd,https://job-boards.greenhouse.io/workshopapd,GreenHouse
219554,workshopdigital,https://job-boards.greenhouse.io/workshopdigital,GreenHouse
219555,worldcoinorg,https://job-boards.greenhouse.io/worldcoinorg,GreenHouse
219556,worldsuntold,https://job-boards.greenhouse.io/worldsuntold,GreenHouse
219557,wormholefoundation,https://job-boards.greenhouse.io/wormholefoundation,GreenHouse
219558,worthi,https://job-boards.greenhouse.io/worthi,GreenHouse
219559,wppit,https://job-boards.greenhouse.io/wppit,GreenHouse
219560,wurstacorporation,https://job-boards.greenhouse.io/wurstacorporation,GreenHouse
219561,wyndlabs,https://job-boards.greenhouse.io/wyndlabs,GreenHouse
219562,wysemetersolutionsinc,https://job-boards.greenhouse.io/wysemetersolutionsinc,GreenHouse
219563,xanpool,https://job-boards.greenhouse.io/xanpool,GreenHouse
219564,xgeeks,https://job-boards.greenhouse.io/xgeeks,GreenHouse
219565,xgs,https://job-boards.greenhouse.io/xgs,GreenHouse
219566,xhiring,https://job-boards.greenhouse.io/xhiring,GreenHouse
219567,xmtp,https://job-boards.greenhouse.io/xmtp,GreenHouse
219568,xpincmlhr3,https://job-boards.greenhouse.io/xpincmlhr3,GreenHouse
219569,xwing,https://job-boards.greenhouse.io/xwing,GreenHouse
219570,yaypay,https://job-boards.greenhouse.io/yaypay,GreenHouse
219571,yembo,https://ats.rippling.com/yembo,rippling
219572,yesshecodes,https://job-boards.greenhouse.io/yesshecodes,GreenHouse
219573,yeti,https://job-boards.greenhouse.io/yeti,GreenHouse
219574,yieldstreet,https://job-boards.greenhouse.io/yieldstreet,GreenHouse
219575,yohana,https://job-boards.greenhouse.io/yohana,GreenHouse
219576,youhealthproviders,https://job-boards.greenhouse.io/youhealthproviders,GreenHouse
219577,yoursuper,https://job-boards.greenhouse.io/yoursuper,GreenHouse
219578,youthinc,https://job-boards.greenhouse.io/youthinc,GreenHouse
219579,yprime,https://job-boards.greenhouse.io/yprime,GreenHouse
219580,yugalabs,https://job-boards.greenhouse.io/yugalabs,GreenHouse
219581,yummly,https://job-boards.greenhouse.io/yummly,GreenHouse
219582,zap,https://job-boards.greenhouse.io/zap,GreenHouse
219583,zapiercareers,https://job-boards.greenhouse.io/zapiercareers,GreenHouse
219584,zava,https://job-boards.greenhouse.io/zava,GreenHouse
219585,zealcareers,https://job-boards.greenhouse.io/zealcareers,GreenHouse
219586,zelusanalytics,https://job-boards.greenhouse.io/zelusanalytics,GreenHouse
219587,zemogajobs,https://job-boards.greenhouse.io/zemogajobs,GreenHouse
219588,zenefits,https://job-boards.greenhouse.io/zenefits,GreenHouse
219589,zenpayroll,https://job-boards.greenhouse.io/zenpayroll,GreenHouse
219590,zeplin,https://job-boards.greenhouse.io/zeplin,GreenHouse
219591,zepzgroup,https://job-boards.greenhouse.io/zepzgroup,GreenHouse
219592,zesty,https://job-boards.greenhouse.io/zesty,GreenHouse
219593,ziina,https://job-boards.greenhouse.io/ziina,GreenHouse
219594,zilliqa,https://job-boards.greenhouse.io/zilliqa,GreenHouse
219595,zing,https://job-boards.greenhouse.io/zing,GreenHouse
219596,zitaratechnologiesinc,https://job-boards.greenhouse.io/zitaratechnologiesinc,GreenHouse
219597,zolar,https://job-boards.greenhouse.io/zolar,GreenHouse
219598,ztxfoundation,https://job-boards.greenhouse.io/ztxfoundation,GreenHouse
219599,10up-2,https://jobs.lever.co/10up-2,LeverCO
219600,1776,https://jobs.lever.co/1776,LeverCO
219601,18c,https://jobs.lever.co/18c,LeverCO
219602,21,https://jobs.lever.co/21,LeverCO
219603,2a,https://jobs.lever.co/2a,LeverCO
219604,3box,https://jobs.lever.co/3box,LeverCO
219605,3dhubs,https://jobs.lever.co/3dhubs,LeverCO
219606,3xmgroup,https://jobs.lever.co/3xmgroup,LeverCO
219607,4mation,https://jobs.lever.co/4mation,LeverCO
219608,4sightsupplychain,https://jobs.lever.co/4sightsupplychain,LeverCO
219609,500,https://jobs.lever.co/500,LeverCO
219610,522productions,https://jobs.lever.co/522productions,LeverCO
219611,54collective,https://jobs.lever.co/54collective,LeverCO
219612,5xdata,https://jobs.lever.co/5xdata,LeverCO
219613,7geese,https://jobs.lever.co/7geese,LeverCO
219614,8thlight,https://jobs.lever.co/8thlight,LeverCO
219615,8x8,https://jobs.lever.co/8x8,LeverCO
219616,99taxis,https://jobs.lever.co/99taxis,LeverCO
219617,abacus,https://jobs.lever.co/abacus,LeverCO
219618,ablspacesystems,https://jobs.lever.co/ablspacesystems,LeverCO
219619,abtasty,https://jobs.lever.co/abtasty,LeverCO
219620,acala,https://jobs.lever.co/acala,LeverCO
219621,acast,https://jobs.lever.co/acast,LeverCO
219622,acl,https://jobs.lever.co/acl,LeverCO
219623,aclaimant,https://jobs.lever.co/aclaimant,LeverCO
219624,acpl,https://jobs.lever.co/acpl,LeverCO
219625,act,https://jobs.lever.co/act,LeverCO
219626,ad2games,https://jobs.lever.co/ad2games,LeverCO
219627,ada-diamonds,https://jobs.lever.co/ada-diamonds,LeverCO
219628,adaptavist,https://jobs.lever.co/adaptavist,LeverCO
219629,adcolony,https://jobs.lever.co/adcolony,LeverCO
219630,adeptailabs,https://jobs.lever.co/adeptailabs,LeverCO
219631,advancednavigation,https://jobs.lever.co/advancednavigation,LeverCO
219632,aeler,https://jobs.lever.co/aeler,LeverCO
219633,aerialapplications,https://jobs.lever.co/aerialapplications,LeverCO
219634,afreshtechnologies,https://jobs.lever.co/afreshtechnologies,LeverCO
219635,afterpaytouch,https://jobs.lever.co/afterpaytouch,LeverCO
219636,agentnoon,https://jobs.lever.co/agentnoon,LeverCO
219637,agotai,https://jobs.lever.co/agotai,LeverCO
219638,aidaly,https://jobs.lever.co/aidaly,LeverCO
219639,aidash,https://jobs.lever.co/aidash,LeverCO
219640,aifoundation,https://jobs.lever.co/aifoundation,LeverCO
219641,ailens,https://jobs.lever.co/ailens,LeverCO
219642,aira,https://jobs.lever.co/aira,LeverCO
219643,airhouse,https://jobs.lever.co/airhouse,LeverCO
219644,airprotein,https://jobs.lever.co/airprotein,LeverCO
219645,airshipsyndicate,https://jobs.lever.co/airshipsyndicate,LeverCO
219646,akashnetwork,https://jobs.lever.co/akashnetwork,LeverCO
219647,akitasoftware,https://jobs.lever.co/akitasoftware,LeverCO
219648,alcion,https://jobs.lever.co/alcion,LeverCO
219649,aleysian,https://jobs.lever.co/aleysian,LeverCO
219650,algotive,https://jobs.lever.co/algotive,LeverCO
219651,alice,https://jobs.lever.co/alice,LeverCO
219652,alictus,https://jobs.lever.co/alictus,LeverCO
219653,alida,https://jobs.lever.co/alida,LeverCO
219654,allstripes,https://jobs.lever.co/allstripes,LeverCO
219655,alpineimmunesciences,https://jobs.lever.co/alpineimmunesciences,LeverCO
219656,altrio,https://jobs.lever.co/altrio,LeverCO
219657,aluna,https://jobs.lever.co/aluna,LeverCO
219658,amaro,https://jobs.lever.co/amaro,LeverCO
219659,amaze,https://jobs.lever.co/amaze,LeverCO
219660,amberbio,https://jobs.lever.co/amberbio,LeverCO
219661,ambercycle,https://jobs.lever.co/ambercycle,LeverCO
219662,amberflo,https://jobs.lever.co/amberflo,LeverCO
219663,amerisave,https://jobs.jobvite.com/amerisavecareers,jobvite
219664,amiri,https://jobs.lever.co/amiri,LeverCO
219665,amobee,https://jobs.lever.co/amobee,LeverCO
219666,ams-corp,https://jobs.lever.co/ams-corp,LeverCO
219667,amused-group,https://jobs.lever.co/amused-group,LeverCO
219668,analog,https://analogdevices.wd1.myworkdayjobs.com/external,WorkDay
219669,analuisa,https://jobs.lever.co/analuisa,LeverCO
219670,anduril,https://jobs.lever.co/anduril,LeverCO
219671,angaza,https://jobs.lever.co/angaza,LeverCO
219672,animaker,https://jobs.lever.co/animaker,LeverCO
219673,animoto,https://jobs.lever.co/animoto,LeverCO
219674,anlatan,https://jobs.lever.co/anlatan,LeverCO
219675,anomalo,https://jobs.lever.co/anomalo,LeverCO
219676,anovium,https://jobs.lever.co/anovium,LeverCO
219677,antisocialsocialcapital,https://jobs.lever.co/antisocialsocialcapital,LeverCO
219678,anyperk,https://jobs.lever.co/anyperk,LeverCO
219679,apartmentlife,https://jobs.lever.co/apartmentlife,LeverCO
219680,apdscorporate,https://jobs.lever.co/apdscorporate,LeverCO
219681,apex,https://jobs.lever.co/apex,LeverCO
219682,api-ux,https://jobs.lever.co/api-ux,LeverCO
219683,apible,https://jobs.lever.co/apible,LeverCO
219684,apollographql,https://jobs.lever.co/apollographql,LeverCO
219685,aposto,https://jobs.lever.co/aposto,LeverCO
219686,appacademy,https://jobs.lever.co/appacademy,LeverCO
219687,appboxo,https://jobs.lever.co/appboxo,LeverCO
219688,apphub,https://jobs.lever.co/apphub,LeverCO
219689,appsilon,https://jobs.lever.co/appsilon,LeverCO
219690,apptegy,https://jobs.lever.co/apptegy,LeverCO
219691,apptimize,https://jobs.lever.co/apptimize,LeverCO
219692,apt-deco,https://jobs.lever.co/apt-deco,LeverCO
219693,aquicore,https://jobs.lever.co/aquicore,LeverCO
219694,arceoanalytics,https://jobs.lever.co/arceoanalytics,LeverCO
219695,area1security,https://jobs.lever.co/area1security,LeverCO
219696,ariwalsh,https://jobs.lever.co/ariwalsh,LeverCO
219697,ark-solutions-inc,https://jobs.lever.co/ark-solutions-inc,LeverCO
219698,arkbiotech,https://jobs.lever.co/arkbiotech,LeverCO
219699,arpa,https://jobs.lever.co/arpa,LeverCO
219700,arrive,https://jobs.lever.co/arrive,LeverCO
219701,artblocks,https://jobs.lever.co/artblocks,LeverCO
219702,artificial,https://jobs.ashbyhq.com/artificial.agency,AshbyHQ
219703,asap,https://jobs.lever.co/asap,LeverCO
219704,ascoeq,https://jobs.lever.co/ascoeq,LeverCO
219705,asfar,https://jobs.lever.co/asfar,LeverCO
219706,aspiration-2,https://jobs.lever.co/aspiration-2,LeverCO
219707,asthomecares,https://jobs.lever.co/asthomecares,LeverCO
219708,atekinc,https://jobs.lever.co/atekinc,LeverCO
219709,athleticgreens,https://jobs.lever.co/athleticgreens,LeverCO
219710,atmosphere,https://jobs.lever.co/atmosphere,LeverCO
219711,atonarp,https://jobs.lever.co/atonarp,LeverCO
219712,attackiq,https://jobs.lever.co/attackiq,LeverCO
219713,attentivemobile,https://jobs.lever.co/attentivemobile,LeverCO
219714,audius,https://jobs.lever.co/audius,LeverCO
219715,augmedix,https://jobs.lever.co/augmedix,LeverCO
219716,aurorainsight,https://jobs.lever.co/aurorainsight,LeverCO
219717,auth0,https://jobs.lever.co/auth0,LeverCO
219718,av,https://jobs.lever.co/av,LeverCO
219719,ava,https://jobs.lever.co/ava,LeverCO
219720,avela,https://jobs.lever.co/avela,LeverCO
219721,avratalent,https://jobs.lever.co/avratalent,LeverCO
219722,awake-security,https://jobs.lever.co/awake-security,LeverCO
219723,axiomzen,https://jobs.lever.co/axiomzen,LeverCO
219724,axoni,https://jobs.lever.co/axoni,LeverCO
219725,axonify,https://jobs.lever.co/axonify,LeverCO
219726,azavea,https://jobs.lever.co/azavea,LeverCO
219727,aztal,https://jobs.lever.co/aztal,LeverCO
219728,babylonhealth,https://jobs.lever.co/babylonhealth,LeverCO
219729,back,https://jobs.lever.co/back,LeverCO
219730,backbone,https://jobs.lever.co/backbone,LeverCO
219731,backstage,https://jobs.lever.co/backstage,LeverCO
219732,badal,https://jobs.lever.co/badal,LeverCO
219733,bai-inc,https://jobs.lever.co/bai-inc,LeverCO
219734,baller,https://jobs.lever.co/baller,LeverCO
219735,bambee,https://jobs.lever.co/bambee,LeverCO
219736,bamtradingservices,https://jobs.lever.co/bamtradingservices,LeverCO
219737,banglalink,https://jobs.lever.co/banglalink,LeverCO
219738,barecremation,https://jobs.lever.co/barecremation,LeverCO
219739,barefootproximity,https://jobs.lever.co/barefootproximity,LeverCO
219740,barkleyus,https://jobs.lever.co/barkleyus,LeverCO
219741,barley,https://jobs.lever.co/barley,LeverCO
219742,barrel,https://jobs.lever.co/barrel,LeverCO
219743,batterymetals,https://jobs.lever.co/batterymetals,LeverCO
219744,bayzat,https://jobs.lever.co/bayzat,LeverCO
219745,bb2bank,https://jobs.lever.co/bb2bank,LeverCO
219746,bcg,https://jobs.lever.co/bcg,LeverCO
219747,beacon,https://boards.greenhouse.io/beaconbiosignals,GreenHouse
219748,beacondigitalmarketing,https://jobs.lever.co/beacondigitalmarketing,LeverCO
219749,beam-impact,https://jobs.lever.co/beam-impact,LeverCO
219750,beanstalkagtech,https://jobs.lever.co/beanstalkagtech,LeverCO
219751,beautyhaul,https://jobs.lever.co/beautyhaul,LeverCO
219752,bebop,https://jobs.lever.co/bebop,LeverCO
219753,beetalents,https://jobs.lever.co/beetalents,LeverCO
219754,bellhops,https://jobs.lever.co/bellhops,LeverCO
219755,benlabs,https://jobs.lever.co/benlabs,LeverCO
219756,betstamp,https://jobs.lever.co/betstamp,LeverCO
219757,betterplaceforests,https://jobs.lever.co/betterplaceforests,LeverCO
219758,beyond-creative,https://jobs.lever.co/beyond-creative,LeverCO
219759,beyondpricing,https://jobs.lever.co/beyondpricing,LeverCO
219760,bfp,https://jobs.lever.co/bfp,LeverCO
219761,bigfootbiomedical,https://jobs.lever.co/bigfootbiomedical,LeverCO
219762,bigtime,https://jobs.lever.co/bigtime,LeverCO
219763,bill,https://jobs.lever.co/bill,LeverCO
219764,bimone,https://jobs.lever.co/bimone,LeverCO
219765,biobot,https://jobs.lever.co/biobot,LeverCO
219766,bioenergydevco,https://jobs.lever.co/bioenergydevco,LeverCO
219767,birdcanada,https://jobs.lever.co/birdcanada,LeverCO
219768,bitdefender,https://jobs.lever.co/bitdefender,LeverCO
219769,bitnami,https://jobs.lever.co/bitnami,LeverCO
219770,bitquilltech,https://jobs.lever.co/bitquilltech,LeverCO
219771,bitwiseinvestments,https://jobs.lever.co/bitwiseinvestments,LeverCO
219772,bixal,https://jobs.lever.co/bixal,LeverCO
219773,blackcrow,https://jobs.lever.co/blackcrow,LeverCO
219774,blackriflecoffee,https://blackriflecoffee.wd12.myworkdayjobs.com/black_rifle_coffee_external_careers,WorkDay
219775,blendlabs,https://jobs.lever.co/blendlabs,LeverCO
219776,blocknative,https://jobs.lever.co/blocknative,LeverCO
219777,blockspring,https://jobs.lever.co/blockspring,LeverCO
219778,blockstack,https://jobs.lever.co/blockstack,LeverCO
219779,blockswap,https://jobs.lever.co/blockswap,LeverCO
219780,bloomcredit,https://jobs.lever.co/bloomcredit,LeverCO
219781,bloomthat,https://jobs.lever.co/bloomthat,LeverCO
219782,blueboard,https://jobs.lever.co/blueboard,LeverCO
219783,bluecore,https://jobs.lever.co/bluecore,LeverCO
219784,bluedot,https://jobs.lever.co/bluedot,LeverCO
219785,bluejlegal,https://jobs.lever.co/bluejlegal,LeverCO
219786,bluelabs,https://jobs.lever.co/bluelabs,LeverCO
219787,blueoceanai,https://jobs.lever.co/blueoceanai,LeverCO
219788,blueoceanbarns,https://jobs.lever.co/blueoceanbarns,LeverCO
219789,blueprinttitle,https://jobs.lever.co/blueprinttitle,LeverCO
219790,bluesinc,https://jobs.lever.co/bluesinc,LeverCO
219791,bluewheelmedia,https://jobs.lever.co/bluewheelmedia,LeverCO
219792,blum,https://jobs.lever.co/blum,LeverCO
219793,boastai,https://jobs.lever.co/boastai,LeverCO
219794,boats,https://jobs.lever.co/boats,LeverCO
219795,bodo,https://jobs.lever.co/bodo,LeverCO
219796,bodyport,https://jobs.lever.co/bodyport,LeverCO
219797,bonial-2,https://jobs.lever.co/bonial-2,LeverCO
219798,bonusly,https://ats.rippling.com/bonusly,rippling
219799,bookeeapp,https://jobs.lever.co/bookeeapp,LeverCO
219800,booknooklearning,https://jobs.lever.co/booknooklearning,LeverCO
219801,boostedboards,https://jobs.lever.co/boostedboards,LeverCO
219802,boringcompany,https://jobs.lever.co/boringcompany,LeverCO
219803,bostondynamicsaiinstitute,https://jobs.lever.co/bostondynamicsaiinstitute,LeverCO
219804,botify,https://jobs.lever.co/botify,LeverCO
219805,bottlerocketstudios,https://jobs.lever.co/bottlerocketstudios,LeverCO
219806,boulderingproject,https://jobs.lever.co/boulderingproject,LeverCO
219807,bound,https://jobs.lever.co/bound,LeverCO
219808,boweryfarming,https://jobs.lever.co/boweryfarming,LeverCO
219809,brainnest,https://jobs.lever.co/brainnest,LeverCO
219810,brand-knew,https://jobs.lever.co/brand-knew,LeverCO
219811,braveventurelabs,https://jobs.lever.co/braveventurelabs,LeverCO
219812,brazoderecho,https://jobs.lever.co/brazoderecho,LeverCO
219813,breakwatertech,https://jobs.lever.co/breakwatertech,LeverCO
219814,brewbike,https://jobs.lever.co/brewbike,LeverCO
219815,brewbird,https://jobs.lever.co/brewbird,LeverCO
219816,brighthealthplan,https://jobs.lever.co/brighthealthplan,LeverCO
219817,brimstoneenergy,https://jobs.lever.co/brimstoneenergy,LeverCO
219818,broadwaytechnology,https://jobs.lever.co/broadwaytechnology,LeverCO
219819,bssp,https://jobs.lever.co/bssp,LeverCO
219820,btc,https://jobs.lever.co/btc,LeverCO
219821,buildatmos,https://jobs.lever.co/buildatmos,LeverCO
219822,buildgc,https://jobs.lever.co/buildgc,LeverCO
219823,buildzoom,https://jobs.lever.co/buildzoom,LeverCO
219824,builtrobotics,https://jobs.lever.co/builtrobotics,LeverCO
219825,bukuwarung,https://jobs.lever.co/bukuwarung,LeverCO
219826,bunches,https://jobs.lever.co/bunches,LeverCO
219827,bundle,https://jobs.lever.co/bundle,LeverCO
219828,bungalow,https://jobs.lever.co/bungalow,LeverCO
219829,buoyhealth,https://jobs.lever.co/buoyhealth,LeverCO
219830,bustle,https://jobs.lever.co/bustle,LeverCO
219831,butterpayments,https://jobs.lever.co/butterpayments,LeverCO
219832,bvaccel,https://jobs.lever.co/bvaccel,LeverCO
219833,c16bio,https://jobs.lever.co/c16bio,LeverCO
219834,call9,https://jobs.lever.co/call9,LeverCO
219835,callistomedia,https://jobs.lever.co/callistomedia,LeverCO
219836,calven,https://jobs.lever.co/calven,LeverCO
219837,campspot,https://ats.rippling.com/campspot,rippling
219838,canva,https://jobs.lever.co/canva,LeverCO
219839,captiv8,https://jobs.lever.co/captiv8,LeverCO
219840,carbon6technologies,https://jobs.lever.co/carbon6technologies,LeverCO
219841,cardanofoundation,https://jobs.lever.co/cardanofoundation,LeverCO
219842,careaccessresearch,https://jobs.lever.co/careaccessresearch,LeverCO
219843,careerstaffing,https://jobs.lever.co/careerstaffing,LeverCO
219844,cargo-2,https://jobs.lever.co/cargo-2,LeverCO
219845,carismatherapeutics,https://jobs.lever.co/carismatherapeutics,LeverCO
219846,carma,https://jobs.lever.co/carma,LeverCO
219847,cartography,https://jobs.lever.co/cartography,LeverCO
219848,casdincapital,https://jobs.lever.co/casdincapital,LeverCO
219849,cashrewards,https://jobs.lever.co/cashrewards,LeverCO
219850,causal-app,https://jobs.lever.co/causal-app,LeverCO
219851,ccmr3,https://jobs.lever.co/ccmr3,LeverCO
219852,celo,https://jobs.lever.co/celo,LeverCO
219853,centml,https://jobs.lever.co/centml,LeverCO
219854,cere-network,https://jobs.lever.co/cere-network,LeverCO
219855,cerevel-2,https://jobs.lever.co/cerevel-2,LeverCO
219856,chain,https://jobs.lever.co/chain,LeverCO
219857,chainlink,https://jobs.lever.co/chainlink,LeverCO
219858,chartio,https://jobs.lever.co/chartio,LeverCO
219859,chatmeter,https://jobs.lever.co/chatmeter,LeverCO
219860,checkmate,https://jobs.lever.co/checkmate,LeverCO
219861,checkout,https://jobs.lever.co/checkout,LeverCO
219862,cherrytechnologies,https://jobs.lever.co/cherrytechnologies,LeverCO
219863,chicago2024,https://jobs.lever.co/chicago2024,LeverCO
219864,chooosejobs,https://jobs.lever.co/chooosejobs,LeverCO
219865,chronicled-2,https://jobs.lever.co/chronicled-2,LeverCO
219866,chyronhego,https://jobs.lever.co/chyronhego,LeverCO
219867,cinchy,https://jobs.lever.co/cinchy,LeverCO
219868,ciphertrace,https://jobs.lever.co/ciphertrace,LeverCO
219869,circleco,https://jobs.lever.co/circleco,LeverCO
219870,circonus,https://jobs.lever.co/circonus,LeverCO
219871,circulo,https://jobs.lever.co/circulo,LeverCO
219872,citrineinformatics,https://jobs.lever.co/citrineinformatics,LeverCO
219873,ciwebgroup,https://jobs.lever.co/ciwebgroup,LeverCO
219874,class,https://jobs.lever.co/class,LeverCO
219875,class101,https://jobs.lever.co/class101,LeverCO
219876,clearbit,https://jobs.lever.co/clearbit,LeverCO
219877,climbcredit,https://jobs.lever.co/climbcredit,LeverCO
219878,cloud-academy,https://jobs.lever.co/cloud-academy,LeverCO
219879,cloudnc,https://jobs.lever.co/cloudnc,LeverCO
219880,clubassist,https://jobs.lever.co/clubassist,LeverCO
219881,codapayments,https://jobs.lever.co/codapayments,LeverCO
219882,codecombat,https://jobs.lever.co/codecombat,LeverCO
219883,codecov,https://jobs.lever.co/codecov,LeverCO
219884,codelitt,https://jobs.lever.co/codelitt,LeverCO
219885,codesee,https://jobs.lever.co/codesee,LeverCO
219886,codewaystudios,https://jobs.lever.co/codewaystudios,LeverCO
219887,cofactr,https://jobs.lever.co/cofactr,LeverCO
219888,coffeemeetsbagel,https://jobs.lever.co/coffeemeetsbagel,LeverCO
219889,coforma,https://jobs.lever.co/coforma,LeverCO
219890,cogitocorp,https://jobs.lever.co/cogitocorp,LeverCO
219891,coil,https://jobs.lever.co/coil,LeverCO
219892,coiled,https://jobs.lever.co/coiled,LeverCO
219893,coinshift,https://jobs.lever.co/coinshift,LeverCO
219894,coinsquare,https://jobs.lever.co/coinsquare,LeverCO
219895,collectivei,https://jobs.lever.co/collectivei,LeverCO
219896,colorofchange,https://jobs.lever.co/colorofchange,LeverCO
219897,combo,https://jobs.lever.co/combo,LeverCO
219898,commentsold,https://jobs.lever.co/commentsold,LeverCO
219899,common-networks,https://jobs.lever.co/common-networks,LeverCO
219900,communityboost,https://jobs.lever.co/communityboost,LeverCO
219901,composer,https://jobs.lever.co/composer,LeverCO
219902,comtravo,https://jobs.lever.co/comtravo,LeverCO
219903,concordnow,https://jobs.lever.co/concordnow,LeverCO
219904,conjecture,https://jobs.lever.co/conjecture,LeverCO
219905,connectassistance,https://jobs.lever.co/connectassistance,LeverCO
219906,connorgp,https://connorgp.wd12.myworkdayjobs.com/cg,WorkDay
219907,contabilizei,https://jobs.lever.co/contabilizei,LeverCO
219908,container-solutions,https://jobs.lever.co/container-solutions,LeverCO
219909,continuumindustries,https://jobs.lever.co/continuumindustries,LeverCO
219910,contra,https://jobs.lever.co/contra,LeverCO
219911,contrastsecurity,https://jobs.lever.co/contrastsecurity,LeverCO
219912,convai-technologies-inc,https://jobs.lever.co/convai-technologies-inc,LeverCO
219913,conversantgroup,https://jobs.lever.co/conversantgroup,LeverCO
219914,copilotmoney,https://jobs.lever.co/copilotmoney,LeverCO
219915,copyai,https://jobs.lever.co/copyai,LeverCO
219916,cordtechnologies,https://jobs.lever.co/cordtechnologies,LeverCO
219917,coredigitalmedia,https://jobs.lever.co/coredigitalmedia,LeverCO
219918,coreresponse,https://jobs.lever.co/coreresponse,LeverCO
219919,cornershopapp,https://jobs.lever.co/cornershopapp,LeverCO
219920,cos,https://jobs.lever.co/cos,LeverCO
219921,cottage,https://jobs.lever.co/cottage,LeverCO
219922,covariant,https://jobs.lever.co/covariant,LeverCO
219923,cover-2,https://jobs.lever.co/cover-2,LeverCO
219924,covergenius,https://jobs.lever.co/covergenius,LeverCO
219925,craftwaterinc,https://jobs.lever.co/craftwater,LeverCO
219926,cratejoy,https://jobs.lever.co/cratejoy,LeverCO
219927,creadits,https://jobs.lever.co/creadits,LeverCO
219928,creativemarket,https://jobs.lever.co/creativemarket,LeverCO
219929,credavenue,https://jobs.lever.co/credavenue,LeverCO
219930,credplatform,https://jobs.lever.co/credplatform,LeverCO
219931,crewapp,https://jobs.lever.co/crewapp,LeverCO
219932,crewbloom,https://jobs.lever.co/crewbloom,LeverCO
219933,crickethealth,https://jobs.lever.co/crickethealth,LeverCO
219934,crusoeenergy,https://jobs.lever.co/crusoeenergy,LeverCO
219935,cruxinformatics,https://jobs.lever.co/cruxinformatics,LeverCO
219936,crypto-innovation,https://jobs.lever.co/crypto-innovation,LeverCO
219937,csaassociates,https://jobs.lever.co/csaassociates,LeverCO
219938,culturetrip,https://jobs.lever.co/culturetrip,LeverCO
219939,curbio,https://jobs.lever.co/curbio,LeverCO
219940,curieco,https://jobs.lever.co/curieco,LeverCO
219941,curimeta,https://jobs.lever.co/curimeta,LeverCO
219942,curiositymedia,https://jobs.lever.co/curiositymedia,LeverCO
219943,currencycloud,https://jobs.lever.co/currencycloud,LeverCO
219944,custodiabank,https://jobs.lever.co/custodiabank,LeverCO
219945,cyberfame,https://jobs.lever.co/cyberfame,LeverCO
219946,cyvl-ai,https://jobs.lever.co/cyvl-ai,LeverCO
219947,d-edge,https://jobs.lever.co/d-edge,LeverCO
219948,darkslope,https://jobs.lever.co/darkslope,LeverCO
219949,darwinhomes,https://jobs.lever.co/darwinhomes,LeverCO
219950,dasservicesllc,https://jobs.lever.co/dasservicesllc,LeverCO
219951,datahawk,https://jobs.lever.co/datahawk,LeverCO
219952,dawnlight,https://jobs.lever.co/dawnlight,LeverCO
219953,dayonebio,https://jobs.lever.co/dayonebio,LeverCO
219954,dazn,https://jobs.lever.co/dazn,LeverCO
219955,dds,https://jobs.lever.co/dds,LeverCO
219956,debtsy,https://jobs.lever.co/debtsy,LeverCO
219957,decathlon,https://jobs.lever.co/decathlon,LeverCO
219958,decentraland,https://jobs.lever.co/decentraland,LeverCO
219959,deep6,https://jobs.lever.co/deep6,LeverCO
219960,deepcell,https://jobs.lever.co/deepcell,LeverCO
219961,defialliance,https://jobs.lever.co/defialliance,LeverCO
219962,deft,https://jobs.lever.co/deft,LeverCO
219963,deliveryrelay,https://jobs.lever.co/deliveryrelay,LeverCO
219964,deloitte,https://jobs.lever.co/deloitte,LeverCO
219965,deltadental,https://jobs.lever.co/deltadental,LeverCO
219966,delv,https://jobs.lever.co/delv,LeverCO
219967,descript-2,https://jobs.lever.co/descript-2,LeverCO
219968,desmos,https://jobs.lever.co/desmos,LeverCO
219969,device42,https://jobs.lever.co/device42,LeverCO
219970,devsoftam,https://jobs.lever.co/devsoftam,LeverCO
219971,dgraph,https://jobs.lever.co/dgraph,LeverCO
219972,diamondage3d,https://jobs.lever.co/diamondage3d,LeverCO
219973,digitalmass,https://jobs.lever.co/digitalmass,LeverCO
219974,digitalremedy,https://jobs.lever.co/digitalremedy,LeverCO
219975,dimo,https://jobs.lever.co/dimo,LeverCO
219976,diool,https://jobs.lever.co/diool,LeverCO
219977,directi,https://jobs.lever.co/directi,LeverCO
219978,dispo,https://jobs.lever.co/dispo,LeverCO
219979,disruptivegames,https://jobs.lever.co/disruptivegames,LeverCO
219980,divergent3d,https://boards.greenhouse.io/divergent,GreenHouse
219981,diversio,https://jobs.lever.co/diversio,LeverCO
219982,dixa,https://jobs.lever.co/dixa,LeverCO
219983,dntanks,https://jobs.lever.co/dntanks,LeverCO
219984,dockwa,https://jobs.lever.co/dockwa,LeverCO
219985,dogdrop,https://jobs.lever.co/dogdrop,LeverCO
219986,domio,https://jobs.lever.co/domio,LeverCO
219987,done,https://jobs.lever.co/done,LeverCO
219988,dott,https://jobs.lever.co/dott,LeverCO
219989,dragonarmy,https://jobs.lever.co/dragonarmy,LeverCO
219990,drchrono,https://jobs.lever.co/drchrono,LeverCO
219991,drip,https://jobs.lever.co/drip,LeverCO
219992,drivekyte,https://jobs.lever.co/drivekyte,LeverCO
219993,drivy,https://jobs.lever.co/drivy,LeverCO
219994,drizly,https://jobs.lever.co/drizly,LeverCO
219995,dru-app,https://jobs.lever.co/dru-app,LeverCO
219996,dscout,https://jobs.lever.co/dscout,LeverCO
219997,dten,https://jobs.lever.co/dten,LeverCO
219998,dwavesys,https://jobs.lever.co/dwavesys,LeverCO
219999,dydx-ops,https://jobs.lever.co/dydx-ops,LeverCO
220000,dynamoai,https://jobs.lever.co/dynamoai,LeverCO
220001,dynastystudios,https://jobs.lever.co/dynastystudios,LeverCO
220002,dynatrace,https://jobs.lever.co/dynatrace,LeverCO
220003,dyte-io,https://jobs.lever.co/dyte-io,LeverCO
220004,e-core,https://jobs.lever.co/e-core,LeverCO
220005,eargo,https://jobs.lever.co/eargo,LeverCO
220006,eastwall,https://jobs.lever.co/eastwall,LeverCO
220007,eaze,https://jobs.lever.co/eaze,LeverCO
220008,ecocart,https://jobs.lever.co/ecocart,LeverCO
220009,ecosia,https://ecosia.jobs.personio.com,personio
220010,edenhealth,https://jobs.lever.co/edenhealth,LeverCO
220011,edge-impulse,https://jobs.lever.co/edge-impulse,LeverCO
220012,edgrp,https://jobs.lever.co/edgrp,LeverCO
220013,edisonenergy,https://jobs.lever.co/edisonenergy,LeverCO
220014,educationatwork,https://jobs.lever.co/educationatwork,LeverCO
220015,efront,https://jobs.lever.co/efront,LeverCO
220016,egensolutions,https://jobs.lever.co/egensolutions,LeverCO
220017,einride,https://jobs.lever.co/einride,LeverCO
220018,electrum,https://jobs.lever.co/electrum,LeverCO
220019,elementus,https://jobs.lever.co/elementus,LeverCO
220020,elevatelabs,https://jobs.lever.co/elevatelabs,LeverCO
220021,elliemae,https://jobs.lever.co/elliemae,LeverCO
220022,elliveproductions,https://jobs.lever.co/elliveproductions,LeverCO
220023,elodiegames,https://jobs.lever.co/elodiegames,LeverCO
220024,elvah,https://jobs.lever.co/elvah,LeverCO
220025,emeraldtherapeutics,https://jobs.lever.co/emeraldtherapeutics,LeverCO
220026,empowerpartnerships,https://jobs.lever.co/empowerpartnerships,LeverCO
220027,encorevet,https://jobs.lever.co/encorevet,LeverCO
220028,endless,https://endlessindustries.jobs.personio.com,personio
220029,endlesswest,https://jobs.lever.co/endlesswest,LeverCO
220030,endycanada,https://jobs.lever.co/endycanada,LeverCO
220031,energy-impact,https://jobs.lever.co/energy-impact,LeverCO
220032,enertechsearch,https://jobs.lever.co/enertechsearch,LeverCO
220033,enjoybloom,https://jobs.lever.co/enjoybloom,LeverCO
220034,enlitic,https://jobs.lever.co/enlitic,LeverCO
220035,enso,https://jobs.lever.co/enso,LeverCO
220036,entangledtalent,https://jobs.lever.co/entangledtalent,LeverCO
220037,entanglelabs,https://jobs.lever.co/entanglelabs,LeverCO
220038,envedabio,https://jobs.lever.co/envedabio,LeverCO
220039,envisionemploymentsolutions,https://jobs.lever.co/envisionemploymentsolutions,LeverCO
220040,enya,https://jobs.lever.co/enya,LeverCO
220041,epicio,https://ats.rippling.com/epicio,rippling
220042,episci,https://jobs.lever.co/episci,LeverCO
220043,equiphealth,https://jobs.lever.co/equiphealth,LeverCO
220044,esper-3,https://jobs.lever.co/esper-3,LeverCO
220045,ether-fi,https://jobs.lever.co/ether-fi,LeverCO
220046,ethereumfoundation,https://jobs.lever.co/ethereumfoundation,LeverCO
220047,eve,https://jobs.lever.co/eve,LeverCO
220048,evenfinancial,https://jobs.lever.co/evenfinancial,LeverCO
220049,eventbrite,https://jobs.lever.co/eventbrite,LeverCO
220050,everc,https://jobs.lever.co/everc,LeverCO
220051,evergrow,https://jobs.lever.co/evergrow,LeverCO
220052,everli,https://jobs.lever.co/everli,LeverCO
220053,evisort-2,https://jobs.lever.co/evisort-2,LeverCO
220054,evocalize,https://jobs.lever.co/evocalize,LeverCO
220055,exa-labs,https://jobs.lever.co/exa-labs,LeverCO
220056,exp,https://jobs.lever.co/exp,LeverCO
220057,explorejobssearch,https://jobs.lever.co/explorejobssearch,LeverCO
220058,expopulus,https://jobs.lever.co/expopulus,LeverCO
220059,ey-ps,https://jobs.lever.co/ey-ps,LeverCO
220060,f16y,https://jobs.lever.co/f16y,LeverCO
220061,fabrica,https://jobs.lever.co/fabrica,LeverCO
220062,fairmatic,https://jobs.lever.co/fairmatic,LeverCO
220063,fama,https://jobs.lever.co/fama,LeverCO
220064,fanatics,https://jobs.lever.co/fanatics,LeverCO
220065,farmgirlflowers,https://jobs.lever.co/farmgirlflowers,LeverCO
220066,farmwise,https://jobs.lever.co/farmwise,LeverCO
220067,fast,https://jobs.lever.co/fast,LeverCO
220068,fathomhealth,https://jobs.lever.co/fathomhealth,LeverCO
220069,fathomradiant,https://jobs.lever.co/fathomradiant,LeverCO
220070,fazzfinancial,https://jobs.lever.co/fazzfinancial,LeverCO
220071,feedmedia,https://jobs.lever.co/feedmedia,LeverCO
220072,fellowshiplifeinc,https://jobs.lever.co/fellowshiplifeinc,LeverCO
220073,ffws,https://jobs.lever.co/ffws,LeverCO
220074,fiddlerlabs,https://jobs.lever.co/fiddlerlabs,LeverCO
220075,fightcamp,https://jobs.lever.co/fightcamp,LeverCO
220076,financeinabox,https://jobs.lever.co/financeinabox,LeverCO
220077,findmine,https://jobs.lever.co/findmine,LeverCO
220078,findora,https://jobs.lever.co/findora,LeverCO
220079,finleytechnologies,https://jobs.lever.co/finleytechnologies,LeverCO
220080,finstek,https://jobs.lever.co/finstek,LeverCO
220081,finwavesemiconductor,https://jobs.lever.co/finwavesemiconductor,LeverCO
220082,firewoodmarketing,https://jobs.lever.co/firewoodmarketing,LeverCO
220083,firmex,https://jobs.lever.co/firmex,LeverCO
220084,fishtownanalytics,https://jobs.lever.co/fishtownanalytics,LeverCO
220085,flatironsdevelopment,https://jobs.lever.co/flatironsdevelopment,LeverCO
220086,flawlessai,https://jobs.ashbyhq.com/flawless,AshbyHQ
220087,fleetsmith,https://jobs.lever.co/fleetsmith,LeverCO
220088,flexcollegeprep,https://jobs.lever.co/flexcollegeprep,LeverCO
220089,flexiti,https://jobs.lever.co/flexiti,LeverCO
220090,flightcx,https://jobs.lever.co/flightcx,LeverCO
220091,flockjay,https://jobs.lever.co/flockjay,LeverCO
220092,flowerave,https://jobs.lever.co/flowerave,LeverCO
220093,flowfoundation,https://jobs.lever.co/flowfoundation,LeverCO
220094,flowspace,https://jobs.lever.co/flowspace,LeverCO
220095,flyrhospitality,https://jobs.lever.co/flyrhospitality,LeverCO
220096,flyrlabs,https://jobs.lever.co/flyrlabs,LeverCO
220097,flywheel-2,https://jobs.lever.co/flywheel-2,LeverCO
220098,focuspartners,https://boards.greenhouse.io/focuspartnerswealth,GreenHouse
220099,food52,https://jobs.lever.co/food52,LeverCO
220100,forestcarbonworks,https://jobs.lever.co/forestcarbonworks,LeverCO
220101,formant,https://ats.rippling.com/formant-careers,rippling
220102,format,https://jobs.lever.co/format,LeverCO
220103,formelife,https://jobs.lever.co/formelife,LeverCO
220104,formlogic,https://jobs.lever.co/formlogic,LeverCO
220105,formstack,https://jobs.lever.co/formstack,LeverCO
220106,formulamonks,https://jobs.lever.co/formulamonks,LeverCO
220107,fortahealth,https://jobs.lever.co/fortahealth,LeverCO
220108,fortuneschool,https://jobs.lever.co/fortuneschool,LeverCO
220109,forusall,https://jobs.lever.co/forusall,LeverCO
220110,foundersfactory,https://jobs.lever.co/foundersfactory,LeverCO
220111,foundersfactoryafrica,https://jobs.lever.co/foundersfactoryafrica,LeverCO
220112,foundry-ai,https://jobs.lever.co/foundry-ai,LeverCO
220113,fourth,https://jobs.lever.co/fourth,LeverCO
220114,foxtrotco,https://jobs.lever.co/foxtrotco,LeverCO
220115,framework,https://ats.rippling.com/framework,rippling
220116,freshly,https://jobs.lever.co/freshly,LeverCO
220117,frontapp,https://jobs.lever.co/frontapp,LeverCO
220118,frubana,https://jobs.lever.co/frubana,LeverCO
220119,ftc,https://jobs.lever.co/ftc,LeverCO
220120,ftxus,https://jobs.lever.co/ftxus,LeverCO
220121,fulcrumservices,https://jobs.lever.co/fulcrumservices,LeverCO
220122,fullscreen,https://jobs.lever.co/fullscreen,LeverCO
220123,fullstacklabs,https://jobs.lever.co/fullstacklabs,LeverCO
220124,fundapps,https://jobs.lever.co/fundapps,LeverCO
220125,fundera,https://jobs.lever.co/fundera,LeverCO
220126,futurelaboratori,https://jobs.lever.co/futurelaboratori,LeverCO
220127,fynd,https://jobs.lever.co/fynd,LeverCO
220128,fyusion,https://jobs.lever.co/fyusion,LeverCO
220129,gantry,https://jobs.lever.co/gantry,LeverCO
220130,gather-health,https://jobs.lever.co/gather-health,LeverCO
220131,gatheround,https://jobs.lever.co/gatheround,LeverCO
220132,gbatteries,https://jobs.lever.co/gbatteries,LeverCO
220133,gdi,https://jobs.lever.co/gdi,LeverCO
220134,geckoboard,https://jobs.lever.co/geckoboard,LeverCO
220135,genedit,https://jobs.lever.co/genedit,LeverCO
220136,generallyintelligent,https://jobs.lever.co/generallyintelligent,LeverCO
220137,genesistherapeutics,https://jobs.lever.co/genesistherapeutics,LeverCO
220138,gentibio,https://jobs.lever.co/gentibio,LeverCO
220139,geophy,https://jobs.lever.co/geophy,LeverCO
220140,getansa,https://jobs.lever.co/getansa,LeverCO
220141,getaround,https://jobs.lever.co/getaround,LeverCO
220142,getcenter,https://jobs.lever.co/getcenter,LeverCO
220143,getfable,https://jobs.lever.co/getfable,LeverCO
220144,getjerry,https://jobs.lever.co/getjerry,LeverCO
220145,getjones,https://jobs.lever.co/getjones,LeverCO
220146,getlago,https://jobs.lever.co/getlago,LeverCO
220147,getmetronome,https://jobs.lever.co/getmetronome,LeverCO
220148,getmulberry,https://jobs.lever.co/getmulberry,LeverCO
220149,getmysa,https://jobs.lever.co/getmysa,LeverCO
220150,getpatch,https://jobs.lever.co/getpatch,LeverCO
220151,ghjadvisors,https://jobs.lever.co/ghjadvisors,LeverCO
220152,givax,https://jobs.lever.co/givax,LeverCO
220153,givingli,https://jobs.lever.co/givingli,LeverCO
220154,glassnode,https://jobs.lever.co/glassnode,LeverCO
220155,glidian,https://jobs.lever.co/glidian,LeverCO
220156,glints,https://jobs.lever.co/glints,LeverCO
220157,glitch,https://jobs.lever.co/glitch,LeverCO
220158,global-elite,https://jobs.lever.co/global-elite,LeverCO
220159,gloo,https://jobs.lever.co/gloo,LeverCO
220160,glowforge,https://jobs.lever.co/glowforge,LeverCO
220161,glu,https://jobs.lever.co/glu,LeverCO
220162,go2-markets,https://jobs.lever.co/go2-markets,LeverCO
220163,goabstract,https://jobs.lever.co/goabstract,LeverCO
220164,goat,https://jobs.lever.co/goat,LeverCO
220165,goconsensus,https://jobs.lever.co/goconsensus,LeverCO
220166,goeverbright,https://jobs.lever.co/goeverbright,LeverCO
220167,goforward,https://jobs.lever.co/goforward,LeverCO
220168,gojek,https://jobs.lever.co/gojek,LeverCO
220169,gokenamerica1,https://jobs.lever.co/gokenamerica1,LeverCO
220170,goldcast,https://jobs.lever.co/goldcast,LeverCO
220171,goldfinch,https://jobs.lever.co/goldfinch,LeverCO
220172,goodgamestudios,https://jobs.lever.co/goodgamestudios,LeverCO
220173,gorillalogic,https://jobs.lever.co/gorillalogic,LeverCO
220174,goshippo,https://jobs.lever.co/goshippo,LeverCO
220175,gotit,https://jobs.lever.co/gotit,LeverCO
220176,gowanco,https://jobs.lever.co/gowanco,LeverCO
220177,gpsfx,https://jobs.lever.co/gpsfx,LeverCO
220178,grafana,https://boards.greenhouse.io/grafanalabs,GreenHouse
220179,grandrounds,https://jobs.lever.co/grandrounds,LeverCO
220180,grav,https://jobs.lever.co/grav,LeverCO
220181,greenroompr,https://jobs.lever.co/greenroompr,LeverCO
220182,greenshieldholdings,https://jobs.lever.co/greenshieldholdings,LeverCO
220183,greybrook,https://jobs.lever.co/greybrook,LeverCO
220184,grimm-co,https://jobs.lever.co/grimm-co,LeverCO
220185,grove,https://boards.greenhouse.io/grovecollaborative,GreenHouse
220186,grow,https://jobs.lever.co/grow,LeverCO
220187,growthlending,https://jobs.lever.co/growthlending,LeverCO
220188,growthtribe,https://jobs.lever.co/growthtribe,LeverCO
220189,gscloudsolutions,https://jobs.lever.co/gscloudsolutions,LeverCO
220190,guusto,https://jobs.lever.co/guusto,LeverCO
220191,habito,https://jobs.lever.co/habito,LeverCO
220192,hadrian,https://jobs.ashbyhq.com/hadrian-automation,AshbyHQ
220193,hakkoda,https://jobs.lever.co/hakkoda,LeverCO
220194,hallow,https://jobs.lever.co/hallow,LeverCO
220195,haloeurope,https://jobs.lever.co/haloeurope,LeverCO
220196,hamiltonps,https://jobs.lever.co/hamiltonps,LeverCO
220197,happn,https://jobs.lever.co/happn,LeverCO
220198,happyfresh,https://jobs.lever.co/happyfresh,LeverCO
220199,harrisinsights,https://jobs.lever.co/harrisinsights,LeverCO
220200,harrison,https://jobs.ashbyhq.com/harrison.ai,AshbyHQ
220201,harvest-2,https://jobs.lever.co/harvest-2,LeverCO
220202,hash,https://jobs.lever.co/hash,LeverCO
220203,hatchcard,https://jobs.lever.co/hatchcard,LeverCO
220204,hazelanalytics,https://jobs.lever.co/hazelanalytics,LeverCO
220205,hdworks,https://jobs.lever.co/hdworks,LeverCO
220206,headhunters,https://jobs.lever.co/headhunters,LeverCO
220207,health-atscale,https://jobs.lever.co/health-atscale,LeverCO
220208,health-match,https://jobs.lever.co/health-match,LeverCO
220209,healthatom,https://jobs.lever.co/healthatom,LeverCO
220210,healthebay,https://jobs.lever.co/healthebay,LeverCO
220211,healthline,https://jobs.lever.co/healthline,LeverCO
220212,healthtensor,https://jobs.lever.co/healthtensor,LeverCO
220213,hearsaysystems,https://jobs.lever.co/hearsaysystems,LeverCO
220214,heirloomtechnologies,https://jobs.lever.co/heirloomtechnologies,LeverCO
220215,helbiz,https://jobs.lever.co/helbiz,LeverCO
220216,hellobestow,https://jobs.lever.co/hellobestow,LeverCO
220217,hellojagger,https://jobs.lever.co/hellojagger,LeverCO
220218,hellopicnic,https://jobs.lever.co/hellopicnic,LeverCO
220219,helm,https://jobs.lever.co/helm,LeverCO
220220,helpshift,https://jobs.lever.co/helpshift,LeverCO
220221,herbl,https://jobs.lever.co/herbl,LeverCO
220222,heretic-fund,https://jobs.lever.co/heretic-fund,LeverCO
220223,hexagonusfederal,https://jobs.lever.co/hexagonusfederal,LeverCO
220224,hicleo,https://jobs.lever.co/hicleo,LeverCO
220225,highfidelity,https://jobs.lever.co/highfidelity,LeverCO
220226,highwirepr,https://jobs.lever.co/highwirepr,LeverCO
220227,hike,https://jobs.lever.co/hike,LeverCO
220228,himama,https://jobs.lever.co/himama,LeverCO
220229,hingehealth,https://jobs.lever.co/hingehealth,LeverCO
220230,hipcamp,https://ats.rippling.com/join-the-hipcamp-team,rippling
220231,hireincloud,https://jobs.lever.co/hireincloud,LeverCO
220232,hirezstudios,https://jobs.lever.co/hirezstudios,LeverCO
220233,hiring,https://jobs.lever.co/hiring,LeverCO
220234,hivebrite,https://jobs.lever.co/hivebrite,LeverCO
220235,hiver,https://jobs.lever.co/hiver,LeverCO
220236,hlkagency,https://jobs.lever.co/hlkagency,LeverCO
220237,holmusk,https://jobs.lever.co/holmusk,LeverCO
220238,holygrail,https://jobs.lever.co/holygrail,LeverCO
220239,homelister,https://jobs.lever.co/homelister,LeverCO
220240,homesnap,https://jobs.lever.co/homesnap,LeverCO
220241,homestars,https://jobs.lever.co/homestars,LeverCO
220242,homex,https://jobs.lever.co/homex,LeverCO
220243,honeybeerobotics,https://jobs.lever.co/honeybeerobotics,LeverCO
220244,honeypot,https://jobs.lever.co/honeypot,LeverCO
220245,hopthru,https://jobs.lever.co/hopthru,LeverCO
220246,hoteltonight,https://jobs.lever.co/hoteltonight,LeverCO
220247,hqxyz,https://jobs.lever.co/hqxyz,LeverCO
220248,hr-hints,https://jobs.lever.co/hr-hints,LeverCO
220249,hubla,https://jobs.lever.co/hubla,LeverCO
220250,huma,https://jobs.lever.co/huma,LeverCO
220251,human-protocol-foundation,https://jobs.lever.co/human-protocol-foundation,LeverCO
220252,humanapi,https://jobs.lever.co/humanapi,LeverCO
220253,humanfirst,https://jobs.lever.co/humanfirst,LeverCO
220254,humansecurity,https://jobs.ashbyhq.com/human,AshbyHQ
220255,humi-2,https://jobs.lever.co/humi-2,LeverCO
220256,hungryharvest,https://jobs.lever.co/hungryharvest,LeverCO
220257,hvmn,https://jobs.lever.co/hvmn,LeverCO
220258,hypercomply,https://jobs.lever.co/hypercomply,LeverCO
220259,hyperlane,https://jobs.lever.co/hyperlane,LeverCO
220260,hyundai-aptivad,https://jobs.lever.co/hyundai-aptivad,LeverCO
220261,ianulytalentaccelerators,https://jobs.lever.co/ianulytalentaccelerators,LeverCO
220262,icemortgagetechnology,https://jobs.lever.co/icemortgagetechnology,LeverCO
220263,icodde,https://jobs.lever.co/icodde,LeverCO
220264,iconicair,https://jobs.lever.co/iconicair,LeverCO
220265,icosavax,https://jobs.lever.co/icosavax,LeverCO
220266,idealscorp,https://jobs.lever.co/idealscorp,LeverCO
220267,ideayabio,https://ideayabio.wd501.myworkdayjobs.com/external,WorkDay
220268,if7,https://jobs.lever.co/if7,LeverCO
220269,igmbio,https://jobs.lever.co/igmbio,LeverCO
220270,ignite,https://jobs.lever.co/ignite,LeverCO
220271,imperfectfoods,https://jobs.lever.co/imperfectfoods,LeverCO
220272,imperfectproduce,https://jobs.lever.co/imperfectproduce,LeverCO
220273,improvadoio,https://jobs.lever.co/improvadoio,LeverCO
220274,inboxlab,https://jobs.lever.co/inboxlab,LeverCO
220275,indico,https://jobs.lever.co/indico,LeverCO
220276,indigoag,https://jobs.lever.co/indigoag,LeverCO
220277,indivisible,https://ats.rippling.com/indivisible-project-careers,rippling
220278,industrydive,https://jobs.lever.co/industrydive,LeverCO
220279,infieldstrategies,https://jobs.lever.co/infieldstrategies,LeverCO
220280,infinigods,https://jobs.lever.co/infinigods,LeverCO
220281,inflection,https://jobs.lever.co/inflection,LeverCO
220282,inflexion,https://jobs.lever.co/inflexion,LeverCO
220283,infogrid,https://jobs.lever.co/infogrid,LeverCO
220284,infogridlinks,https://jobs.lever.co/infogridlinks,LeverCO
220285,infrastructureandcapitalprojects,https://jobs.lever.co/infrastructureandcapitalprojects,LeverCO
220286,infrastructureontario,https://jobs.lever.co/infrastructureontario,LeverCO
220287,initialized,https://jobs.lever.co/initialized,LeverCO
220288,injectivelabs,https://jobs.lever.co/injectivelabs,LeverCO
220289,inlight,https://jobs.lever.co/inlight,LeverCO
220290,innovafeed,https://jobs.lever.co/innovafeed,LeverCO
220291,innovationdept,https://jobs.lever.co/innovationdept,LeverCO
220292,inspiration-mobility,https://jobs.lever.co/inspiration-mobility,LeverCO
220293,instituteforproteininnovation,https://jobs.lever.co/instituteforproteininnovation,LeverCO
220294,instrumental,https://jobs.lever.co/instrumental,LeverCO
220295,intelligent-city,https://jobs.lever.co/intelligent-city,LeverCO
220296,intelliware,https://jobs.lever.co/intelliware,LeverCO
220297,intelycare,https://jobs.lever.co/intelycare,LeverCO
220298,interaxon,https://jobs.lever.co/interaxon,LeverCO
220299,interfolio,https://jobs.lever.co/interfolio,LeverCO
220300,interlude,https://jobs.lever.co/interlude,LeverCO
220301,internationalbudget,https://jobs.lever.co/internationalbudget,LeverCO
220302,intersectpower,https://jobs.lever.co/intersect,LeverCO
220303,intouchgroup,https://jobs.lever.co/intouchgroup,LeverCO
220304,intricately,https://jobs.lever.co/intricately,LeverCO
220305,inventa,https://jobs.lever.co/inventa,LeverCO
220306,invisible-ai,https://jobs.lever.co/invisible-ai,LeverCO
220307,invokestaffing,https://jobs.lever.co/invokestaffing,LeverCO
220308,inworld,https://jobs.ashbyhq.com/inworld-ai,AshbyHQ
220309,iobeya,https://jobs.lever.co/iobeya,LeverCO
220310,ionic,https://jobs.lever.co/ionic,LeverCO
220311,iovlabs,https://jobs.lever.co/iovlabs,LeverCO
220312,iron_hack,https://jobs.lever.co/iron_hack,LeverCO
220313,ironcladapp,https://jobs.lever.co/ironcladapp,LeverCO
220314,ironnetcybersecurity,https://jobs.lever.co/ironnetcybersecurity,LeverCO
220315,ironox,https://jobs.lever.co/ironox,LeverCO
220316,isometrictechnologies,https://jobs.lever.co/isometrictechnologies,LeverCO
220317,itutor,https://jobs.lever.co/itutor,LeverCO
220318,izotope,https://jobs.lever.co/izotope,LeverCO
220319,jacquard,https://jobs.lever.co/jacquard,LeverCO
220320,janeapp,https://jobs.lever.co/janeapp,LeverCO
220321,jar-app,https://jobs.lever.co/jar-app,LeverCO
220322,jarofleets,https://jobs.lever.co/jarofleets,LeverCO
220323,jarvis,https://jobs.lever.co/jarvis,LeverCO
220324,jeff-app,https://jobs.lever.co/jeff-app,LeverCO
220325,jina-ai,https://jobs.lever.co/jina-ai,LeverCO
220326,jobcase,https://jobs.lever.co/jobcase,LeverCO
220327,jockmkt,https://jobs.lever.co/jockmkt,LeverCO
220328,joebiden,https://jobs.lever.co/joebiden,LeverCO
220329,joinclubhouse,https://jobs.lever.co/joinclubhouse,LeverCO
220330,joindrop,https://jobs.lever.co/joindrop,LeverCO
220331,joinefnow,https://jobs.lever.co/joinefnow,LeverCO
220332,joingraphite,https://jobs.lever.co/joingraphite,LeverCO
220333,joinlincoln,https://jobs.lever.co/joinlincoln,LeverCO
220334,joinmonument-2,https://jobs.lever.co/joinmonument-2,LeverCO
220335,joinpapa,https://jobs.lever.co/joinpapa,LeverCO
220336,joinswoop,https://jobs.lever.co/joinswoop,LeverCO
220337,joinzoe,https://jobs.lever.co/joinzoe,LeverCO
220338,juniperplatform,https://jobs.lever.co/juniperplatform,LeverCO
220339,jupiterone,https://jobs.lever.co/jupiterone,LeverCO
220340,justworkslabs,https://jobs.lever.co/justworkslabs,LeverCO
220341,kafene,https://jobs.ashbyhq.com/kafene,AshbyHQ
220342,kaiber,https://jobs.lever.co/kaiber,LeverCO
220343,kaironlabs,https://jobs.lever.co/kaironlabs,LeverCO
220344,kairosaerospace,https://jobs.lever.co/kairosaerospace,LeverCO
220345,kaizenplatform,https://jobs.lever.co/kaizenplatform,LeverCO
220346,kamcord,https://jobs.lever.co/kamcord,LeverCO
220347,kandji,https://jobs.lever.co/kandji,LeverCO
220348,kaporcapital,https://jobs.lever.co/kaporcapital,LeverCO
220349,kavalabs,https://jobs.lever.co/kavalabs,LeverCO
220350,kddia,https://jobs.lever.co/kddia,LeverCO
220351,kdinfotech,https://jobs.lever.co/kdinfotech,LeverCO
220352,keepit,https://jobs.lever.co/keepit,LeverCO
220353,kensho,https://jobs.lever.co/kensho,LeverCO
220354,kerishullteam,https://jobs.lever.co/kerishullteam,LeverCO
220355,kevala,https://jobs.lever.co/kevala,LeverCO
220356,kg,https://jobs.lever.co/kg,LeverCO
220357,kibeam,https://jobs.lever.co/kibeam,LeverCO
220358,kickback,https://jobs.lever.co/kickback,LeverCO
220359,kickoff,https://jobs.lever.co/kickoff,LeverCO
220360,kickstart-ent,https://jobs.lever.co/kickstart-ent,LeverCO
220361,kinnek,https://jobs.lever.co/kinnek,LeverCO
220362,kinsa,https://jobs.lever.co/kinsa,LeverCO
220363,kitcheck,https://jobs.lever.co/kitcheck,LeverCO
220364,kitopi,https://jobs.lever.co/kitopi,LeverCO
220365,kivaai,https://jobs.lever.co/kivaai,LeverCO
220366,kiwico,https://jobs.lever.co/kiwico,LeverCO
220367,kkbox,https://jobs.lever.co/kkbox,LeverCO
220368,klarna,https://jobs.lever.co/klarna,LeverCO
220369,klick,https://jobs.lever.co/klick,LeverCO
220370,klubworks,https://jobs.lever.co/klubworks,LeverCO
220371,kmaconsultingllc,https://jobs.lever.co/kmaconsultingllc,LeverCO
220372,knockcrm,https://jobs.lever.co/knockcrm,LeverCO
220373,knotch,https://ats.rippling.com/knotch-inc,rippling
220374,koldpartners,https://jobs.lever.co/koldpartners,LeverCO
220375,kolsquare,https://jobs.lever.co/kolsquare,LeverCO
220376,konviere,https://jobs.lever.co/konviere,LeverCO
220377,kooptechnologies,https://jobs.lever.co/kooptechnologies,LeverCO
220378,koreaboo,https://jobs.lever.co/koreaboo,LeverCO
220379,kpmg-2,https://jobs.lever.co/kpmg-2,LeverCO
220380,kubecost,https://jobs.lever.co/kubecost,LeverCO
220381,kumo,https://jobs.lever.co/kumo,LeverCO
220382,kumospace,https://jobs.lever.co/kumospace,LeverCO
220383,kungfu,https://jobs.lever.co/kungfu,LeverCO
220384,kwh-analytics,https://jobs.lever.co/kwh-analytics,LeverCO
220385,kwx,https://jobs.lever.co/kwx,LeverCO
220386,kyruus,https://jobs.lever.co/kyruus,LeverCO
220387,kyruushealth,https://jobs.lever.co/kyruushealth,LeverCO
220388,kyte,https://jobs.lever.co/kyte,LeverCO
220389,laagencia,https://jobs.lever.co/laagencia,LeverCO
220390,lambdal,https://jobs.lever.co/lambdal,LeverCO
220391,lambdaschool,https://jobs.lever.co/lambdaschool,LeverCO
220392,laminiai,https://jobs.lever.co/laminiai,LeverCO
220393,landing,https://jobs.lever.co/landing,LeverCO
220394,laserhub-2,https://jobs.lever.co/laserhub-2,LeverCO
220395,last9,https://jobs.lever.co/last9,LeverCO
220396,latticehq,https://jobs.lever.co/latticehq,LeverCO
220397,launcherspace,https://jobs.lever.co/launcherspace,LeverCO
220398,launchhouse,https://jobs.lever.co/launchhouse,LeverCO
220399,leadgenius,https://jobs.lever.co/leadgenius,LeverCO
220400,leadr,https://jobs.lever.co/leadr,LeverCO
220401,leadsonline,https://jobs.lever.co/leadsonline,LeverCO
220402,leaf-trade,https://jobs.lever.co/leaf-trade,LeverCO
220403,leaflogistics,https://jobs.lever.co/leaflogistics,LeverCO
220404,leap-2,https://jobs.lever.co/leap-2,LeverCO
220405,learnwithjuni,https://jobs.lever.co/learnwithjuni,LeverCO
220406,leasequery,https://jobs.lever.co/leasequery,LeverCO
220407,ledn,https://jobs.lever.co/ledn,LeverCO
220408,lefonds-du-bien-commun,https://jobs.lever.co/lefonds-du-bien-commun,LeverCO
220409,legacy,https://jobs.lever.co/legacy,LeverCO
220410,legalfundingcentral,https://jobs.lever.co/legalfundingcentral,LeverCO
220411,legitimatetech,https://jobs.lever.co/legitimatetech,LeverCO
220412,lemurian-labs,https://jobs.lever.co/lemurian-labs,LeverCO
220413,leolabs-2,https://jobs.lever.co/leolabs-2,LeverCO
220414,leotechnologies,https://jobs.lever.co/leotechnologies,LeverCO
220415,leucine,https://jobs.lever.co/leucine,LeverCO
220416,levvel,https://jobs.lever.co/levvel,LeverCO
220417,liberatii,https://jobs.lever.co/liberatii,LeverCO
220418,limebike,https://jobs.lever.co/limebike,LeverCO
220419,linea,https://jobs.lever.co/linea,LeverCO
220420,lingoda,https://jobs.lever.co/lingoda,LeverCO
220421,linksys,https://jobs.lever.co/linksys,LeverCO
220422,linuxacademy,https://jobs.lever.co/linuxacademy,LeverCO
220423,livekindred,https://jobs.ashbyhq.com/kindred,AshbyHQ
220424,livelike,https://jobs.lever.co/livelike,LeverCO
220425,loblawdigital,https://jobs.lever.co/loblawdigital,LeverCO
220426,localfoodgroup,https://jobs.lever.co/localfoodgroup,LeverCO
220427,loft,https://jobs.lever.co/loft,LeverCO
220428,logicmanager,https://jobs.lever.co/logicmanager,LeverCO
220429,login,https://jobs.lever.co/login,LeverCO
220430,logistimo,https://jobs.lever.co/logistimo,LeverCO
220431,longview,https://jobs.lever.co/longview,LeverCO
220432,looker,https://jobs.lever.co/looker,LeverCO
220433,loop-health,https://jobs.lever.co/loop-health,LeverCO
220434,loopinternet,https://jobs.lever.co/loopinternet,LeverCO
220435,loupetheapp,https://jobs.lever.co/loupetheapp,LeverCO
220436,lovepopcards,https://jobs.lever.co/lovepopcards,LeverCO
220437,loyaltylion,https://jobs.lever.co/loyaltylion,LeverCO
220438,lpainc,https://jobs.lever.co/lpainc,LeverCO
220439,lrymediagroup,https://jobs.lever.co/lrymediagroup,LeverCO
220440,lucca,https://jobs.lever.co/lucca,LeverCO
220441,lucid,https://boards.greenhouse.io/lucidsoftware,GreenHouse
220442,lulafit,https://jobs.lever.co/lulafit,LeverCO
220443,lumaai,https://jobs.lever.co/lumaai,LeverCO
220444,lumapictures,https://jobs.lever.co/lumapictures,LeverCO
220445,luminarycloud,https://jobs.lever.co/luminarycloud,LeverCO
220446,luminostics,https://jobs.lever.co/luminostics,LeverCO
220447,lumosity,https://jobs.lever.co/lumosity,LeverCO
220448,luni,https://jobs.lever.co/luni,LeverCO
220449,luxe,https://jobs.lever.co/luxe,LeverCO
220450,luxortechnology,https://jobs.lever.co/luxortechnology,LeverCO
220451,luzia,https://jobs.lever.co/luzia,LeverCO
220452,lykospbc,https://jobs.lever.co/lykospbc,LeverCO
220453,lyra,https://jobs.lever.co/lyra,LeverCO
220454,m33,https://jobs.lever.co/m33,LeverCO
220455,macandmia,https://jobs.lever.co/macandmia,LeverCO
220456,machinefilab,https://jobs.lever.co/machinefilab,LeverCO
220457,machinerypartner,https://jobs.lever.co/machinerypartner,LeverCO
220458,madbox,https://jobs.lever.co/madbox,LeverCO
220459,madisonei,https://jobs.lever.co/madisonei,LeverCO
220460,madrigalpharma,https://madrigalpharma.wd501.myworkdayjobs.com/madrigal,WorkDay
220461,magicgames,https://jobs.lever.co/magicgames,LeverCO
220462,magnitudesoftware,https://jobs.lever.co/magnitudesoftware,LeverCO
220463,mahanatherapeutics,https://jobs.lever.co/mahanatherapeutics,LeverCO
220464,mainstreet,https://jobs.lever.co/mainstreet,LeverCO
220465,mainstreetwork,https://jobs.lever.co/mainstreetwork,LeverCO
220466,makersplace,https://jobs.lever.co/makersplace,LeverCO
220467,makeschool,https://jobs.lever.co/makeschool,LeverCO
220468,mamo,https://jobs.lever.co/mamo,LeverCO
220469,manifestfinancial,https://jobs.lever.co/manifestfinancial,LeverCO
220470,manty,https://jobs.lever.co/manty,LeverCO
220471,maplemedia,https://jobs.lever.co/maplemedia,LeverCO
220472,mapsbcorp,https://jobs.lever.co/mapsbcorp,LeverCO
220473,maribelhealth,https://jobs.lever.co/maribelhealth,LeverCO
220474,markato,https://jobs.lever.co/markato,LeverCO
220475,marketingevolution,https://jobs.lever.co/marketingevolution,LeverCO
220476,marketopia,https://jobs.lever.co/marketopia,LeverCO
220477,marlettefunding,https://jobs.lever.co/marlettefunding,LeverCO
220478,marq,https://jobs.lever.co/marq,LeverCO
220479,martinagency,https://boards.greenhouse.io/themartinagency,GreenHouse
220480,mastrics,https://jobs.lever.co/mastrics,LeverCO
220481,masygroup,https://jobs.lever.co/masygroup,LeverCO
220482,mathpresso,https://jobs.lever.co/mathpresso,LeverCO
220483,mattermark,https://jobs.lever.co/mattermark,LeverCO
220484,matterport,https://jobs.lever.co/matterport,LeverCO
220485,mbta,https://jobs.lever.co/mbta,LeverCO
220486,mcgrathnicol,https://jobs.lever.co/mcgrathnicol,LeverCO
220487,mcra,https://jobs.lever.co/mcra,LeverCO
220488,mechanism-2,https://jobs.lever.co/mechanism-2,LeverCO
220489,medallia,https://jobs.lever.co/medallia,LeverCO
220490,medchart,https://jobs.lever.co/medchart,LeverCO
220491,mediaocean,https://jobs.lever.co/mediaocean,LeverCO
220492,meetgroup,https://jobs.lever.co/meetgroup,LeverCO
220493,meetingstreetschools,https://jobs.lever.co/meetingstreetschools,LeverCO
220494,meliuz,https://jobs.lever.co/meliuz,LeverCO
220495,membersy,https://jobs.lever.co/membersy,LeverCO
220496,memebox,https://jobs.lever.co/memebox,LeverCO
220497,mentormate,https://jobs.lever.co/mentormate,LeverCO
220498,metalpay,https://jobs.lever.co/metalpay,LeverCO
220499,metaprisebanking,https://jobs.lever.co/metaprisebanking,LeverCO
220500,metatheory,https://jobs.lever.co/metatheory,LeverCO
220501,meteor,https://jobs.lever.co/meteor,LeverCO
220502,mheducation,https://jobs.lever.co/mheducation,LeverCO
220503,micromerchantsystems,https://jobs.lever.co/micromerchantsystems,LeverCO
220504,midigator,https://jobs.lever.co/midigator,LeverCO
220505,migo-2,https://jobs.lever.co/migo-2,LeverCO
220506,milk-moovement,https://jobs.lever.co/milk-moovement,LeverCO
220507,minimumltd,https://jobs.lever.co/minimumltd,LeverCO
220508,missionbarns,https://jobs.lever.co/missionbarns,LeverCO
220509,missioncloud,https://jobs.lever.co/missioncloud,LeverCO
220510,missioncontinues,https://jobs.lever.co/missioncontinues,LeverCO
220511,missionhh,https://jobs.lever.co/missionhh,LeverCO
220512,mittilabs,https://jobs.lever.co/mittilabs,LeverCO
220513,mobisystems,https://jobs.lever.co/mobisystems,LeverCO
220514,modern,https://jobs.lever.co/modern,LeverCO
220515,modern-age,https://jobs.lever.co/modern-age,LeverCO
220516,modjo,https://jobs.lever.co/modjo,LeverCO
220517,modsy,https://jobs.lever.co/modsy,LeverCO
220518,modularps,https://jobs.lever.co/modularps,LeverCO
220519,molcure,https://jobs.lever.co/molcure,LeverCO
220520,molekule,https://jobs.lever.co/molekule,LeverCO
220521,moment-ranks,https://jobs.lever.co/moment-ranks,LeverCO
220522,momentfactory,https://jobs.lever.co/momentfactory,LeverCO
220523,momentum-inc,https://jobs.lever.co/momentum-inc,LeverCO
220524,moogsoft,https://jobs.lever.co/moogsoft,LeverCO
220525,moonhub,https://jobs.lever.co/moonhub,LeverCO
220526,mosaicbuilders,https://jobs.lever.co/mosaicbuilders,LeverCO
220527,mostly-ai,https://jobs.lever.co/mostly-ai,LeverCO
220528,mostudio,https://jobs.lever.co/mostudio,LeverCO
220529,motionapp,https://jobs.lever.co/motionapp,LeverCO
220530,motivateco,https://jobs.lever.co/motivateco,LeverCO
220531,mous,https://jobs.lever.co/mous,LeverCO
220532,moveloot,https://jobs.lever.co/moveloot,LeverCO
220533,moxionpower,https://jobs.lever.co/moxionpower,LeverCO
220534,mryum,https://jobs.lever.co/mryum,LeverCO
220535,munichelectrification,https://jobs.lever.co/munichelectrification,LeverCO
220536,myassurehealth,https://jobs.lever.co/myassurehealth,LeverCO
220537,mycelium,https://jobs.lever.co/mycelium,LeverCO
220538,myplacehealth,https://jobs.lever.co/myplacehealth,LeverCO
220539,mytraffic,https://jobs.lever.co/mytraffic,LeverCO
220540,natronenergy,https://jobs.lever.co/natronenergy,LeverCO
220541,naturesfynd,https://jobs.lever.co/naturesfynd,LeverCO
220542,nectarpr,https://jobs.lever.co/nectarpr,LeverCO
220543,neednova,https://jobs.lever.co/neednova,LeverCO
220544,nekohealth,https://jobs.lever.co/nekohealth,LeverCO
220545,nelly,https://jobs.lever.co/nelly,LeverCO
220546,neonexchange,https://jobs.lever.co/neonexchange,LeverCO
220547,nesthealth,https://jobs.lever.co/nesthealth,LeverCO
220548,nestwealth,https://jobs.lever.co/nestwealth,LeverCO
220549,neurolabs-ai,https://jobs.lever.co/neurolabs-ai,LeverCO
220550,neurologica,https://jobs.lever.co/neurologica,LeverCO
220551,newculturefood,https://jobs.lever.co/newculturefood,LeverCO
220552,newfrontinsurance,https://jobs.lever.co/newfrontinsurance,LeverCO
220553,newton-school,https://jobs.lever.co/newton-school,LeverCO
220554,nexient,https://jobs.lever.co/nexient,LeverCO
220555,nexigendigital,https://jobs.lever.co/nexigendigital,LeverCO
220556,nextbigsound,https://jobs.lever.co/nextbigsound,LeverCO
220557,nextcaller,https://jobs.lever.co/nextcaller,LeverCO
220558,nextgames,https://jobs.lever.co/nextgames,LeverCO
220559,nfamilyclub-2,https://jobs.lever.co/nfamilyclub-2,LeverCO
220560,nftnow,https://jobs.lever.co/nftnow,LeverCO
220561,nftpay,https://jobs.lever.co/nftpay,LeverCO
220562,nimbleai,https://jobs.lever.co/nimbleai,LeverCO
220563,nisum,https://jobs.lever.co/nisum,LeverCO
220564,nithio,https://jobs.lever.co/nithio,LeverCO
220565,njstateofficeofinnovation,https://jobs.lever.co/njstateofficeofinnovation,LeverCO
220566,norcalcann,https://jobs.lever.co/norcalcann,LeverCO
220567,normai,https://jobs.lever.co/normai,LeverCO
220568,northernlabs,https://jobs.lever.co/northernlabs,LeverCO
220569,notarize,https://jobs.lever.co/notarize,LeverCO
220570,notch,https://jobs.lever.co/notch,LeverCO
220571,noteworth,https://jobs.lever.co/noteworth,LeverCO
220572,notonthehighstreet,https://jobs.lever.co/notonthehighstreet,LeverCO
220573,novi,https://jobs.lever.co/novi,LeverCO
220574,nrccua,https://jobs.lever.co/nrccua,LeverCO
220575,nsin,https://jobs.lever.co/nsin,LeverCO
220576,ntdsoftware,https://jobs.lever.co/ntdsoftware,LeverCO
220577,ntropy-network,https://jobs.lever.co/ntropy-network,LeverCO
220578,nubrakes,https://jobs.lever.co/nubrakes,LeverCO
220579,nuorder,https://jobs.lever.co/nuorder,LeverCO
220580,nurx,https://jobs.lever.co/nurx,LeverCO
220581,nutcrackertherapeutics,https://jobs.lever.co/nutcrackertherapeutics,LeverCO
220582,nveloptherapeutics,https://jobs.lever.co/nveloptherapeutics,LeverCO
220583,nxcr,https://jobs.lever.co/nxcr,LeverCO
220584,nxscale,https://jobs.lever.co/nxscale,LeverCO
220585,nymedia,https://jobs.lever.co/nymedia,LeverCO
220586,nyscf-2,https://jobs.lever.co/nyscf-2,LeverCO
220587,oatly,https://jobs.lever.co/oatly,LeverCO
220588,obie,https://ats.rippling.com/obie,rippling
220589,ochre-bio,https://jobs.lever.co/ochre-bio,LeverCO
220590,octane,https://jobs.lever.co/octane,LeverCO
220591,octoml,https://jobs.lever.co/octoml,LeverCO
220592,octopus,https://jobs.lever.co/octopus,LeverCO
220593,oda,https://jobs.lever.co/oda,LeverCO
220594,odysaviation,https://jobs.lever.co/odysaviation,LeverCO
220595,offerpop,https://jobs.lever.co/offerpop,LeverCO
220596,omni-network,https://jobs.lever.co/omni-network,LeverCO
220597,onaroll,https://jobs.lever.co/onaroll,LeverCO
220598,ondofinance,https://jobs.lever.co/ondofinance,LeverCO
220599,oneconcern,https://jobs.lever.co/oneconcern,LeverCO
220600,onefinance,https://jobs.lever.co/onefinance,LeverCO
220601,onefootball,https://jobs.lever.co/onefootball,LeverCO
220602,oneteam,https://jobs.lever.co/oneteam,LeverCO
220603,onfido,https://jobs.lever.co/onfido,LeverCO
220604,onuniverse,https://jobs.lever.co/onuniverse,LeverCO
220605,onupkeep,https://jobs.lever.co/onupkeep,LeverCO
220606,opala,https://jobs.lever.co/opala,LeverCO
220607,opaque-systems,https://jobs.lever.co/opaque-systems,LeverCO
220608,opcity,https://jobs.lever.co/opcity,LeverCO
220609,opencare,https://jobs.lever.co/opencare,LeverCO
220610,openinvest,https://jobs.lever.co/openinvest,LeverCO
220611,openlogix,https://jobs.lever.co/openlogix,LeverCO
220612,opensauced,https://jobs.lever.co/opensauced,LeverCO
220613,openteam,https://jobs.lever.co/openteam,LeverCO
220614,opinov8,https://jobs.lever.co/opinov8,LeverCO
220615,optimusride,https://jobs.lever.co/optimusride,LeverCO
220616,optiv-2,https://jobs.lever.co/optiv-2,LeverCO
220617,orbillion,https://jobs.lever.co/orbillion,LeverCO
220618,orbitalinsight,https://jobs.lever.co/orbitalinsight,LeverCO
220619,orcamobility,https://jobs.lever.co/orcamobility,LeverCO
220620,osnational,https://jobs.lever.co/osnational,LeverCO
220621,osomprivacy,https://jobs.lever.co/osomprivacy,LeverCO
220622,ouster,https://jobs.lever.co/ouster,LeverCO
220623,overbit,https://jobs.lever.co/overbit,LeverCO
220624,overbond,https://jobs.lever.co/overbond,LeverCO
220625,overmoon,https://jobs.lever.co/overmoon,LeverCO
220626,oxeonpartners,https://jobs.lever.co/oxeonpartners,LeverCO
220627,p-1ai,https://jobs.lever.co/p-1ai,LeverCO
220628,pamu,https://jobs.lever.co/pamu,LeverCO
220629,panapartners,https://jobs.lever.co/panapartners,LeverCO
220630,panda,https://jobs.lever.co/panda,LeverCO
220631,panderasystems,https://jobs.lever.co/panderasystems,LeverCO
220632,panteracapital,https://jobs.lever.co/panteracapital,LeverCO
220633,panum,https://jobs.lever.co/panum,LeverCO
220634,papara,https://jobs.lever.co/papara,LeverCO
220635,papercut,https://jobs.lever.co/papercut,LeverCO
220636,paradoxum-gg,https://jobs.lever.co/paradoxum-gg,LeverCO
220637,parcellab,https://jobs.lever.co/parcellab,LeverCO
220638,pardon,https://jobs.lever.co/pardon,LeverCO
220639,parkplace,https://jobs.lever.co/parkplace,LeverCO
220640,parrotsa,https://jobs.lever.co/parrotsa,LeverCO
220641,participantmedia,https://jobs.lever.co/participantmedia,LeverCO
220642,partoo,https://jobs.lever.co/partoo,LeverCO
220643,partyslate,https://jobs.lever.co/partyslate,LeverCO
220644,passportshipping,https://jobs.lever.co/passportshipping,LeverCO
220645,patch,https://jobs.ashbyhq.com/patch.io,AshbyHQ
220646,pathrise,https://jobs.lever.co/pathrise,LeverCO
220647,patientcolife,https://jobs.lever.co/patientcolife,LeverCO
220648,payfit,https://jobs.lever.co/payfit,LeverCO
220649,paymongo,https://jobs.lever.co/paymongo,LeverCO
220650,paytmbank,https://jobs.lever.co/paytmbank,LeverCO
220651,payzen,https://jobs.ashbyhq.com/payzen-inc,AshbyHQ
220652,peachfinance,https://jobs.lever.co/peachfinance,LeverCO
220653,peddie,https://jobs.lever.co/peddie,LeverCO
220654,pento,https://jobs.lever.co/pento,LeverCO
220655,percipient,https://jobs.lever.co/percipient,LeverCO
220656,persistiq,https://jobs.lever.co/persistiq,LeverCO
220657,pestotech,https://jobs.lever.co/pestotech,LeverCO
220658,petalcard,https://jobs.lever.co/petalcard,LeverCO
220659,petcircle,https://jobs.lever.co/petcircle,LeverCO
220660,peteforamerica,https://jobs.lever.co/peteforamerica,LeverCO
220661,petfriendly,https://jobs.lever.co/petfriendly,LeverCO
220662,pex,https://jobs.lever.co/pex,LeverCO
220663,phaze-technologies,https://jobs.lever.co/phaze-technologies,LeverCO
220664,phiatech,https://jobs.lever.co/phiatech,LeverCO
220665,phrasee,https://jobs.lever.co/phrasee,LeverCO
220666,pickethomes,https://jobs.lever.co/pickethomes,LeverCO
220667,piepacker,https://jobs.lever.co/piepacker,LeverCO
220668,pillow,https://jobs.lever.co/pillow,LeverCO
220669,pinata,https://jobs.lever.co/pinata,LeverCO
220670,pirouettemedical,https://jobs.lever.co/pirouettemedical,LeverCO
220671,pjp,https://jobs.lever.co/pjp,LeverCO
220672,placepass,https://jobs.lever.co/placepass,LeverCO
220673,plailabsinc,https://jobs.lever.co/plailabsinc,LeverCO
220674,planetinnovation,https://jobs.lever.co/planetinnovation,LeverCO
220675,plangrid,https://jobs.lever.co/plangrid,LeverCO
220676,planned-2,https://jobs.lever.co/planned-2,LeverCO
220677,plastiq,https://jobs.lever.co/plastiq,LeverCO
220678,platform-stud,https://jobs.lever.co/platform-stud,LeverCO
220679,plazahomemortgage,https://jobs.lever.co/plazahomemortgage,LeverCO
220680,plum,https://jobs.lever.co/plum,LeverCO
220681,pocketworlds,https://jobs.lever.co/pocketworlds,LeverCO
220682,pointonenav,https://jobs.lever.co/pointonenav,LeverCO
220683,policyfly,https://jobs.lever.co/policyfly,LeverCO
220684,polymerlabs,https://jobs.lever.co/polymerlabs,LeverCO
220685,pond5,https://jobs.lever.co/pond5,LeverCO
220686,poplarhomes,https://jobs.lever.co/poplarhomes,LeverCO
220687,popmenu,https://jobs.lever.co/popmenu,LeverCO
220688,poshtech,https://jobs.lever.co/poshtech,LeverCO
220689,possiblefinance,https://jobs.lever.co/possiblefinance,LeverCO
220690,potentialmotors,https://jobs.lever.co/potentialmotors,LeverCO
220691,ppgt,https://jobs.lever.co/ppgt,LeverCO
220692,ppnyc,https://jobs.lever.co/ppnyc,LeverCO
220693,ppslrswmo,https://jobs.lever.co/ppslrswmo,LeverCO
220694,preligens,https://jobs.lever.co/preligens,LeverCO
220695,premia,https://jobs.lever.co/premia,LeverCO
220696,prescriptivedata,https://jobs.lever.co/prescriptivedata,LeverCO
220697,prestashop,https://jobs.lever.co/prestashop,LeverCO
220698,prestigedevelopment,https://jobs.lever.co/prestigedevelopment,LeverCO
220699,presto,https://jobs.lever.co/presto,LeverCO
220700,pricebenowitz,https://jobs.lever.co/pricebenowitz,LeverCO
220701,pricemoov,https://jobs.lever.co/pricemoov,LeverCO
220702,primary-2,https://jobs.lever.co/primary-2,LeverCO
220703,primaryvc,https://jobs.lever.co/primaryvc,LeverCO
220704,primechiefofstaff,https://jobs.lever.co/primechiefofstaff,LeverCO
220705,primemoverslab,https://jobs.lever.co/primemoverslab,LeverCO
220706,printavo,https://jobs.lever.co/printavo,LeverCO
220707,printify,https://jobs.lever.co/printify,LeverCO
220708,priorities,https://ats.rippling.com/priorities,rippling
220709,processunity,https://jobs.lever.co/processunity,LeverCO
220710,proconconsulting,https://jobs.lever.co/proconconsulting,LeverCO
220711,prodigyeducation,https://jobs.lever.co/prodigyeducation,LeverCO
220712,prodigygame,https://jobs.lever.co/prodigygame,LeverCO
220713,progressive-design,https://jobs.lever.co/progressive-design,LeverCO
220714,projectcallisto,https://jobs.lever.co/projectcallisto,LeverCO
220715,projector-2,https://jobs.lever.co/projector-2,LeverCO
220716,projectyx,https://jobs.lever.co/projectyx,LeverCO
220717,promaxo,https://jobs.lever.co/promaxo,LeverCO
220718,pronto-ai,https://jobs.lever.co/pronto-ai,LeverCO
220719,propelplm,https://jobs.lever.co/propelplm,LeverCO
220720,protocol,https://jobs.lever.co/protocol,LeverCO
220721,pspdfkit,https://jobs.lever.co/pspdfkit,LeverCO
220722,publiccloudgroup-2,https://jobs.lever.co/publiccloudgroup-2,LeverCO
220723,publicprep,https://jobs.lever.co/publicprep,LeverCO
220724,pubstack,https://jobs.lever.co/pubstack,LeverCO
220725,pulsedata,https://jobs.lever.co/pulsedata,LeverCO
220726,pulsemedianl,https://jobs.lever.co/pulsemedianl,LeverCO
220727,pumpkin,https://jobs.lever.co/pumpkin,LeverCO
220728,puritanmedproducts,https://jobs.lever.co/puritanmedproducts,LeverCO
220729,pyramidci,https://jobs.lever.co/pyramidci,LeverCO
220730,pythian,https://ats.rippling.com/pythian,rippling
220731,q4inc,https://jobs.lever.co/q4inc,LeverCO
220732,qarik,https://jobs.lever.co/qarik,LeverCO
220733,qashier,https://jobs.lever.co/qashier,LeverCO
220734,qcells,https://jobs.lever.co/qcells,LeverCO
220735,qcells-2,https://jobs.lever.co/qcells-2,LeverCO
220736,qogita,https://jobs.lever.co/qogita,LeverCO
220737,qredo,https://jobs.lever.co/qredo,LeverCO
220738,qualtekservices,https://jobs.lever.co/qualtekservices,LeverCO
220739,quantgene,https://jobs.lever.co/quantgene,LeverCO
220740,quantlabs,https://jobs.lever.co/quantlabs,LeverCO
220741,quartet,https://jobs.lever.co/quartet,LeverCO
220742,quidd,https://jobs.lever.co/quidd,LeverCO
220743,quidel,https://jobs.lever.co/quidel,LeverCO
220744,quitgenius,https://jobs.lever.co/quitgenius,LeverCO
220745,quizizz,https://jobs.lever.co/quizizz,LeverCO
220746,quotapath,https://ats.rippling.com/quotapath,rippling
220747,quotevelocity,https://jobs.lever.co/quotevelocity,LeverCO
220748,quotient,https://jobs.lever.co/quotient,LeverCO
220749,quri,https://jobs.lever.co/quri,LeverCO
220750,r4d,https://jobs.lever.co/r4d,LeverCO
220751,rabbitholestudios,https://jobs.lever.co/rabbitholestudios,LeverCO
220752,radix,https://jobs.lever.co/radix,LeverCO
220753,radpowerbikes-2,https://jobs.lever.co/radpowerbikes-2,LeverCO
220754,rainmaking,https://jobs.lever.co/rainmaking,LeverCO
220755,raise,https://jobs.lever.co/raise,LeverCO
220756,ranitherapeutics,https://jobs.lever.co/ranitherapeutics,LeverCO
220757,rapidapi,https://jobs.lever.co/rapidapi,LeverCO
220758,raptormaps,https://jobs.lever.co/raptormaps,LeverCO
220759,rarible,https://jobs.lever.co/rarible,LeverCO
220760,raven,https://jobs.lever.co/raven,LeverCO
220761,reali,https://jobs.lever.co/reali,LeverCO
220762,realscout,https://jobs.lever.co/realscout,LeverCO
220763,realvision,https://jobs.lever.co/realvision,LeverCO
220764,recormedical,https://jobs.lever.co/recormedical,LeverCO
220765,recurly,https://jobs.lever.co/recurly,LeverCO
220766,recurve,https://jobs.lever.co/recurve,LeverCO
220767,redaptiveinc,https://jobs.lever.co/redaptiveinc,LeverCO
220768,redcanary,https://jobs.lever.co/redcanary,LeverCO
220769,redwoodresearch,https://jobs.lever.co/redwoodresearch,LeverCO
220770,reflectorentertainment,https://jobs.lever.co/reflectorentertainment,LeverCO
220771,refuel,https://jobs.lever.co/refuel,LeverCO
220772,regalvoice,https://jobs.lever.co/regalvoice,LeverCO
220773,regard,https://jobs.lever.co/regard,LeverCO
220774,regentcraft,https://jobs.ashbyhq.com/regent,AshbyHQ
220775,reggora,https://jobs.lever.co/reggora,LeverCO
220776,reibus,https://jobs.lever.co/reibus,LeverCO
220777,reifyhealth,https://jobs.lever.co/reifyhealth,LeverCO
220778,relayr,https://jobs.lever.co/relayr,LeverCO
220779,relaytx,https://jobs.lever.co/relaytx,LeverCO
220780,reli-sh,https://jobs.lever.co/reli-sh,LeverCO
220781,remedyentertainment,https://jobs.lever.co/remedyentertainment,LeverCO
220782,remine,https://jobs.lever.co/remine,LeverCO
220783,remix,https://jobs.lever.co/remix,LeverCO
220784,repairsmith,https://jobs.lever.co/repairsmith,LeverCO
220785,repreach,https://jobs.lever.co/repreach,LeverCO
220786,request,https://jobs.lever.co/request,LeverCO
220787,resonanceglobal,https://jobs.lever.co/resonanceglobal,LeverCO
220788,respawn,https://jobs.lever.co/respawn,LeverCO
220789,respondent,https://jobs.lever.co/respondent,LeverCO
220790,resultadosdigitais,https://jobs.lever.co/resultadosdigitais,LeverCO
220791,retailmenot,https://jobs.lever.co/retailmenot,LeverCO
220792,retailreinvented,https://jobs.lever.co/retailreinvented,LeverCO
220793,retentionscience,https://jobs.lever.co/retentionscience,LeverCO
220794,returnly,https://jobs.lever.co/returnly,LeverCO
220795,returntocorp,https://jobs.lever.co/returntocorp,LeverCO
220796,revenuemanage,https://jobs.lever.co/revenuemanage,LeverCO
220797,reverielabs,https://jobs.lever.co/reverielabs,LeverCO
220798,review,https://jobs.lever.co/review,LeverCO
220799,reviewtrackers,https://jobs.lever.co/reviewtrackers,LeverCO
220800,revolut,https://jobs.lever.co/revolut,LeverCO
220801,revolutionparts,https://jobs.lever.co/revolutionparts,LeverCO
220802,revzilla,https://jobs.lever.co/revzilla,LeverCO
220803,rewatch,https://jobs.lever.co/rewatch,LeverCO
220804,rideos,https://jobs.lever.co/rideos,LeverCO
220805,ridereport,https://jobs.lever.co/ridereport,LeverCO
220806,riftfinance,https://jobs.lever.co/riftfinance,LeverCO
220807,riley,https://jobs.lever.co/riley,LeverCO
220808,rilldata,https://jobs.lever.co/rilldata,LeverCO
220809,rimsys,https://ats.rippling.com/rimsys-careers,rippling
220810,ring,https://jobs.lever.co/ring,LeverCO
220811,ritual-technologies,https://jobs.lever.co/ritual-technologies,LeverCO
220812,rivosinc,https://jobs.lever.co/rivosinc,LeverCO
220813,roadio-ai,https://jobs.lever.co/roadio-ai,LeverCO
220814,roadrunnerwm,https://boards.greenhouse.io/roadrunner,GreenHouse
220815,robinpowered,https://jobs.lever.co/robinpowered,LeverCO
220816,robustintelligence,https://jobs.lever.co/robustintelligence,LeverCO
220817,rockcontent,https://jobs.lever.co/rockcontent,LeverCO
220818,rocketpharma,https://careers-rocketpharma.icims.com/jobs,icims
220819,rocketrip,https://jobs.lever.co/rocketrip,LeverCO
220820,rockset,https://jobs.lever.co/rockset,LeverCO
220821,rockymountainprep,https://jobs.lever.co/rockymountainprep,LeverCO
220822,roger,https://jobs.lever.co/roger,LeverCO
220823,rollbar,https://jobs.lever.co/rollbar,LeverCO
220824,roosterteeth,https://jobs.lever.co/roosterteeth,LeverCO
220825,roserocket,https://jobs.lever.co/roserocket,LeverCO
220826,roundglass,https://jobs.lever.co/roundglass,LeverCO
220827,royal,https://royal.bamboohr.com/careers,bamboohr
220828,rqteam,https://jobs.lever.co/rqteam,LeverCO
220829,rsandf-2,https://jobs.lever.co/rsandf-2,LeverCO
220830,ruangguru,https://jobs.lever.co/ruangguru,LeverCO
220831,rubylabs,https://jobs.lever.co/rubylabs,LeverCO
220832,run-alloy,https://jobs.lever.co/run-alloy,LeverCO
220833,runforsomething,https://jobs.lever.co/runforsomething,LeverCO
220834,runkeeper,https://jobs.lever.co/runkeeper,LeverCO
220835,runningtide,https://jobs.lever.co/runningtide,LeverCO
220836,rushdownstudio,https://jobs.lever.co/rushdownstudio,LeverCO
220837,rxsavingssolutions-2,https://jobs.lever.co/rxsavingssolutions-2,LeverCO
220838,ryzlabs,https://jobs.lever.co/ryzlabs,LeverCO
220839,saagie,https://jobs.lever.co/saagie,LeverCO
220840,safeai,https://jobs.lever.co/safeai,LeverCO
220841,sagana,https://jobs.lever.co/sagana,LeverCO
220842,saiglobal,https://jobs.lever.co/saiglobal,LeverCO
220843,sakuu,https://jobs.lever.co/sakuu,LeverCO
220844,saleor,https://jobs.lever.co/saleor,LeverCO
220845,saleswhale,https://jobs.lever.co/saleswhale,LeverCO
220846,salo-sciences,https://jobs.lever.co/salo-sciences,LeverCO
220847,samacare,https://jobs.lever.co/samacare,LeverCO
220848,sarwa,https://jobs.lever.co/sarwa,LeverCO
220849,savage-interactive,https://jobs.lever.co/savage-interactive,LeverCO
220850,sayurbox,https://jobs.lever.co/sayurbox,LeverCO
220851,scalablepress,https://jobs.lever.co/scalablepress,LeverCO
220852,scalac,https://jobs.lever.co/scalac,LeverCO
220853,scalebio,https://jobs.lever.co/scalebio,LeverCO
220854,scanlinevfx,https://jobs.lever.co/scanlinevfx,LeverCO
220855,schibsted,https://jobs.lever.co/schibsted,LeverCO
220856,schoolhouseworld,https://jobs.lever.co/schoolhouseworld,LeverCO
220857,scienceexchange,https://jobs.lever.co/scienceexchange,LeverCO
220858,scio,https://jobs.lever.co/scio,LeverCO
220859,scoopforwork,https://jobs.lever.co/scoopforwork,LeverCO
220860,scopear,https://jobs.lever.co/scopear,LeverCO
220861,scottscheapflights,https://jobs.lever.co/scottscheapflights,LeverCO
220862,scrapinghub,https://jobs.lever.co/scrapinghub,LeverCO
220863,scrollfoundation,https://jobs.lever.co/scrollfoundation,LeverCO
220864,seaoil,https://jobs.lever.co/seaoil,LeverCO
220865,secondfrontsystems,https://jobs.lever.co/secondfrontsystems,LeverCO
220866,section,https://jobs.lever.co/section,LeverCO
220867,securityinnovation,https://jobs.lever.co/securityinnovation,LeverCO
220868,seekai,https://jobs.lever.co/seekai,LeverCO
220869,seifdn,https://jobs.lever.co/seifdn,LeverCO
220870,seilabs,https://jobs.lever.co/seilabs,LeverCO
220871,selfbook,https://jobs.lever.co/selfbook,LeverCO
220872,selfmade,https://jobs.lever.co/selfmade,LeverCO
220873,semanticbits,https://jobs.lever.co/semanticbits,LeverCO
220874,sendoso,https://jobs.lever.co/sendoso,LeverCO
220875,sensible,https://jobs.lever.co/sensible,LeverCO
220876,sevenbridges,https://jobs.lever.co/sevenbridges,LeverCO
220877,sewerai,https://jobs.lever.co/sewerai,LeverCO
220878,sfcg,https://jobs.lever.co/sfcg,LeverCO
220879,shapertools,https://jobs.lever.co/shapertools,LeverCO
220880,sharethrough,https://jobs.lever.co/sharethrough,LeverCO
220881,sheerid,https://ats.rippling.com/sheerid,rippling
220882,sheertex,https://jobs.lever.co/sheertex,LeverCO
220883,shef,https://jobs.lever.co/shef,LeverCO
220884,shelfengine,https://jobs.lever.co/shelfengine,LeverCO
220885,shippo,https://jobs.lever.co/shippo,LeverCO
220886,shop-canal,https://jobs.lever.co/shop-canal,LeverCO
220887,shopify,https://jobs.lever.co/shopify,LeverCO
220888,sidebench,https://jobs.lever.co/sidebench,LeverCO
220889,sidequest,https://jobs.lever.co/sidequest,LeverCO
220890,sigfig-2,https://jobs.lever.co/sigfig-2,LeverCO
220891,sightviewsoftware,https://jobs.lever.co/sightviewsoftware,LeverCO
220892,signalfx,https://jobs.lever.co/signalfx,LeverCO
220893,silo,https://ats.rippling.com/silo,rippling
220894,silvercar,https://jobs.lever.co/silvercar,LeverCO
220895,silviaterra,https://jobs.lever.co/silviaterra,LeverCO
220896,simplebet,https://jobs.lever.co/simplebet,LeverCO
220897,simplehabit,https://jobs.lever.co/simplehabit,LeverCO
220898,simpli-2,https://jobs.lever.co/simpli-2,LeverCO
220899,siren-bio,https://jobs.lever.co/siren-bio,LeverCO
220900,sirnaomics,https://jobs.lever.co/sirnaomics,LeverCO
220901,sitka,https://jobs.lever.co/sitka,LeverCO
220902,sixfoldbioscience,https://jobs.lever.co/sixfoldbioscience,LeverCO
220903,skava,https://jobs.lever.co/skava,LeverCO
220904,skill-lync,https://jobs.lever.co/skill-lync,LeverCO
220905,skillshare,https://jobs.lever.co/skillshare,LeverCO
220906,skims,https://jobs.lever.co/skims,LeverCO
220907,skulabs,https://jobs.lever.co/skulabs,LeverCO
220908,slang,https://jobs.lever.co/slangai,LeverCO
220909,sleuth,https://jobs.lever.co/sleuth,LeverCO
220910,smarking,https://jobs.lever.co/smarking,LeverCO
220911,smartadserver,https://jobs.lever.co/smartadserver,LeverCO
220912,smartbugoperatingllc,https://jobs.lever.co/smartbugoperatingllc,LeverCO
220913,smartthings,https://jobs.lever.co/smartthings,LeverCO
220914,snacknation,https://jobs.lever.co/snacknation,LeverCO
220915,snapcommerce,https://jobs.lever.co/snapcommerce,LeverCO
220916,snowfork,https://jobs.lever.co/snowfork,LeverCO
220917,snowplowanalytics,https://jobs.lever.co/snowplowanalytics,LeverCO
220918,socialchorus,https://jobs.lever.co/socialchorus,LeverCO
220919,socialtables,https://jobs.lever.co/socialtables,LeverCO
220920,softrams,https://jobs.lever.co/softrams,LeverCO
220921,sonar,https://jobs.lever.co/sonarsource,LeverCO
220922,soundcommerce,https://jobs.lever.co/soundcommerce,LeverCO
220923,southwestwater,https://jobs.lever.co/southwestwater,LeverCO
220924,soylent,https://jobs.lever.co/soylent,LeverCO
220925,spacemaker,https://jobs.lever.co/spacemaker,LeverCO
220926,spacetecpartners,https://jobs.lever.co/spacetecpartners,LeverCO
220927,spectral,https://jobs.lever.co/spectral,LeverCO
220928,spendesk,https://jobs.lever.co/spendesk,LeverCO
220929,spinwheel,https://jobs.lever.co/spinwheel,LeverCO
220930,splash-music,https://jobs.lever.co/splash-music,LeverCO
220931,sporty,https://jobs.lever.co/sporty,LeverCO
220932,springfreeev,https://jobs.lever.co/springfreeev,LeverCO
220933,sprinterhealth,https://jobs.lever.co/sprinterhealth,LeverCO
220934,sprintfwd,https://jobs.lever.co/sprintfwd,LeverCO
220935,spruce,https://jobs.lever.co/spruce,LeverCO
220936,sprucestreetcompinternships,https://jobs.lever.co/sprucestreetcompinternships,LeverCO
220937,sqreen-2,https://jobs.lever.co/sqreen-2,LeverCO
220938,stacksfoundation,https://jobs.lever.co/stacksfoundation,LeverCO
220939,starburstdata,https://jobs.lever.co/starburstdata,LeverCO
220940,starknet,https://jobs.lever.co/starknet,LeverCO
220941,starship,https://jobs.lever.co/starship,LeverCO
220942,statesproject,https://jobs.lever.co/statesproject,LeverCO
220943,statflo,https://jobs.lever.co/statflo,LeverCO
220944,statuspageio,https://jobs.lever.co/statuspageio,LeverCO
220945,statuspro,https://jobs.lever.co/statuspro,LeverCO
220946,stavvy,https://jobs.lever.co/stavvy,LeverCO
220947,steemit,https://jobs.lever.co/steemit,LeverCO
220948,stellarfinance,https://jobs.lever.co/stellarfinance,LeverCO
220949,stoic,https://jobs.lever.co/stoic,LeverCO
220950,stormforge,https://jobs.lever.co/stormforge,LeverCO
220951,storyprotocol,https://jobs.lever.co/storyprotocol,LeverCO
220952,strapi,https://jobs.lever.co/strapi,LeverCO
220953,streetcontext,https://jobs.lever.co/streetcontext,LeverCO
220954,streetlightdata,https://jobs.lever.co/streetlightdata,LeverCO
220955,stridefunding,https://jobs.lever.co/stridefunding,LeverCO
220956,strydefurther,https://jobs.lever.co/strydefurther,LeverCO
220957,stxnft,https://jobs.lever.co/stxnft,LeverCO
220958,sublimesystems,https://jobs.lever.co/sublimesystems,LeverCO
220959,subspacelabs,https://jobs.lever.co/subspacelabs,LeverCO
220960,substackinc,https://jobs.lever.co/substackinc,LeverCO
220961,sukut,https://jobs.lever.co/sukut,LeverCO
220962,summersalt,https://jobs.lever.co/summersalt,LeverCO
220963,sundaysfordogs,https://jobs.lever.co/sundaysfordogs,LeverCO
220964,sunpower,https://jobs.lever.co/sunpower,LeverCO
220965,suntribegroup,https://jobs.lever.co/suntribegroup,LeverCO
220966,supernovacompanies,https://jobs.lever.co/supernovacompanies,LeverCO
220967,supernoya-logistics,https://jobs.lever.co/supernoya-logistics,LeverCO
220968,supportninja,https://jobs.lever.co/supportninja,LeverCO
220969,sustain-cert,https://jobs.lever.co/sustain-cert,LeverCO
220970,swaniti,https://jobs.lever.co/swaniti,LeverCO
220971,swappie,https://jobs.lever.co/swappie,LeverCO
220972,sweedpos,https://jobs.ashbyhq.com/sweedpos.com,AshbyHQ
220973,swiftlysystems,https://jobs.lever.co/swiftlysystems,LeverCO
220974,swiftmedical,https://jobs.lever.co/swiftmedical,LeverCO
220975,swimply,https://jobs.lever.co/swimply,LeverCO
220976,swingvision,https://jobs.lever.co/swingvision,LeverCO
220977,swiss-mile,https://jobs.lever.co/swiss-mile,LeverCO
220978,switchboardsoftware,https://jobs.lever.co/switchboardsoftware,LeverCO
220979,swoopapp,https://jobs.lever.co/swoopapp,LeverCO
220980,swyftx,https://jobs.lever.co/swyftx,LeverCO
220981,sygnaturediscovery,https://jobs.lever.co/sygnaturediscovery,LeverCO
220982,synapseint,https://jobs.lever.co/synapseint,LeverCO
220983,t1,https://jobs.lever.co/t1,LeverCO
220984,t6talentpartners,https://jobs.lever.co/t6talentpartners,LeverCO
220985,tactical,https://jobs.lever.co/tactical,LeverCO
220986,tajir-app,https://jobs.lever.co/tajir-app,LeverCO
220987,takescoop,https://jobs.lever.co/takescoop,LeverCO
220988,talend,https://jobs.lever.co/talend,LeverCO
220989,talent2win,https://jobs.lever.co/talent2win,LeverCO
220990,talentkompass-deutschland,https://jobs.lever.co/talentkompass-deutschland,LeverCO
220991,talentneuron,https://jobs.lever.co/talentneuron,LeverCO
220992,talentus,https://jobs.lever.co/talentus,LeverCO
220993,tamr,https://jobs.lever.co/tamr,LeverCO
220994,tangibleplay,https://jobs.lever.co/tangibleplay,LeverCO
220995,taplytics,https://jobs.lever.co/taplytics,LeverCO
220996,tari,https://jobs.lever.co/tari,LeverCO
220997,tataunistore,https://jobs.lever.co/tataunistore,LeverCO
220998,taxfyle,https://jobs.lever.co/taxfyle,LeverCO
220999,teameven,https://jobs.lever.co/teameven,LeverCO
221000,teampilot,https://jobs.lever.co/teampilot,LeverCO
221001,techflow,https://jobs.lever.co/techflow,LeverCO
221002,techmatters,https://jobs.lever.co/techmatters,LeverCO
221003,techruiter,https://jobs.lever.co/techruiter,LeverCO
221004,techtrust-inc,https://jobs.lever.co/techtrust-inc,LeverCO
221005,tecla,https://jobs.lever.co/tecla,LeverCO
221006,tegus,https://jobs.lever.co/tegus,LeverCO
221007,tempest,https://jobs.lever.co/tempest,LeverCO
221008,tenderly,https://jobs.lever.co/tenderly,LeverCO
221009,tendermint,https://jobs.lever.co/tendermint,LeverCO
221010,terazo,https://jobs.lever.co/terazo,LeverCO
221011,terms,https://jobs.lever.co/terms,LeverCO
221012,terra,https://jobs.lever.co/terrahq,LeverCO
221013,terraformation,https://jobs.lever.co/terraformation,LeverCO
221014,tessian,https://jobs.lever.co/tessian,LeverCO
221015,the-street,https://jobs.lever.co/the-street,LeverCO
221016,the-wing,https://jobs.lever.co/the-wing,LeverCO
221017,theambrgroup,https://jobs.lever.co/theambrgroup,LeverCO
221018,thebabyboxco,https://jobs.lever.co/thebabyboxco,LeverCO
221019,thecitizenry,https://jobs.lever.co/thecitizenry,LeverCO
221020,thecontigroup,https://jobs.lever.co/thecontigroup,LeverCO
221021,theexteriorcompany,https://jobs.lever.co/theexteriorcompany,LeverCO
221022,theflexcompany,https://jobs.lever.co/theflexcompany,LeverCO
221023,theguarantors,https://jobs.lever.co/theguarantors,LeverCO
221024,thejuggernaut,https://jobs.lever.co/thejuggernaut,LeverCO
221025,themuse,https://jobs.lever.co/themuse,LeverCO
221026,thenotcompany,https://jobs.lever.co/thenotcompany,LeverCO
221027,thentwrk,https://jobs.lever.co/thentwrk,LeverCO
221028,thenudge,https://jobs.lever.co/thenudge,LeverCO
221029,theorem,https://jobs.lever.co/theorem,LeverCO
221030,theoremonellc,https://jobs.lever.co/theoremonellc,LeverCO
221031,thepillclub,https://jobs.lever.co/thepillclub,LeverCO
221032,therabodycorp,https://jobs.lever.co/therabodycorp,LeverCO
221033,therecount,https://jobs.lever.co/therecount,LeverCO
221034,thesleepreset,https://jobs.lever.co/thesleepreset,LeverCO
221035,thespringhillco,https://jobs.lever.co/thespringhillco,LeverCO
221036,thestudio,https://jobs.lever.co/thestudio,LeverCO
221037,thetrainline,https://jobs.ashbyhq.com/trainline,AshbyHQ
221038,thewanderlustgroup,https://jobs.lever.co/thewanderlustgroup,LeverCO
221039,thewire-media,https://jobs.lever.co/thewire-media,LeverCO
221040,thinair,https://jobs.lever.co/thinair,LeverCO
221041,thinkcyte,https://jobs.lever.co/thinkcyte,LeverCO
221042,thinkful,https://jobs.lever.co/thinkful,LeverCO
221043,thinkhr,https://jobs.lever.co/thinkhr,LeverCO
221044,thinkon,https://jobs.lever.co/thinkon,LeverCO
221045,thirdwavelabs,https://jobs.lever.co/thirdwavelabs,LeverCO
221046,thortech-solutions,https://jobs.lever.co/thortech-solutions,LeverCO
221047,thoughtexchange,https://jobs.lever.co/thoughtexchange,LeverCO
221048,thrasio,https://jobs.lever.co/thrasio,LeverCO
221049,thredup,https://jobs.lever.co/thredup,LeverCO
221050,thundertoken,https://jobs.lever.co/thundertoken,LeverCO
221051,thycotic,https://jobs.lever.co/thycotic,LeverCO
221052,tiff,https://jobs.lever.co/tiff,LeverCO
221053,tilda-research,https://jobs.lever.co/tilda-research,LeverCO
221054,tileapp,https://jobs.lever.co/tileapp,LeverCO
221055,timely-md,https://jobs.lever.co/timely-md,LeverCO
221056,timelycare,https://jobs.lever.co/timelycare,LeverCO
221057,titanx,https://jobs.lever.co/titanx,LeverCO
221058,titmouse,https://jobs.lever.co/titmouse,LeverCO
221059,tivix,https://jobs.lever.co/tivix,LeverCO
221060,token,https://jobs.lever.co/token,LeverCO
221061,tokenwin,https://jobs.lever.co/tokenwin,LeverCO
221062,tophat,https://jobs.lever.co/tophat,LeverCO
221063,tophatter,https://jobs.lever.co/tophatter,LeverCO
221064,toplinepro,https://jobs.lever.co/toplinepro,LeverCO
221065,toruslabs,https://jobs.lever.co/toruslabs,LeverCO
221066,trade-lanes,https://jobs.lever.co/trade-lanes,LeverCO
221067,tradecentriccareers,https://jobs.lever.co/tradecentriccareers,LeverCO
221068,tradeshift,https://jobs.lever.co/tradeshift,LeverCO
221069,tradesy,https://jobs.lever.co/tradesy,LeverCO
221070,trainual,https://jobs.lever.co/trainual,LeverCO
221071,transfrvr,https://jobs.lever.co/transfrvr,LeverCO
221072,transitscreen,https://jobs.lever.co/transitscreen,LeverCO
221073,transwest,https://jobs.lever.co/transwest,LeverCO
221074,travala,https://jobs.lever.co/travala,LeverCO
221075,treasure-data,https://jobs.lever.co/treasure-data,LeverCO
221076,treecard,https://jobs.lever.co/treecard,LeverCO
221077,trella,https://jobs.lever.co/trella,LeverCO
221078,trengobv,https://jobs.lever.co/trengobv,LeverCO
221079,trip-ninja,https://jobs.lever.co/trip-ninja,LeverCO
221080,tripleblind,https://jobs.lever.co/tripleblind,LeverCO
221081,trolley,https://jobs.lever.co/trolley,LeverCO
221082,trueaccord,https://jobs.lever.co/trueaccord,LeverCO
221083,truenorth,https://jobs.lever.co/truenorth,LeverCO
221084,truevault,https://jobs.lever.co/truevault,LeverCO
221085,truora,https://jobs.lever.co/truora,LeverCO
221086,trussworks,https://jobs.lever.co/trussworks,LeverCO
221087,trustandwill,https://jobs.lever.co/trustandwill,LeverCO
221088,trusttoken,https://jobs.lever.co/trusttoken,LeverCO
221089,truveris,https://jobs.lever.co/truveris,LeverCO
221090,trycourier,https://jobs.lever.co/trycourier,LeverCO
221091,tubularlabs,https://jobs.lever.co/tubularlabs,LeverCO
221092,tuftandneedle,https://jobs.lever.co/tuftandneedle,LeverCO
221093,tul,https://jobs.lever.co/tul,LeverCO
221094,tune,https://jobs.lever.co/tune,LeverCO
221095,turing-labs,https://jobs.lever.co/turing-labs,LeverCO
221096,tuskventures,https://jobs.lever.co/tuskventures,LeverCO
221097,tweeq,https://jobs.lever.co/tweeq,LeverCO
221098,twelvelabs,https://jobs.lever.co/twelvelabs,LeverCO
221099,twentyfirstcenturybrand,https://jobs.lever.co/twentyfirstcenturybrand,LeverCO
221100,twisp,https://jobs.lever.co/twisp,LeverCO
221101,typology,https://jobs.lever.co/typology,LeverCO
221102,ubiminds,https://jobs.lever.co/ubiminds,LeverCO
221103,udemy,https://jobs.lever.co/udemy,LeverCO
221104,ueno,https://jobs.lever.co/ueno,LeverCO
221105,ufonia,https://jobs.lever.co/ufonia,LeverCO
221106,umaproject,https://jobs.lever.co/umaproject,LeverCO
221107,umbragestudios,https://jobs.lever.co/umbragestudios,LeverCO
221108,umpqua-health,https://jobs.lever.co/umpqua-health,LeverCO
221109,universalengineeringsciences,https://jobs.lever.co/universalengineeringsciences,LeverCO
221110,unlearnai,https://jobs.lever.co/unlearnai,LeverCO
221111,unraveldata,https://jobs.lever.co/unraveldata,LeverCO
221112,unstoppabledomains,https://jobs.lever.co/unstoppabledomains,LeverCO
221113,untether,https://jobs.lever.co/untether,LeverCO
221114,unu,https://jobs.lever.co/unu,LeverCO
221115,uplift,https://jobs.lever.co/uplift,LeverCO
221116,upmetrics,https://jobs.lever.co/upmetrics,LeverCO
221117,usecipher,https://jobs.lever.co/usecipher,LeverCO
221118,useinsider,https://jobs.lever.co/useinsider,LeverCO
221119,useloom,https://jobs.lever.co/useloom,LeverCO
221120,userlane,https://userlane.jobs.personio.com,personio
221121,utopialabs,https://jobs.lever.co/utopialabs,LeverCO
221122,utvate,https://jobs.lever.co/utvate,LeverCO
221123,valinor,https://jobs.ashbyhq.com/valinor,AshbyHQ
221124,valoremreply,https://jobs.lever.co/valoremreply,LeverCO
221125,vannevarlabs-2,https://jobs.lever.co/vannevarlabs-2,LeverCO
221126,vantagepointlogistics,https://jobs.lever.co/vantagepointlogistics,LeverCO
221127,varni-labs,https://jobs.lever.co/varni-labs,LeverCO
221128,vauld,https://jobs.lever.co/vauld,LeverCO
221129,vclab,https://jobs.lever.co/vclab,LeverCO
221130,vedadata,https://jobs.lever.co/vedadata,LeverCO
221131,veefriends,https://jobs.lever.co/veefriends,LeverCO
221132,verafin,https://jobs.lever.co/verafin,LeverCO
221133,vericred,https://jobs.lever.co/vericred,LeverCO
221134,verisart,https://jobs.lever.co/verisart,LeverCO
221135,vero,https://jobs.lever.co/vero,LeverCO
221136,verse-medical,https://jobs.lever.co/verse-medical,LeverCO
221137,verticalscope,https://jobs.lever.co/verticalscope,LeverCO
221138,verypossible,https://jobs.lever.co/verypossible,LeverCO
221139,verytechnology,https://jobs.lever.co/verytechnology,LeverCO
221140,vestahousing,https://jobs.lever.co/vestahousing,LeverCO
221141,veteransadvantage,https://jobs.lever.co/veteransadvantage,LeverCO
221142,vevo-ai,https://jobs.lever.co/vevo-ai,LeverCO
221143,vhslab,https://jobs.lever.co/vhslab,LeverCO
221144,vhx,https://jobs.lever.co/vhx,LeverCO
221145,viacom18,https://jobs.lever.co/viacom18,LeverCO
221146,vial,https://jobs.lever.co/vial,LeverCO
221147,viantinc,https://jobs.lever.co/viantinc,LeverCO
221148,vibrenthealth,https://jobs.lever.co/vibrenthealth,LeverCO
221149,victoryhrg,https://jobs.lever.co/victoryhrg,LeverCO
221150,vimpelcom,https://jobs.lever.co/vimpelcom,LeverCO
221151,vinted,https://jobs.lever.co/vinted,LeverCO
221152,vippetcare,https://jobs.lever.co/vippetcare,LeverCO
221153,vir,https://jobs.lever.co/vir,LeverCO
221154,visioncritical,https://jobs.lever.co/visioncritical,LeverCO
221155,vistarmedia-2,https://jobs.lever.co/vistarmedia-2,LeverCO
221156,vitalbio,https://jobs.lever.co/vitalbio,LeverCO
221157,vivsoft,https://jobs.lever.co/vivsoft,LeverCO
221158,vizion,https://jobs.lever.co/vizion,LeverCO
221159,vngrs,https://jobs.lever.co/vngrs,LeverCO
221160,volume-finance,https://jobs.lever.co/volume-finance,LeverCO
221161,voterformationproject,https://jobs.lever.co/voterformationproject,LeverCO
221162,vowel,https://jobs.lever.co/vowel,LeverCO
221163,vvt,https://jobs.lever.co/vvt,LeverCO
221164,waitrapp,https://jobs.lever.co/waitrapp,LeverCO
221165,walser,https://jobs.lever.co/walser,LeverCO
221166,wandb,https://jobs.lever.co/wandb,LeverCO
221167,warblerlabs,https://jobs.lever.co/warblerlabs,LeverCO
221168,washburn,https://jobs.lever.co/washburn,LeverCO
221169,washmen,https://jobs.lever.co/washmen,LeverCO
221170,wealthfinancialtechnologies,https://jobs.lever.co/wealthfinancialtechnologies,LeverCO
221171,wearatoms,https://jobs.lever.co/wearatoms,LeverCO
221172,weekender-hotels,https://jobs.lever.co/weekender-hotels,LeverCO
221173,weel,https://jobs.lever.co/weel,LeverCO
221174,wemaintain,https://jobs.lever.co/wemaintain,LeverCO
221175,wepay,https://jobs.lever.co/wepay,LeverCO
221176,wesalute,https://jobs.lever.co/wesalute,LeverCO
221177,wingedrecruitment,https://jobs.lever.co/wingedrecruitment,LeverCO
221178,wish,https://jobs.lever.co/wish,LeverCO
221179,wisk,https://wisk.wd108.myworkdayjobs.com/wisk_careers,WorkDay
221180,wisprai,https://jobs.lever.co/wisprai,LeverCO
221181,with-foundation,https://jobs.lever.co/with-foundation,LeverCO
221182,withdouble,https://jobs.lever.co/withdouble,LeverCO
221183,wiz,https://jobs.lever.co/wiz,LeverCO
221184,wolve,https://jobs.lever.co/wolve,LeverCO
221185,wonderbly,https://jobs.lever.co/wonderbly,LeverCO
221186,work-life,https://jobs.lever.co/work-life,LeverCO
221187,workbravely,https://jobs.lever.co/workbravely,LeverCO
221188,wyld,https://jobs.lever.co/wyld,LeverCO
221189,wyze,https://jobs.lever.co/wyze,LeverCO
221190,x1creditcard,https://jobs.lever.co/x1creditcard,LeverCO
221191,xfers,https://jobs.lever.co/xfers,LeverCO
221192,xmodesocial,https://jobs.lever.co/xmodesocial,LeverCO
221193,xxartists,https://jobs.lever.co/xxartists,LeverCO
221194,yelp,https://jobs.lever.co/yelp,LeverCO
221195,yottaa,https://jobs.lever.co/yottaa,LeverCO
221196,you,https://jobs.lever.co/you,LeverCO
221197,yourmechanic,https://jobs.lever.co/yourmechanic,LeverCO
221198,zededa,https://jobs.lever.co/zededa,LeverCO
221199,zeitgold,https://jobs.lever.co/zeitgold,LeverCO
221200,zendrive,https://jobs.lever.co/zendrive,LeverCO
221201,zenogroup,https://jobs.lever.co/zenogroup,LeverCO
221202,zentail,https://jobs.lever.co/zentail,LeverCO
221203,zeotap,https://jobs.lever.co/zeotap,LeverCO
221204,zerocater,https://jobs.lever.co/zerocater,LeverCO
221205,zerofox,https://jobs.lever.co/zerofox,LeverCO
221206,zeus,https://jobs.lever.co/zeus,LeverCO
221207,zignallabs,https://jobs.lever.co/zignallabs,LeverCO
221208,ziing,https://jobs.lever.co/ziing,LeverCO
221209,zinccollective,https://jobs.lever.co/zinccollective,LeverCO
221210,zipari,https://jobs.lever.co/zipari,LeverCO
221211,zipongo,https://jobs.lever.co/zipongo,LeverCO
221212,zivaro,https://jobs.lever.co/zivaro,LeverCO
221213,zoomer,https://jobs.lever.co/zoomer,LeverCO
221214,zoomprop,https://jobs.lever.co/zoomprop,LeverCO
221215,zotecpartners,https://jobs.lever.co/zotecpartners,LeverCO
221216,zowie,https://jobs.lever.co/zowie,LeverCO
221217,zumper,https://jobs.lever.co/zumper,LeverCO
221218,zuva,https://jobs.lever.co/zuva,LeverCO
221219,8451llc,https://8451llc.wd1.myworkdayjobs.com/external8451,WorkDay
221220,academicpartnerships,https://academicpartnerships.wd5.myworkdayjobs.com/academicpartnerships,WorkDay
221221,acquirebpo,https://acquirebpo.wd3.myworkdayjobs.com/acquire,WorkDay
221222,activision,https://activision.wd1.myworkdayjobs.com/abm_external_careers,WorkDay
221223,adfinc,https://adfinc.wd1.myworkdayjobs.com/external_idf,WorkDay
221224,adva,https://adva.wd3.myworkdayjobs.com/ans,WorkDay
221225,aegion,https://aegion.wd501.myworkdayjobs.com/aegion_careers,WorkDay
221226,aimcodevco,https://aimcodevco.wd5.myworkdayjobs.com/aimco,WorkDay
221227,aimia,https://aimia.wd3.myworkdayjobs.com/aimia_career_site,WorkDay
221228,allina,https://allina.wd5.myworkdayjobs.com/external,WorkDay
221229,altron,https://altron.wd3.myworkdayjobs.com/altron_careers,WorkDay
221230,altru,https://altru.wd1.myworkdayjobs.com/careers,WorkDay
221231,ampath,https://ampath.wd3.myworkdayjobs.com/ampathcareers,WorkDay
221232,apttus,https://apttus.wd5.myworkdayjobs.com/conga-external,WorkDay
221233,ascenaretail,https://ascenaretail.wd5.myworkdayjobs.com/us_corporate_jobs,WorkDay
221234,ascential,https://ascential.wd3.myworkdayjobs.com/asc,WorkDay
221235,asos,https://asos.wd3.myworkdayjobs.com/externalcareers,WorkDay
221236,asuprep,https://asuprep.wd5.myworkdayjobs.com/asup,WorkDay
221237,atheneum,https://atheneum.wd103.myworkdayjobs.com/atheneum,WorkDay
221238,atmosenergy,https://atmosenergy.wd5.myworkdayjobs.com/external_career_site,WorkDay
221239,baldwinriskpartners,https://baldwinriskpartners.wd1.myworkdayjobs.com/brp,WorkDay
221240,bamfhealth,https://bamfhealth.wd5.myworkdayjobs.com/external,WorkDay
221241,bamfunds,https://bamfunds.wd1.myworkdayjobs.com/external,WorkDay
221242,bardmaterials,https://bardmaterials.wd5.myworkdayjobs.com/bardmaterials_careers,WorkDay
221243,bbby,https://bbby.wd5.myworkdayjobs.com/bed_bath_beyond_distribution_jobs,WorkDay
221244,bcfs,https://bcfs.wd5.myworkdayjobs.com/bcfscareers,WorkDay
221245,beachbody,https://beachbody.wd1.myworkdayjobs.com/careers,WorkDay
221246,bellhowell,https://bellhowell.rec.pro.ukg.net/BEL1502BAHL/JobBoard/4889b029-331a-4ad2-82ca-941b7b056adc,ultipro
221247,bentley,https://bentley.wd1.myworkdayjobs.com/faculty,WorkDay
221248,bgea,https://bgea.wd1.myworkdayjobs.com/bgea_careers,WorkDay
221249,bioclinica,https://bioclinica.wd1.myworkdayjobs.com/bioclinica_careers,WorkDay
221250,blackknight,https://blackknight.wd1.myworkdayjobs.com/bkc,WorkDay
221251,blankfactor,https://blankfactor.wd12.myworkdayjobs.com/blankfactor_external,WorkDay
221252,blockone,https://blockone.wd3.myworkdayjobs.com/blockone,WorkDay
221253,blucora,https://blucora.wd1.myworkdayjobs.com/careers,WorkDay
221254,breakthrought1d,https://breakthrought1d.wd1.myworkdayjobs.com/breakthrought1d,WorkDay
221255,broadinstitute,https://broadinstitute.wd1.myworkdayjobs.com/broad_institute,WorkDay
221256,burrellcenter,https://burrellcenter.wd5.myworkdayjobs.com/bbh,WorkDay
221257,calabrio,https://calabrio.wd5.myworkdayjobs.com/calabriohq,WorkDay
221258,campbellsville,https://campbellsville.wd1.myworkdayjobs.com/cu_workstudy,WorkDay
221259,caprisun,https://caprisun.wd3.myworkdayjobs.com/jobs,WorkDay
221260,cardno,https://cardno.wd3.myworkdayjobs.com/cardno_careers,WorkDay
221261,ccitc,https://ccitc.wd1.myworkdayjobs.com/marathon_county_careers,WorkDay
221262,celltrionhealthcare,https://celltrionhealthcare.wd3.myworkdayjobs.com/celltrionjapan,WorkDay
221263,centrotecgroup,https://centrotecgroup.wd3.myworkdayjobs.com/centrotec,WorkDay
221264,cfr,https://cfr.wd5.myworkdayjobs.com/buc-careers,WorkDay
221265,chartermfg,https://chartermfg.wd5.myworkdayjobs.com/charter_careers,WorkDay
221266,choicehotels,https://choicehotels.wd5.myworkdayjobs.com/external,WorkDay
221267,clayutility,https://clayutility.wd5.myworkdayjobs.com/careers,WorkDay
221268,cloughgroup,https://cloughgroup.wd3.myworkdayjobs.com/clough_wood,WorkDay
221269,coalliance,https://coalliance.wd5.myworkdayjobs.com/co-alliance,WorkDay
221270,communityhospice,https://communityhospice.wd1.myworkdayjobs.com/alivia_care,WorkDay
221271,coopfs,https://coopfs.wd1.myworkdayjobs.com/external,WorkDay
221272,corelogic,https://corelogic.wd5.myworkdayjobs.com/acq,WorkDay
221273,cotality,https://cotality.wd5.myworkdayjobs.com/acq,WorkDay
221274,covantaenergy,https://covantaenergy.wd5.myworkdayjobs.com/external,WorkDay
221275,crescentpoint,https://crescentpoint.wd3.myworkdayjobs.com/cpe_careers,WorkDay
221276,customercontactchannels,https://customercontactchannels.wd1.myworkdayjobs.com/c3careers,WorkDay
221277,cwb,https://cwb.wd3.myworkdayjobs.com/external,WorkDay
221278,cyient,https://cyient.wd3.myworkdayjobs.com/careers,WorkDay
221279,cyrusone,https://cyrusone.wd1.myworkdayjobs.com/cyrusone,WorkDay
221280,daiichisankyo,https://daiichisankyo.wd1.myworkdayjobs.com/dsi,WorkDay
221281,daymoninteractions,https://daymoninteractions.wd5.myworkdayjobs.com/cds-careers,WorkDay
221282,dcsd,https://dcsd.wd5.myworkdayjobs.com/dcsd,WorkDay
221283,discover,https://discover.wd5.myworkdayjobs.com/discover,WorkDay
221284,diversey,https://diversey.wd5.myworkdayjobs.com/diversey,WorkDay
221285,donaanacounty,https://donaanacounty.wd5.myworkdayjobs.com/dac,WorkDay
221286,dorilton,https://dorilton.wd1.myworkdayjobs.com/dorilton,WorkDay
221287,dxpe,https://dxpe.wd5.myworkdayjobs.com/dxp_external,WorkDay
221288,ecentria,https://ecentria.wd1.myworkdayjobs.com/careers,WorkDay
221289,edison,https://edison.wd3.myworkdayjobs.com/edison,WorkDay
221290,elara,https://elara.wd5.myworkdayjobs.com/external,WorkDay
221291,elkay,https://elkay.wd1.myworkdayjobs.com/china_all_jobs_external_career_site,WorkDay
221292,elobau,https://elobau.wd3.myworkdayjobs.com/elobau,WorkDay
221293,emspmg,https://emspmg.wd1.myworkdayjobs.com/9dot_careers,WorkDay
221294,enhsa,https://enhsa.wd5.myworkdayjobs.com/alphaschoolv1,WorkDay
221295,envestnet,https://envestnet.wd5.myworkdayjobs.com/env,WorkDay
221296,eppendorf,https://eppendorf.wd3.myworkdayjobs.com/eppendorf,WorkDay
221297,eulen,https://eulen.wd5.myworkdayjobs.com/eulen,WorkDay
221298,eversidehealth,https://eversidehealth.wd1.myworkdayjobs.com/everside_health_careers,WorkDay
221299,excelfitness,https://excelfitness.wd5.myworkdayjobs.com/excel_fitness,WorkDay
221300,ffin,https://ffin.wd1.myworkdayjobs.com/first_financial_bank,WorkDay
221301,fibrogen,https://fibrogen.wd5.myworkdayjobs.com/fibrogen,WorkDay
221302,finishline,https://finishline.wd1.myworkdayjobs.com/cc_dc_careers,WorkDay
221303,firstacceptance,https://firstacceptance.wd5.myworkdayjobs.com/firstacceptance,WorkDay
221304,fisker,https://fisker.wd1.myworkdayjobs.com/fisker_careers,WorkDay
221305,fkusa,https://fkusa.wd1.myworkdayjobs.com/fk_careers,WorkDay
221306,fleetcor,https://fleetcor.wd3.myworkdayjobs.com/ext_001,WorkDay
221307,flyscoot,https://flyscoot.wd3.myworkdayjobs.com/nokscootexternalcareersite,WorkDay
221308,flyswoop,https://flyswoop.wd3.myworkdayjobs.com/flyswoop,WorkDay
221309,forestlawn,https://forestlawn.wd1.myworkdayjobs.com/forest_lawn,WorkDay
221310,fragomen,https://fragomen.wd1.myworkdayjobs.com/fragomencareers,WorkDay
221311,g6hospitality,https://g6hospitality.wd5.myworkdayjobs.com/corporate-team,WorkDay
221312,gcu,https://gcu.wd1.myworkdayjobs.com/gce,WorkDay
221313,ge,https://ge.wd5.myworkdayjobs.com/aerospace_externalsite,WorkDay
221314,gfk,https://gfk.wd3.myworkdayjobs.com/corporate_careers,WorkDay
221315,glwater,https://glwater.wd1.myworkdayjobs.com/careers,WorkDay
221316,gormanusa,https://gormanusa.wd501.myworkdayjobs.com/brewhouse,WorkDay
221317,greenhill,https://greenhill.wd5.myworkdayjobs.com/searchjobs,WorkDay
221318,groupefdj,https://groupefdj.wd103.myworkdayjobs.com/fdj,WorkDay
221319,grubhub,https://grubhub.wd1.myworkdayjobs.com/external,WorkDay
221320,halozyme,https://halozyme.wd1.myworkdayjobs.com/halozymecareers,WorkDay
221321,harfordcountymd,https://harfordcountymd.wd5.myworkdayjobs.com/harford_county_external_career_site,WorkDay
221322,harry,https://harry.wd3.myworkdayjobs.com/hri,WorkDay
221323,hccfl,https://hccfl.wd1.myworkdayjobs.com/hccjobs,WorkDay
221324,hcsoftwareservices,https://hcsoftwareservices.wd1.myworkdayjobs.com/dedalusjobs,WorkDay
221325,healthnowny,https://healthnowny.wd1.myworkdayjobs.com/bluecross_blueshield_of_wny_neny,WorkDay
221326,hensoldt,https://hensoldt.wd3.myworkdayjobs.com/external_career_site,WorkDay
221327,hfsc,https://hfsc.wd5.myworkdayjobs.com/careers,WorkDay
221328,highpoint,https://highpoint.wd1.myworkdayjobs.com/highpoint-faculty,WorkDay
221329,hongrp,https://hongrp.wd1.myworkdayjobs.com/bdci,WorkDay
221330,howden,https://howden.wd3.myworkdayjobs.com/external,WorkDay
221331,hrispayroll,https://hrispayroll.wd5.myworkdayjobs.com/homestreetcareers,WorkDay
221332,hr,https://hr.wd3.myworkdayjobs.com/avanticeexternal,WorkDay
221333,hti,https://hti.wd5.myworkdayjobs.com/hti,WorkDay
221334,htlf,https://htlf.wd1.myworkdayjobs.com/arizona-bank-careers,WorkDay
221335,huntington,https://huntington.wd12.myworkdayjobs.com/hnbcareers,WorkDay
221336,iegt,https://iegt.wd3.myworkdayjobs.com/gti_external_careers_advisory,WorkDay
221337,iesabroad,https://iesabroad.wd5.myworkdayjobs.com/ies_abroad_careers,WorkDay
221338,ihsmarkit,https://ihsmarkit.wd1.myworkdayjobs.com/careers,WorkDay
221339,illuminateusa,https://illuminateusa.wd5.myworkdayjobs.com/illuminate_careers,WorkDay
221340,ineoscomposites,https://ineoscomposites.wd1.myworkdayjobs.com/ineoscareers,WorkDay
221341,inlandimaging,https://inlandimaging.wd5.myworkdayjobs.com/inland_imaging_careers,WorkDay
221342,invisors,https://invisors.wd5.myworkdayjobs.com/external,WorkDay
221343,isg,https://isg.wd3.myworkdayjobs.com/isg,WorkDay
221344,jdrf,https://jdrf.wd1.myworkdayjobs.com/jdrf,WorkDay
221345,jerrys,https://jerrys.wd1.myworkdayjobs.com/jerrysfoods,WorkDay
221346,joann,https://joann.wd5.myworkdayjobs.com/careers_at_joann,WorkDay
221347,justeat,https://justeat.wd3.myworkdayjobs.com/justeat_careers,WorkDay
221348,kar,https://kar.wd1.myworkdayjobs.com/openlane_careers,WorkDay
221349,kavak,https://kavak.wd3.myworkdayjobs.com/externalcareerkunamx,WorkDay
221350,kepcorp,https://kepcorp.wd3.myworkdayjobs.com/keppelcareers,WorkDay
221351,kings,https://kings.wd1.myworkdayjobs.com/kingscareers,WorkDay
221352,koerberscsoftware,https://koerberscsoftware.wd3.myworkdayjobs.com/koerber,WorkDay
221353,kohls,https://kohls.wd1.myworkdayjobs.com/kohlscareers,WorkDay
221354,kompasskapital,https://kompasskapital.wd1.myworkdayjobs.com/favorite_external_careers,WorkDay
221355,krauseholdings,https://krauseholdings.wd5.myworkdayjobs.com/external,WorkDay
221356,kwm,https://kwm.wd105.myworkdayjobs.com/careers_kwm,WorkDay
221357,lambwestonmeijer,https://lambwestonmeijer.wd3.myworkdayjobs.com/external_vacancies,WorkDay
221358,lghealth,https://lghealth.wd1.myworkdayjobs.com/college_career,WorkDay
221359,lmiaerospace,https://lmiaerospace.wd103.myworkdayjobs.com/lmi_careers,WorkDay
221360,logmein,https://logmein.wd5.myworkdayjobs.com/logmeincareers,WorkDay
221361,lumio,https://lumio.wd1.myworkdayjobs.com/lumio,WorkDay
221362,madisoncollege,https://madisoncollege.wd5.myworkdayjobs.com/jobsatmadisoncollege,WorkDay
221363,magnateworldwide,https://magnateworldwide.wd5.myworkdayjobs.com/mww,WorkDay
221364,marcum,https://marcum.wd1.myworkdayjobs.com/marcumexperiencedcareers,WorkDay
221365,marjacpoultry,https://marjacpoultry.wd5.myworkdayjobs.com/marjac_poultry_careers,WorkDay
221366,marshall,https://marshall.wd3.myworkdayjobs.com/marshall_group,WorkDay
221367,masonite,https://masonite.wd1.myworkdayjobs.com/masonite_careers,WorkDay
221368,mccoys,https://mccoys.wd1.myworkdayjobs.com/mccoys_external_careers,WorkDay
221369,mcrtrust,https://mcrtrust.wd1.myworkdayjobs.com/mill_creek_careers,WorkDay
221370,meg,https://meg.wd3.myworkdayjobs.com/external,WorkDay
221371,msh,https://msh.wd1.myworkdayjobs.com/enus,WorkDay
221372,mto,https://mto.wd1.myworkdayjobs.com/mto_careers,WorkDay
221373,mx,https://mx.wd1.myworkdayjobs.com/ext-mx,WorkDay
221374,mygtcmi,https://mygtcmi.wd1.myworkdayjobs.com/gtc,WorkDay
221375,mylan,https://mylan.wd5.myworkdayjobs.com/external,WorkDay
221376,mypath,https://mypath.wd1.myworkdayjobs.com/mypathcareers,WorkDay
221377,naic,https://naic.wd1.myworkdayjobs.com/naic,WorkDay
221378,nantmedia,https://nantmedia.wd5.myworkdayjobs.com/latimescareers,WorkDay
221379,navexglobal,https://navexglobal.wd5.myworkdayjobs.com/navex,WorkDay
221380,neustar,https://neustar.wd5.myworkdayjobs.com/neustar-careers,WorkDay
221381,newsday,https://newsday.wd1.myworkdayjobs.com/newsday,WorkDay
221382,nextracker,https://nextracker.wd5.myworkdayjobs.com/nextracker_careers,WorkDay
221383,ngic,https://ngic.wd1.myworkdayjobs.com/nationalgeneral,WorkDay
221384,nlcloans,https://nlcloans.wd1.myworkdayjobs.com/nationslendingcareers,WorkDay
221385,nordstrom,https://nordstrom.wd501.myworkdayjobs.com/nordstrom_careers,WorkDay
221386,nrel,https://nrel.wd5.myworkdayjobs.com/nrel,WorkDay
221387,nuance,https://nuance.wd1.myworkdayjobs.com/nuance,WorkDay
221388,nustarenergy,https://nustarenergy.wd1.myworkdayjobs.com/nustarcareers,WorkDay
221389,olympiawa,https://olympiawa.wd1.myworkdayjobs.com/external,WorkDay
221390,onepoint,https://onepoint.wd3.myworkdayjobs.com/onepoint,WorkDay
221391,onxholdings,https://onxholdings.wd1.myworkdayjobs.com/renu_external,WorkDay
221392,operosehealth,https://operosehealth.wd3.myworkdayjobs.com/operose_health,WorkDay
221393,osv-a10networks,https://osv-a10networks.wd5.myworkdayjobs.com/a10careersite,WorkDay
221394,osv-accolade,https://osv-accolade.wd5.myworkdayjobs.com/external_careers,WorkDay
221395,osv-amerisure,https://osv-amerisure.wd5.myworkdayjobs.com/amerisure,WorkDay
221396,osv-bioventus,https://osv-bioventus.wd501.myworkdayjobs.com/external,WorkDay
221397,osv-cci,https://osv-cci.wd1.myworkdayjobs.com/ccicareers,WorkDay
221398,osv-chc,https://osv-chc.wd5.myworkdayjobs.com/careers-at-chc,WorkDay
221399,osv-edf,https://osv-edf.wd5.myworkdayjobs.com/edf_external_careers,WorkDay
221400,osv-firstunited,https://osv-firstunited.wd5.myworkdayjobs.com/fubcareersite,WorkDay
221401,osv-rtr,https://osv-rtr.wd5.myworkdayjobs.com/roomtoread,WorkDay
221402,osv-rubicon,https://osv-rubicon.wd5.myworkdayjobs.com/magnitecareers,WorkDay
221403,osv-tifec,https://osv-tifec.wd5.myworkdayjobs.com/excolo,WorkDay
221404,pbv,https://pbv.wd1.myworkdayjobs.com/external,WorkDay
221405,perkinelmer,https://perkinelmer.wd1.myworkdayjobs.com/external,WorkDay
221406,perkinscoie,https://perkinscoie.wd1.myworkdayjobs.com/perkinscoieexternal,WorkDay
221407,petco,https://petco.wd1.myworkdayjobs.com/external,WorkDay
221408,pinecove,https://pinecove.wd1.myworkdayjobs.com/pine_cove,WorkDay
221409,plainsmidstream,https://plainsmidstream.wd1.myworkdayjobs.com/pmc,WorkDay
221410,pondco,https://pondco.wd1.myworkdayjobs.com/pond,WorkDay
221411,portorange,https://portorange.wd5.myworkdayjobs.com/city-of-port-orange,WorkDay
221412,procasemanagement,https://procasemanagement.wd1.myworkdayjobs.com/pcm,WorkDay
221413,progressresidential,https://progressresidential.wd1.myworkdayjobs.com/deephaven,WorkDay
221414,pscu,https://pscu.wd5.myworkdayjobs.com/pscucareers,WorkDay
221415,qiagen,https://qiagen.wd3.myworkdayjobs.com/qiagen,WorkDay
221416,redfcu,https://redfcu.wd1.myworkdayjobs.com/rfcu,WorkDay
221417,redfin,https://redfin.wd1.myworkdayjobs.com/redfin_careers,WorkDay
221418,redwood,https://boards.greenhouse.io/redwoodsoftware,GreenHouse
221419,refinitiv,https://refinitiv.wd3.myworkdayjobs.com/careers,WorkDay
221420,regions,https://regions.wd5.myworkdayjobs.com/regions_careers,WorkDay
221421,regi,https://regi.wd1.myworkdayjobs.com/reg_external_career_site,WorkDay
221422,rentpath,https://rentpath.wd5.myworkdayjobs.com/rent_group_careers,WorkDay
221423,rignet,https://rignet.wd5.myworkdayjobs.com/rignet_careers,WorkDay
221424,rjet,https://rjet.wd5.myworkdayjobs.com/external_career_site,WorkDay
221425,rosettastone,https://rosettastone.wd5.myworkdayjobs.com/rosetta_stone,WorkDay
221426,saabgroup,https://saabgroup.wd3.myworkdayjobs.com/broadbean_saab,WorkDay
221427,saintfrancis,https://saintfrancis.wd1.myworkdayjobs.com/external,WorkDay
221428,saintleo,https://saintleo.wd5.myworkdayjobs.com/slu,WorkDay
221429,saladandgo,https://saladandgo.wd5.myworkdayjobs.com/salad-and-go-external-careers,WorkDay
221430,sallie-mae,https://sallie-mae.wd5.myworkdayjobs.com/careers,WorkDay
221431,sbgpeople,https://sbgpeople.wd3.myworkdayjobs.com/jobs,WorkDay
221432,schreiberfoods,https://schreiberfoods.wd5.myworkdayjobs.com/schreiber_careers,WorkDay
221433,scientificgames,https://scientificgames.wd5.myworkdayjobs.com/lightwonderexternalcareers,WorkDay
221434,scripps,https://scripps.wd5.myworkdayjobs.com/ongoing_opportunities,WorkDay
221435,servicemaster,https://servicemaster.wd1.myworkdayjobs.com/terminix,WorkDay
221436,shelterinsurance,https://shelterinsurance.wd5.myworkdayjobs.com/careers,WorkDay
221437,shv,https://shv.wd3.myworkdayjobs.com/careers,WorkDay
221438,skygenusa,https://skygenusa.wd5.myworkdayjobs.com/holista_careers,WorkDay
221439,snhu,https://snhu.wd5.myworkdayjobs.com/external_career_site,WorkDay
221440,sni,https://sni.wd5.myworkdayjobs.com/scrippsnetworksinteractivecareers,WorkDay
221441,softwareag,https://softwareag.wd3.myworkdayjobs.com/rec_sag_ext,WorkDay
221442,sparus,https://sparus.wd503.myworkdayjobs.com/sparus_careers,WorkDay
221443,spw,https://spw.wd3.myworkdayjobs.com/spw_careers,WorkDay
221444,sp,https://sp.wd1.myworkdayjobs.com/samaritanspursecareers,WorkDay
221445,stelizabeth,https://stelizabeth.wd5.myworkdayjobs.com/stelizabethexternalcareersite,WorkDay
221446,stellahealth,https://stellahealth.wd5.myworkdayjobs.com/bluecrossmn,WorkDay
221447,sterling,https://sterling.wd5.myworkdayjobs.com/sterling,WorkDay
221448,stmodwen,https://stmodwen.wd3.myworkdayjobs.com/stmodwenexternal,WorkDay
221449,svsu,https://svsu.wd5.myworkdayjobs.com/external,WorkDay
221450,tableau,https://tableau.wd1.myworkdayjobs.com/external,WorkDay
221451,tal,https://tal.wd3.myworkdayjobs.com/tal-current-opportunities,WorkDay
221452,teamcarcare,https://teamcarcare.wd1.myworkdayjobs.com/external,WorkDay
221453,teaminc,https://teaminc.rec.pro.ukg.net/TEA1500TEMI/JobBoard/a9bd01f6-f049-4ffa-851b-ec1d06dc206a,ultipro
221454,techdata,https://techdata.wd1.myworkdayjobs.com/external,WorkDay
221455,tedsmontanagrill,https://tedsmontanagrill.wd5.myworkdayjobs.com/tmg_external_career_site,WorkDay
221456,telenorgroup,https://telenorgroup.wd3.myworkdayjobs.com/cee,WorkDay
221457,thegymgroup,https://thegymgroup.wd3.myworkdayjobs.com/tgg_external_career_site,WorkDay
221458,tihinsurance,https://tihinsurance.wd1.myworkdayjobs.com/amrisc_careers,WorkDay
221459,tilsontech,https://tilsontech.wd1.myworkdayjobs.com/tilson_external_careers,WorkDay
221460,tmhcc,https://tmhcc.wd1.myworkdayjobs.com/external,WorkDay
221461,tomtom,https://tomtom.wd3.myworkdayjobs.com/tt_external_careers,WorkDay
221462,tricorbraun,https://tricorbraun.wd1.myworkdayjobs.com/careers,WorkDay
221463,trivago,https://trivago.wd3.myworkdayjobs.com/broadbean_external,WorkDay
221464,tuftshealthplan,https://tuftshealthplan.wd5.myworkdayjobs.com/thp,WorkDay
221465,udghealthcare,https://udghealthcare.wd3.myworkdayjobs.com/micromass,WorkDay
221466,ufpi,https://ufpi.wd1.myworkdayjobs.com/ufpi,WorkDay
221467,ulsselu,https://ulsselu.wd1.myworkdayjobs.com/slu,WorkDay
221468,unitedtalent,https://unitedtalent.wd5.myworkdayjobs.com/uta,WorkDay
221469,uponor,https://uponor.wd3.myworkdayjobs.com/uponor_careers,WorkDay
221470,upshersmith,https://upshersmith.wd1.myworkdayjobs.com/borapharmacareers,WorkDay
221471,usecology,https://usecology.wd5.myworkdayjobs.com/nrc,WorkDay
221472,valleyhealthlink,https://valleyhealthlink.wd5.myworkdayjobs.com/valleyhealthcareers,WorkDay
221473,varian,https://varian.wd5.myworkdayjobs.com/varianexternal,WorkDay
221474,veren,https://veren.wd3.myworkdayjobs.com/vrn_careers,WorkDay
221475,veritas,https://veritas.wd1.myworkdayjobs.com/arctera,WorkDay
221476,vetsource,https://vetsource.wd1.myworkdayjobs.com/vetsource_careers,WorkDay
221477,vhr-atlantahousing,https://vhr-atlantahousing.wd1.myworkdayjobs.com/external,WorkDay
221478,vhr-epri,https://vhr-epri.wd1.myworkdayjobs.com/epricareers,WorkDay
221479,vhr-genband,https://vhr-genband.wd1.myworkdayjobs.com/ribboncareers,WorkDay
221480,vhr-orbis,https://vhr-orbis.wd3.myworkdayjobs.com/orbis_careers,WorkDay
221481,vhr-osvhr,https://vhr-osvhr.wd1.myworkdayjobs.com/osv_external_career_site,WorkDay
221482,vhr-otsuka,https://vhr-otsuka.wd1.myworkdayjobs.com/bonafide,WorkDay
221483,vhr-pbs,https://vhr-pbs.wd5.myworkdayjobs.com/pbscareers,WorkDay
221484,vhr-ringcontainer,https://vhr-ringcontainer.wd1.myworkdayjobs.com/ring_careers,WorkDay
221485,vhr-unither,https://vhr-unither.wd5.myworkdayjobs.com/external,WorkDay
221486,vidaa,https://vidaa.wd12.myworkdayjobs.com/vidaa,WorkDay
221487,vistaoutdoor,https://vistaoutdoor.wd1.myworkdayjobs.com/external,WorkDay
221488,vivint,https://vivint.wd5.myworkdayjobs.com/vivintjobs,WorkDay
221489,vmware,https://vmware.wd1.myworkdayjobs.com/vmware,WorkDay
221490,wabtec,https://wabtec.wd1.myworkdayjobs.com/wabtec_careers,WorkDay
221491,wd102,https://wd102.wd1.myworkdayjobs.com/biteracareers,WorkDay
221492,wd103,https://wd103.wd1.myworkdayjobs.com/1894-1898-2002,WorkDay
221493,wd105,https://wd105.wd1.myworkdayjobs.com/angle_auto_career_opportunities,WorkDay
221494,wd107,https://wd107.wd1.myworkdayjobs.com/tp-icap,WorkDay
221495,wd108,https://wd108.wd1.myworkdayjobs.com/american_global_careers,WorkDay
221496,wd10,https://wd10.wd1.myworkdayjobs.com/agecare_careers_external,WorkDay
221497,wd12,https://wd12.wd1.myworkdayjobs.com/ah_external_career_site,WorkDay
221498,wd1,https://wd1.wd1.myworkdayjobs.com/160over90us,WorkDay
221499,wd3,https://wd3.wd1.myworkdayjobs.com/001,WorkDay
221500,wd501,https://wd501.wd1.myworkdayjobs.com/adjunct_faculty_site,WorkDay
221501,wd502,https://wd502.wd1.myworkdayjobs.com/jobs_at_puma,WorkDay
221502,wd503,https://jobs.ashbyhq.com/altura,AshbyHQ
221503,wd5,https://wd5.wd1.myworkdayjobs.com/1000,WorkDay
221504,whiting,https://whiting.wd1.myworkdayjobs.com/external,WorkDay
221505,wholefoods,https://wholefoods.wd5.myworkdayjobs.com/wfmprivateposting,WorkDay
221506,wm,https://wm.wd5.myworkdayjobs.com/campus,WorkDay
221507,wsaco,https://wsaco.wd3.myworkdayjobs.com/workatwsa,WorkDay
221508,wth,https://wth.wd1.myworkdayjobs.com/wth,WorkDay
221509,wto,https://wto.wd3.myworkdayjobs.com/external,WorkDay
221510,yh,https://yh.wd5.myworkdayjobs.com/youngsmarketjobs,WorkDay
221511,ynap,https://ynap.wd3.myworkdayjobs.com/ynap_careers,WorkDay
221512,younglife,https://younglife.wd5.myworkdayjobs.com/younglife_campingopenings,WorkDay
221513,zappos,https://zappos.wd1.myworkdayjobs.com/concepts,WorkDay
221514,zutari,https://zutari.wd3.myworkdayjobs.com/zutari,WorkDay
221515,Digitide Solutions Limited,https://iaceiz.fa.ocs.oraclecloud.com/hcmUI/CandidateExperience/en/sites/CX,OracleCloud
221516,Zensar,https://fa-etvl-saasfaprod1.fa.ocs.oraclecloud.com/hcmUI/CandidateExperience/en/sites/CX,OracleCloud
221517,Adani Group,https://eibd.fa.em2.oraclecloud.com/hcmUI/CandidateExperience/en/sites/CX,OracleCloud
221518,Conduent,https://egua.fa.us2.oraclecloud.com/hcmUI/CandidateExperience/en/sites/CX,OracleCloud
221519,IBS Software,https://fa-etbm-saasfaprod1.fa.ocs.oraclecloud.com/hcmUI/CandidateExperience/en/sites/CX,OracleCloud
221520,Perficient,https://fa-etqd-saasfaprod1.fa.ocs.oraclecloud.com/hcmUI/CandidateExperience/en/sites/CX,OracleCloud
221521,Essar Capital,https://ekjy.fa.em2.oraclecloud.com/hcmUI/CandidateExperience/en/sites/CX,OracleCloud
221522,McDermott,https://edsv.fa.us2.oraclecloud.com/hcmUI/CandidateExperience/en/sites/CX,OracleCloud
221523,Bristlecone,https://iaagiz.fa.ocs.oraclecloud.com/hcmUI/CandidateExperience/en/sites/CX,OracleCloud
221524,NOV,https://egay.fa.us6.oraclecloud.com/hcmUI/CandidateExperience/en/sites/CX,OracleCloud
221525,ACI Worldwide,https://ebwg.fa.us2.oraclecloud.com/hcmUI/CandidateExperience/en/sites/CX,OracleCloud
221526,Weatherford,https://fa-exmi-saasfaprod1.fa.ocs.oraclecloud.com/hcmUI/CandidateExperience/en/sites/CX,OracleCloud
221527,Chubb,https://fa-ewgu-saasfaprod1.fa.ocs.oraclecloud.com/hcmUI/CandidateExperience/en/sites/CX,OracleCloud
221528,Kroll,https://hcxs.fa.us2.oraclecloud.com/hcmUI/CandidateExperience/en/sites/CX,OracleCloud
221529,Fortis Healthcare,https://fa-ermg-saasfaprod1.fa.ocs.oraclecloud.com/hcmUI/CandidateExperience/en/sites/CX,OracleCloud
221530,Jefferies,https://hdid.fa.us2.oraclecloud.com/hcmUI/CandidateExperience/en/sites/CX,OracleCloud
221531,MUFG Intime India,https://hcmn.fa.ap1.oraclecloud.com/hcmUI/CandidateExperience/en/sites/CX,OracleCloud
221532,Fortinet,https://edel.fa.us2.oraclecloud.com/hcmUI/CandidateExperience/en/sites/CX,OracleCloud
221533,Williams-Sonoma,https://ehac.fa.us6.oraclecloud.com/hcmUI/CandidateExperience/en/sites/CX,OracleCloud
221534,Stantec,https://hdhl.fa.us6.oraclecloud.com/hcmUI/CandidateExperience/en/sites/CX,OracleCloud
221535,Datavail,https://eifn.fa.us6.oraclecloud.com/hcmUI/CandidateExperience/en/sites/CX,OracleCloud
221536,Barracuda,https://jobs.jobvite.com/barracuda-networks-inc,jobvite
221537,Ford Motor Company,https://efds.fa.em5.oraclecloud.com/hcmUI/CandidateExperience/en/sites/CX,OracleCloud
221538,Ness Digital Engineering,https://jobs.jobvite.com/ness,jobvite
221539,Mashreq,https://hcld.fa.em2.oraclecloud.com/hcmUI/CandidateExperience/en/sites/CX,OracleCloud
221540,Argano,https://fa-eyau-saasfaprod1.fa.ocs.oraclecloud.com/hcmUI/CandidateExperience/en/sites/CX,OracleCloud
221541,Lingaro Group,https://jobs.lever.co/lingarogroup,LeverCO
221542,Verint,https://fa-epcb-saasfaprod1.fa.ocs.oraclecloud.com/hcmUI/CandidateExperience/en/sites/CX,OracleCloud
221543,Vikram Solar,https://iabqiz.fa.ocs.oraclecloud.com/hcmUI/CandidateExperience/en/sites/CX,OracleCloud
221544,Coherent,https://hcwp.fa.us2.oraclecloud.com/hcmUI/CandidateExperience/en/sites/CX,OracleCloud
221545,Havells India,https://iabgcp.fa.ocs.oraclecloud.com/hcmUI/CandidateExperience/en/sites/CX,OracleCloud
221546,SBI Card,https://edox.fa.ap1.oraclecloud.com/hcmUI/CandidateExperience/en/sites/CX,OracleCloud
221547,Verisk,https://fa-ewmy-saasfaprod1.fa.ocs.oraclecloud.com/hcmUI/CandidateExperience/en/sites/CX,OracleCloud
221548,Citco,https://fa-euxc-saasfaprod1.fa.ocs.oraclecloud.com/hcmUI/CandidateExperience/en/sites/CX,OracleCloud
221549,Technip Energies,https://hcxg.fa.em2.oraclecloud.com/hcmUI/CandidateExperience/en/sites/CX,OracleCloud
221550,Majesco,https://fa-emad-saasfaprod1.fa.ocs.oraclecloud.com/hcmUI/CandidateExperience/en/sites/CX,OracleCloud
221551,CSC,https://hczw.fa.us2.oraclecloud.com/hcmUI/CandidateExperience/en/sites/CX,OracleCloud
221552,Tata Tele Business Services,https://fa-evmm-saasfaprod1.fa.ocs.oraclecloud.com/hcmUI/CandidateExperience/en/sites/CX,OracleCloud
221553,ICU Medical,https://eduu.fa.us2.oraclecloud.com/hcmUI/CandidateExperience/en/sites/CX,OracleCloud
221554,Meltwater,https://jobs.jobvite.com/meltwater,jobvite
221555,Progress,https://jobs.jobvite.com/progress,jobvite
221556,Quantanite,https://quantanite.bamboohr.com/careers,bamboohr
221557,Planit,https://edtq.fa.ap1.oraclecloud.com/hcmUI/CandidateExperience/en/sites/CX,OracleCloud
221558,Microchip Technology,https://microchiphr.wd5.myworkdayjobs.com/external,WorkDay
221559,SAEL,https://iabyiz.fa.ocs.oraclecloud.com/hcmUI/CandidateExperience/en/sites/CX,OracleCloud
221560,Diebold Nixdorf,https://eeug.fa.us6.oraclecloud.com/hcmUI/CandidateExperience/en/sites/CX,OracleCloud
221561,Celanese,https://asiacareers-celanese.icims.com/jobs,icims
221562,Onity Group,https://ebhz.fa.us2.oraclecloud.com/hcmUI/CandidateExperience/en/sites/CX,OracleCloud
221563,Apollo Hospitals,https://cgs.fa.ap2.oraclecloud.com/hcmUI/CandidateExperience/en/sites/CX,OracleCloud
221564,Kent,https://fa-emqh-saasfaprod1.fa.ocs.oraclecloud.com/hcmUI/CandidateExperience/en/sites/CX,OracleCloud
221565,Alithya,https://effx.fa.ca2.oraclecloud.com/hcmUI/CandidateExperience/en/sites/CX,OracleCloud
221566,Inspira Enterprise,https://eijs.fa.em2.oraclecloud.com/hcmUI/CandidateExperience/en/sites/CX,OracleCloud
221567,eInfochips,https://arrow.wd1.myworkdayjobs.com/ec,WorkDay
221568,Tradeweb Markets,https://ecnf.fa.us2.oraclecloud.com/hcmUI/CandidateExperience/en/sites/CX,OracleCloud
221569,Ziff Davis,https://jobs.jobvite.com/ziffdavis,jobvite
221570,Zones,https://jobs.jobvite.com/zones,jobvite
221571,Infoblox,https://efpv.fa.us6.oraclecloud.com/hcmUI/CandidateExperience/en/sites/CX,OracleCloud
221572,Metalsa,https://hcun.fa.us2.oraclecloud.com/hcmUI/CandidateExperience/en/sites/CX,OracleCloud
221573,Saama,https://jobs.jobvite.com/saama,jobvite
221574,Operative,https://operative.bamboohr.com/careers,bamboohr
221575,Nippon India Mutual Fund,https://fa-eqgo-saasfaprod1.fa.ocs.oraclecloud.com/hcmUI/CandidateExperience/en/sites/CX,OracleCloud
221576,Croma,https://fa-eryk-saasfaprod1.fa.ocs.oraclecloud.com/hcmUI/CandidateExperience/en/sites/CX,OracleCloud
221577,WTW,https://eedu.fa.em3.oraclecloud.com/hcmUI/CandidateExperience/en/sites/CX,OracleCloud
221578,Ipsos,https://ecqf.fa.em2.oraclecloud.com/hcmUI/CandidateExperience/en/sites/CX,OracleCloud
221579,Emirates NBD,https://fa-evlo-saasfaprod1.fa.ocs.oraclecloud.com/hcmUI/CandidateExperience/en/sites/CX,OracleCloud
221580,Magna International,https://magna.wd3.myworkdayjobs.com/magna,WorkDay
221581,WebMD,https://jobs.jobvite.com/webmd,jobvite
221582,State Street,https://statestreet.wd1.myworkdayjobs.com/equest,WorkDay
221583,Brembo,https://fa-eonj-saasfaprod1.fa.ocs.oraclecloud.com/hcmUI/CandidateExperience/en/sites/CX,OracleCloud
221584,Waystone,https://waystone.bamboohr.com/careers,bamboohr
221585,Aperam,https://hdhy.fa.em3.oraclecloud.com/hcmUI/CandidateExperience/en/sites/CX,OracleCloud
221586,Riskonnect,https://workforcenow.adp.com/mascsr/default/mdf/recruitment/recruitment.html?cid=8781b54c-a13e-4584-93c7-fc74cce40486&selectedMenuKey=CurrentOpenings,adp_workforcenow
221587,NinjaOne,https://jobs.jobvite.com/ninjaone,jobvite
221588,Liferay,https://jobs.jobvite.com/liferay,jobvite
221589,CCI Systems,https://workforcenow.adp.com/mascsr/default/mdf/recruitment/recruitment.html?cid=5386931e-8aec-4979-9b93-4b7f26ef0a13&selectedMenuKey=CurrentOpenings,adp_workforcenow
221590,Shell Recharge Solutions,https://workforcenow.adp.com/mascsr/default/mdf/recruitment/recruitment.html?cid=a5602c94-c189-42e4-a777-0c089c2c329e&selectedMenuKey=CurrentOpenings,adp_workforcenow
221591,eClerx,https://fa-ewji-saasfaprod1.fa.ocs.oraclecloud.com/hcmUI/CandidateExperience/en/sites/CX,OracleCloud
221592,Air India Express,https://fa-eron-saasfaprod1.fa.ocs.oraclecloud.com/hcmUI/CandidateExperience/en/sites/CX,OracleCloud
221593,Hudson Automotive Group,https://www.paycomonline.net/v4/ats/web.php/portal/0D90FB4D87BB9B02D42F814BFFCE490F/career-page,paycomonline
221594,Amplifon,https://efuf.fa.em2.oraclecloud.com/hcmUI/CandidateExperience/en/sites/CX,OracleCloud
221595,Mapei,https://fa-elhu-saasfaprod1.fa.ocs.oraclecloud.com/hcmUI/CandidateExperience/en/sites/CX,OracleCloud
221596,TIAA,https://tiaa.wd1.myworkdayjobs.com/search,WorkDay
221597,PLS Financial Services,https://boards.greenhouse.io/plscareers,GreenHouse
221598,Nabors Industries,https://fa-eyem-saasfaprod1.fa.ocs.oraclecloud.com/hcmUI/CandidateExperience/en/sites/CX,OracleCloud
221599,Bio-Rad Laboratories,https://careers-en-biorad.icims.com/jobs,icims
221600,Computershare,https://fa-evdq-saasfaprod1.fa.ocs.oraclecloud.com/hcmUI/CandidateExperience/en/sites/CX,OracleCloud
221601,Vialto Partners,https://vialto.wd107.myworkdayjobs.com/vialtoexternalcareers,WorkDay
221602,Godfrey Phillips India,https://gpi-iacriz.fa.ocs.oraclecloud.com/hcmUI/CandidateExperience/en/sites/CX,OracleCloud
221603,Hansen Technologies,https://eoja.fa.ap1.oraclecloud.com/hcmUI/CandidateExperience/en/sites/CX,OracleCloud
221604,11:11 Systems,https://workforcenow.adp.com/mascsr/default/mdf/recruitment/recruitment.html?cid=08f195f0-beb6-4255-a019-dbc8691ab8e8&selectedMenuKey=CurrentOpenings,adp_workforcenow
221605,Nayara Energy,https://fa-escq-test-saasfaprod1.fa.ocs.oraclecloud.com/hcmUI/CandidateExperience/en/sites/CX,OracleCloud
221606,Indian Institute of Management Bangalore,https://fa-erno-saasfaprod1.fa.ocs.oraclecloud.com/hcmUI/CandidateExperience/en/sites/CX,OracleCloud
221607,Franciscan Missionaries of Our Lady Health System,https://eqtm.fa.us2.oraclecloud.com/hcmUI/CandidateExperience/en/sites/CX,OracleCloud
221608,Hoya,https://fa-esta-saasfaprod1.fa.ocs.oraclecloud.com/hcmUI/CandidateExperience/en/sites/CX,OracleCloud
221609,Screwfix,https://careers-screwfix.icims.com/jobs,icims
221610,Al Ghurair Investment,https://iaaxey.fa.ocs.oraclecloud.com/hcmUI/CandidateExperience/en/sites/CX,OracleCloud
221611,Americold,https://fa-ewwt-saasfaprod1.fa.ocs.oraclecloud.com/hcmUI/CandidateExperience/en/sites/CX,OracleCloud
221612,Galadari Brothers,https://efcs.fa.em3.oraclecloud.com/hcmUI/CandidateExperience/en/sites/CX,OracleCloud
221613,EQT,https://boards.greenhouse.io/eqtpartners,GreenHouse
221614,Acuris,https://jobs.jobvite.com/themergermarketgroup,jobvite
221615,GrapeCity India,https://grapecityindia.bamboohr.com/careers,bamboohr
221616,Baptist Memorial Health Care,https://fa-ewpe-saasfaprod1.fa.ocs.oraclecloud.com/hcmUI/CandidateExperience/en/sites/CX,OracleCloud
221617,Mallard MSO,https://eppr.fa.us2.oraclecloud.com/hcmUI/CandidateExperience/en/sites/CX,OracleCloud
221618,Mayo Clinic,https://fa-euwp-saasfaprod1.fa.ocs.oraclecloud.com/hcmUI/CandidateExperience/en/sites/CX,OracleCloud
221619,The ODP Corporation,https://egvv.fa.us6.oraclecloud.com/hcmUI/CandidateExperience/en/sites/CX,OracleCloud
221620,Sana Kliniken,https://fa-eycl-saasfaeuraprod1.fa.ocs.oraclecloud.com/hcmUI/CandidateExperience/en/sites/CX,OracleCloud
221621,Indiana University Health,https://ekcm.fa.us6.oraclecloud.com/hcmUI/CandidateExperience/en/sites/CX,OracleCloud
221622,WellSpan Health,https://fa-evzu-saasfaprod1.fa.ocs.oraclecloud.com/hcmUI/CandidateExperience/en/sites/CX,OracleCloud
221623,VITAS Healthcare,https://ejrz.fa.us2.oraclecloud.com/hcmUI/CandidateExperience/en/sites/CX,OracleCloud
221624,Next,https://ekeq.fa.em2.oraclecloud.com/hcmUI/CandidateExperience/en/sites/CX,OracleCloud
221625,Marks and Spencer,https://fa-eqid-saasfaprod1.fa.ocs.oraclecloud.com/hcmUI/CandidateExperience/en/sites/CX,OracleCloud
221626,Staples Canada,https://fa-exhh-saasfaprod1.fa.ocs.oraclecloud.com/hcmUI/CandidateExperience/en/sites/CX,OracleCloud
221627,Atlantic Health System,https://erqh.fa.us2.oraclecloud.com/hcmUI/CandidateExperience/en/sites/CX,OracleCloud
221628,Raley's,https://fa-epss-saasfaprod1.fa.ocs.oraclecloud.com/hcmUI/CandidateExperience/en/sites/CX,OracleCloud
221629,Cedars-Sinai,https://hdkk.fa.us6.oraclecloud.com/hcmUI/CandidateExperience/en/sites/CX,OracleCloud
221630,Mobilelink,https://www.paycomonline.net/v4/ats/web.php/portal/D1DC522A4523C9D4ADC4D4FE2E9437A5/career-page,paycomonline
221631,Howmet Aerospace,https://fa-exty-saasfaprod1.fa.ocs.oraclecloud.com/hcmUI/CandidateExperience/en/sites/CX,OracleCloud
221632,HealthPartners,https://fa-etnv-saasfaprod1.fa.ocs.oraclecloud.com/hcmUI/CandidateExperience/en/sites/CX,OracleCloud
221633,Chartwell Retirement Residences,https://hcrw.fa.us2.oraclecloud.com/hcmUI/CandidateExperience/en/sites/CX,OracleCloud
221634,At Home,https://hdiy.fa.us2.oraclecloud.com/hcmUI/CandidateExperience/en/sites/CX,OracleCloud
221635,Accenture Federal Services,https://boards.greenhouse.io/accenturefederalservices,GreenHouse
221636,Banco Promerica,https://fa-enlz-saasfaprod1.fa.ocs.oraclecloud.com/hcmUI/CandidateExperience/en/sites/CX,OracleCloud
221637,RPM International,https://hcwx.fa.us2.oraclecloud.com/hcmUI/CandidateExperience/en/sites/CX,OracleCloud
221638,McLeod Health,https://erym.fa.us6.oraclecloud.com/hcmUI/CandidateExperience/en/sites/CX,OracleCloud
221639,Landmark Group,https://efhi.fa.em3.oraclecloud.com/hcmUI/CandidateExperience/en/sites/CX,OracleCloud
221640,INTEGRIS Health,https://ertr.fa.us2.oraclecloud.com/hcmUI/CandidateExperience/en/sites/CX,OracleCloud
221641,Grupo Mateus,https://fa-exvn-saasfaprod1.fa.ocs.oraclecloud.com/hcmUI/CandidateExperience/en/sites/CX,OracleCloud
221642,TriHealth,https://fa-evly-saasfaprod1.fa.ocs.oraclecloud.com/hcmUI/CandidateExperience/en/sites/CX,OracleCloud
221643,Plaza Vea,https://egjl.fa.us6.oraclecloud.com/hcmUI/CandidateExperience/en/sites/CX,OracleCloud
221644,General Dynamics Mission Systems,https://careers-gdms.icims.com/jobs,icims
221645,PETRONAS,https://epuc.fa.ap1.oraclecloud.com/hcmUI/CandidateExperience/en/sites/CX,OracleCloud
221646,Citizens Financial Group,https://hcgn.fa.us2.oraclecloud.com/hcmUI/CandidateExperience/en/sites/CX,OracleCloud
221647,UC Health,https://eswt.fa.us6.oraclecloud.com/hcmUI/CandidateExperience/en/sites/CX,OracleCloud
221648,Crash Champions,https://field-crashchampions.icims.com/jobs,icims
221649,CareOne,https://fa-eqgc-saasfaprod1.fa.ocs.oraclecloud.com/hcmUI/CandidateExperience/en/sites/CX,OracleCloud
221650,CBIZ,https://ebez.fa.us2.oraclecloud.com/hcmUI/CandidateExperience/en/sites/CX,OracleCloud
221651,Dewberry,https://careers-dewberry.icims.com/jobs,icims
221652,Apparel Group,https://ediu.fa.em2.oraclecloud.com/hcmUI/CandidateExperience/en/sites/CX,OracleCloud
221653,Texas Children's Hospital,https://eohh.fa.us2.oraclecloud.com/hcmUI/CandidateExperience/en/sites/CX,OracleCloud
221654,Sainsbury's,https://hdhe.fa.em3.oraclecloud.com/hcmUI/CandidateExperience/en/sites/CX,OracleCloud
221655,FirstCash,https://jobs.jobvite.com/firstcash-holdings-inc,jobvite
221656,Hutchinson,https://fa-eocc-saasfaprod1.fa.ocs.oraclecloud.com/hcmUI/CandidateExperience/en/sites/CX,OracleCloud
221657,FullSpeed Automotive,https://www.paycomonline.net/v4/ats/web.php/portal/F41964AF31A7DAAF79831E572319D191/career-page,paycomonline
221658,FirstEnergy,https://fa-etjd-saasfaprod1.fa.ocs.oraclecloud.com/hcmUI/CandidateExperience/en/sites/CX,OracleCloud
221659,OCBC Indonesia,https://empq.fa.ap2.oraclecloud.com/hcmUI/CandidateExperience/en/sites/CX,OracleCloud
221660,CentraCare,https://elyb.fa.us2.oraclecloud.com/hcmUI/CandidateExperience/en/sites/CX,OracleCloud
221661,AvePoint,https://boards.greenhouse.io/avepoint,GreenHouse
221662,American Systems,https://careers-americansystems.icims.com/jobs,icims
221663,Molina Healthcare,https://hckd.fa.us2.oraclecloud.com/hcmUI/CandidateExperience/en/sites/CX,OracleCloud
221664,Old National Bank,https://careers-oldnational.icims.com/jobs,icims
221665,Ryder System,https://technicians-ryder.icims.com/jobs,icims
221666,American Senior Benefits,https://careers-americanseniorbenefits.icims.com/jobs,icims
221667,Sumitomo Electric,https://jobs.jobvite.com/sumitomo-electric,jobvite
221668,PrimeLending,https://ejlu.fa.us2.oraclecloud.com/hcmUI/CandidateExperience/en/sites/CX,OracleCloud
221669,Crawford & Company,https://fa-esau-saasfaprod1.fa.ocs.oraclecloud.com/hcmUI/CandidateExperience/en/sites/CX,OracleCloud
221670,East West Bank,https://careers-eastwestbank.icims.com/jobs,icims
221671,Hormel Foods,https://ekkh.fa.us2.oraclecloud.com/hcmUI/CandidateExperience/en/sites/CX,OracleCloud
221672,Snap-on,https://careers-snapon.icims.com/jobs,icims
221673,Greenway Automotive Group,https://www.paycomonline.net/v4/ats/web.php/portal/3A3C9177F959D59C7F8493756C7B30BD/career-page,paycomonline
221674,Dexa Group,https://fa-esfy-saasfaprod1.fa.ocs.oraclecloud.com/hcmUI/CandidateExperience/en/sites/CX,OracleCloud
221675,SYNLAB,https://fa-eugp-saasfaprod1.fa.ocs.oraclecloud.com/hcmUI/CandidateExperience/en/sites/CX,OracleCloud
221676,Digital Realty,https://hdep.fa.us2.oraclecloud.com/hcmUI/CandidateExperience/en/sites/CX,OracleCloud
221677,Patterson-UTI,https://fa-elpm-saasfaprod1.fa.ocs.oraclecloud.com/hcmUI/CandidateExperience/en/sites/CX,OracleCloud
221678,Linamar,https://fa-epmd-saasfaprod1.fa.ocs.oraclecloud.com/hcmUI/CandidateExperience/en/sites/CX,OracleCloud
221679,Lennox International,https://uscareers-lennox.icims.com/jobs,icims
221680,NMC Healthcare,https://eiby.fa.em2.oraclecloud.com/hcmUI/CandidateExperience/en/sites/CX,OracleCloud
221681,Hologic,https://ebwb.fa.us2.oraclecloud.com/hcmUI/CandidateExperience/en/sites/CX,OracleCloud
221682,American Advanced Management,https://www.paycomonline.net/v4/ats/web.php/portal/6E98B18765E97222DA6D2EA19DFDE450/career-page,paycomonline
221683,Quad,https://ebud.fa.us2.oraclecloud.com/hcmUI/CandidateExperience/en/sites/CX,OracleCloud
221684,Parts Authority,https://dol-partsauthority.icims.com/jobs,icims
221685,Nuvance Health,https://jobs.jobvite.com/nuvance,jobvite
221686,Berkshire Hathaway Energy,https://fa-essf-saasfaprod1.fa.ocs.oraclecloud.com/hcmUI/CandidateExperience/en/sites/CX,OracleCloud
221687,Paramount Residential Mortgage Group,https://careers-prmg.icims.com/jobs,icims
221688,Mr Price Group,https://fa-etyi-saasfaprod1.fa.ocs.oraclecloud.com/hcmUI/CandidateExperience/en/sites/CX,OracleCloud
221689,General Dynamics Electric Boat,https://careers-gdeb.icims.com/jobs,icims
221690,TFG (The Foschini Group),https://fa-expc-saasfaprod1.fa.ocs.oraclecloud.com/hcmUI/CandidateExperience/en/sites/CX,OracleCloud
221691,StandardAero,https://cva.fa.us1.oraclecloud.com/hcmUI/CandidateExperience/en/sites/CX,OracleCloud
221692,AmTrust Financial Services,https://careers-amtrustgroup.icims.com/jobs,icims
221693,Stifel,https://careers-stifel.icims.com/jobs,icims
221694,Sungrow,https://sungrow-emea.jobs.personio.com,personio
221695,Actalent,https://careers-actalentservices.icims.com/jobs,icims
221696,Ichor Holdings,https://fa-eovh-saasfaprod1.fa.ocs.oraclecloud.com/hcmUI/CandidateExperience/en/sites/CX,OracleCloud
221697,Pediatrix Medical Group,https://non-clinical-pediatrix.icims.com/jobs,icims
221698,Arconic,https://hdnn.fa.us6.oraclecloud.com/hcmUI/CandidateExperience/en/sites/CX,OracleCloud
221699,Euroclear,https://don.fa.em2.oraclecloud.com/hcmUI/CandidateExperience/en/sites/CX,OracleCloud
221700,B&Q,https://careers-bandq.icims.com/jobs,icims
221701,Westpac,https://ebuu.fa.ap1.oraclecloud.com/hcmUI/CandidateExperience/en/sites/CX,OracleCloud
221702,Rheem,https://hdde.fa.us2.oraclecloud.com/hcmUI/CandidateExperience/en/sites/CX,OracleCloud
221703,SEW-EURODRIVE,https://fa-erav-saasfaprod1.fa.ocs.oraclecloud.com/hcmUI/CandidateExperience/en/sites/CX,OracleCloud
221704,Rockland Trust,https://eehb.fa.us2.oraclecloud.com/hcmUI/CandidateExperience/en/sites/CX,OracleCloud
221705,StoneX Group,https://english-stonex.icims.com/jobs,icims
221706,Global Credit Union,https://careers-globalcu.icims.com/jobs,icims
221707,Mariner Finance,https://careers-marinerfinance.icims.com/jobs,icims
221708,By Light,https://jobs-bylight.icims.com/jobs,icims
221709,United Community,https://careers-ucbi.icims.com/jobs,icims
221710,Insider One,https://jobs.lever.co/insiderone,LeverCO
221711,Victory Automotive Group,https://www.paycomonline.net/v4/ats/web.php/portal/4305C8D65108B48F46C967F41B7843A1/career-page,paycomonline
221712,Carrington Mortgage Services,https://emvo.fa.us2.oraclecloud.com/hcmUI/CandidateExperience/en/sites/CX,OracleCloud
221713,HUK-COBURG,https://fa-eyjr-saasfaeuraprod1.fa.ocs.oraclecloud.com/hcmUI/CandidateExperience/en/sites/CX,OracleCloud
221714,Solistica,https://edym.fa.us2.oraclecloud.com/hcmUI/CandidateExperience/en/sites/CX,OracleCloud
221715,Steel Dynamics,https://careers-steeldynamics.icims.com/jobs,icims
221716,Nationwide Building Society,https://dnn.fa.em2.oraclecloud.com/hcmUI/CandidateExperience/en/sites/CX,OracleCloud
221717,BayCare Medical Group,https://physicians-baycaremedicalgroup.icims.com/jobs,icims
221718,Savers Value Village,https://jobs.jobvite.com/savers,jobvite
221719,]init[ AG für digitale Kommunikation,https://init-ag.jobs.personio.de,personio
221720,Dürr Group,https://fa-eurk-saasfaprod1.fa.ocs.oraclecloud.com/hcmUI/CandidateExperience/en/sites/CX,OracleCloud
221721,Tyler Technologies,https://jobs.jobvite.com/tylertech,jobvite
221722,Versalis,https://fa-evkm-saasfaprod1.fa.ocs.oraclecloud.com/hcmUI/CandidateExperience/en/sites/CX,OracleCloud
221723,Western & Southern Financial Group,https://careers-westernsouthern.icims.com/jobs,icims
221724,Good Samaritan,https://fa-exgl-saasfaprod1.fa.ocs.oraclecloud.com/hcmUI/CandidateExperience/en/sites/CX,OracleCloud
221725,Bank of Hawaii,https://fa-enlf-saasfaprod1.fa.ocs.oraclecloud.com/hcmUI/CandidateExperience/en/sites/CX,OracleCloud
221726,Money Mart,https://boards.greenhouse.io/moneymart,GreenHouse
221727,Canadian Natural Resources,https://ehaa.fa.ca2.oraclecloud.com/hcmUI/CandidateExperience/en/sites/CX,OracleCloud
221728,SubCom,https://www.paycomonline.net/v4/ats/web.php/portal/D643FF77D905DF5085183AF26960B58C/career-page,paycomonline
221729,vitronet,https://vitronet-recruiting.jobs.personio.de,personio
221730,DENSO,https://hcwt.fa.us2.oraclecloud.com/hcmUI/CandidateExperience/en/sites/CX,OracleCloud
221731,Navy Federal Credit Union,https://fa-etbx-saasfaprod1.fa.ocs.oraclecloud.com/hcmUI/CandidateExperience/en/sites/CX,OracleCloud
221732,SSOE Group,https://careers-ssoe.icims.com/jobs,icims
221733,Nexi,https://fa-ewwx-saasfaprod1.fa.ocs.oraclecloud.com/hcmUI/CandidateExperience/en/sites/CX,OracleCloud
221734,Digitain,https://digitainsoftware.bamboohr.com/careers,bamboohr
221735,YMCA of Greater Indianapolis,https://www.paycomonline.net/v4/ats/web.php/portal/8CF3CA05DF995584FC19140EB043E901/career-page,paycomonline
221736,Insight Service Group,https://www.paycomonline.net/v4/ats/web.php/portal/36A9005586DCB986046E99A2E591AC59/career-page,paycomonline
221737,Atruvia,https://fa-exxd-saasfaprod1.fa.ocs.oraclecloud.com/hcmUI/CandidateExperience/en/sites/CX,OracleCloud
221738,Cetera Financial Group,https://ebhu.fa.us2.oraclecloud.com/hcmUI/CandidateExperience/en/sites/CX,OracleCloud
221739,AnnieMac Home Mortgage,https://www.paycomonline.net/v4/ats/web.php/portal/85D15BF35507960210159630433BD311/career-page,paycomonline
221740,Telenet,https://ebza.fa.em2.oraclecloud.com/hcmUI/CandidateExperience/en/sites/CX,OracleCloud
221741,Arrise,https://jobs.jobvite.com/pragmaticplay,jobvite
221742,Eastern Bank,https://gka.fa.us1.oraclecloud.com/hcmUI/CandidateExperience/en/sites/CX,OracleCloud
221743,Abu Dhabi Islamic Bank,https://hciq.fa.em2.oraclecloud.com/hcmUI/CandidateExperience/en/sites/CX,OracleCloud
221744,Income Insurance,https://etvy.fa.ap2.oraclecloud.com/hcmUI/CandidateExperience/en/sites/CX,OracleCloud
221745,Citrin Cooperman,https://www.paycomonline.net/v4/ats/web.php/portal/2BAE53DB5E74E324EB03FD486E912AAF/career-page,paycomonline
221746,HUS,https://ejnv.fa.em2.oraclecloud.com/hcmUI/CandidateExperience/en/sites/CX,OracleCloud
221747,Interbank,https://epvw.fa.us6.oraclecloud.com/hcmUI/CandidateExperience/en/sites/CX,OracleCloud
221748,Sanitas,https://www.paycomonline.net/v4/ats/web.php/portal/24AFC6B4415214352A7153AE42B2CCE7/career-page,paycomonline
221749,OMNIVISION,https://jobs.jobvite.com/ovt,jobvite
221750,Savola Group,https://fa-ewxl-saasfaprod1.fa.ocs.oraclecloud.com/hcmUI/CandidateExperience/en/sites/CX,OracleCloud
221751,RealPage,https://careers-realpagepms.icims.com/jobs,icims
221752,Polaris Pharmacy Services,https://www.paycomonline.net/v4/ats/web.php/portal/0CD816A889373F7FF728A011AE867BA0/career-page,paycomonline
221753,Xcelerate Solutions,https://jobs.jobvite.com/xceleratesolutions,jobvite
221754,First West Credit Union,https://fa-eomj-saasfaprod1.fa.ocs.oraclecloud.com/hcmUI/CandidateExperience/en/sites/CX,OracleCloud
221755,HBL,https://hdcs.fa.ap1.oraclecloud.com/hcmUI/CandidateExperience/en/sites/CX,OracleCloud
221756,Cherokee Nation Businesses,https://ejvp.fa.us2.oraclecloud.com/hcmUI/CandidateExperience/en/sites/CX,OracleCloud
221757,Findex,https://egvc.fa.ap1.oraclecloud.com/hcmUI/CandidateExperience/en/sites/CX,OracleCloud
221758,ELCA,https://iaaras.fa.ocs.oraclecloud.com/hcmUI/CandidateExperience/en/sites/CX,OracleCloud
221759,Al-Othman Holding Company,https://eknh.fa.em2.oraclecloud.com/hcmUI/CandidateExperience/en/sites/CX,OracleCloud
221760,TPI Composites,https://fa-elwc-saasfaprod1.fa.ocs.oraclecloud.com/hcmUI/CandidateExperience/en/sites/CX,OracleCloud
221761,Consolidated Edison,https://ejcu.fa.us6.oraclecloud.com/hcmUI/CandidateExperience/en/sites/CX,OracleCloud
221762,American Tower,https://hdsn.fa.us6.oraclecloud.com/hcmUI/CandidateExperience/en/sites/CX,OracleCloud
221763,Kingfisher,https://careers-kingfisher2.icims.com/jobs,icims
221764,WuXi AppTec,https://careers-wuxiapptec.icims.com/jobs,icims
221765,Union Home Mortgage,https://www.paycomonline.net/v4/ats/web.php/portal/56CA827D488C9EDCE842370F906D69ED/career-page,paycomonline
221766,The Queen's Health Systems,https://jobs.jobvite.com/physician-careers-qhs,jobvite
221767,TERREPOWER,https://fa-euha-saasfaprod1.fa.ocs.oraclecloud.com/hcmUI/CandidateExperience/en/sites/CX,OracleCloud
221768,Leavitt Group,https://jobs.ashbyhq.com/leavitt,AshbyHQ
221769,Amar Bank,https://jobs.lever.co/amarbank,LeverCO
221770,Kulicke & Soffa,https://etyy.fa.ap2.oraclecloud.com/hcmUI/CandidateExperience/en/sites/CX,OracleCloud
221771,Man Group,https://boards.greenhouse.io/mangroup,GreenHouse
221772,H.W. Kaufman Group,https://careers-hwkaufman.icims.com/jobs,icims
221773,Internet Brands,https://jobs.jobvite.com/internetbrands,jobvite
221774,VodafoneZiggo,https://fa-eopd-saasfaprod1.fa.ocs.oraclecloud.com/hcmUI/CandidateExperience/en/sites/CX,OracleCloud
221775,Soitec,https://careers-soitec.icims.com/jobs,icims
221776,Wistron,https://www.paycomonline.net/v4/ats/web.php/portal/DADBB204E9B3CB62E7CCEAEB67B59565/career-page,paycomonline
221777,AustralianSuper,https://ejjl.fa.ap1.oraclecloud.com/hcmUI/CandidateExperience/en/sites/CX,OracleCloud
221778,Fletcher Jones Automotive Group,https://boards.greenhouse.io/fletcherjonesautomotivegroup,GreenHouse
221779,Questel,https://questel.bamboohr.com/careers,bamboohr
221780,LG Energy Solution,https://boards.greenhouse.io/lgenergyaz,GreenHouse
221781,DLL,https://iabcbn.fa.ocs.oraclecloud.com/hcmUI/CandidateExperience/en/sites/CX,OracleCloud
221782,United Wholesale Mortgage,https://careers-uwmcareers.icims.com/jobs,icims
221783,symplr,https://indiacareers-symplr.icims.com/jobs,icims
221784,Kaizen Automotive Group,https://careers-ca-kaizenauto.icims.com/jobs,icims
221785,UNIQLO,https://jobs.jobvite.com/uniqloca,jobvite
221786,SK hynix,https://boards.greenhouse.io/skhynixamerica,GreenHouse
221787,TIMETOACT GROUP,https://timetoact-group.jobs.personio.com,personio
221788,NSC Global,https://careers-nscglobal.icims.com/jobs,icims
221789,Motherson,https://hcnh.fa.us2.oraclecloud.com/hcmUI/CandidateExperience/en/sites/CX,OracleCloud
221790,Metanet,https://fa-eozb-saasfaprod1.fa.ocs.oraclecloud.com/hcmUI/CandidateExperience/en/sites/CX,OracleCloud
221791,Smollan,https://careers-relfm.icims.com/jobs,icims
221792,National Debt Relief,https://careers-nationaldebtrelief.icims.com/jobs,icims
221793,Coherent Solutions,https://boards.greenhouse.io/coherentsolutions,GreenHouse
221794,American Credit Acceptance,https://jobs.jobvite.com/american-credit-acceptance,jobvite
221795,Piston Group,https://careers-pistongroup.icims.com/jobs,icims
221796,Allspring Global Investments,https://careers-allspringglobal.icims.com/jobs,icims
221797,EFG International,https://fa-eqai-saasfaprod1.fa.ocs.oraclecloud.com/hcmUI/CandidateExperience/en/sites/CX,OracleCloud
221798,LoanCare,https://careers-loancareservicing.icims.com/jobs,icims
221799,Banco Guayaquil,https://fa-ewnb-saasfaprod1.fa.ocs.oraclecloud.com/hcmUI/CandidateExperience/en/sites/CX,OracleCloud
221800,Guardian Group,https://fa-eqnr-saasfaprod1.fa.ocs.oraclecloud.com/hcmUI/CandidateExperience/en/sites/CX,OracleCloud
221801,GuideWell,https://fa-etum-saasfaprod1.fa.ocs.oraclecloud.com/hcmUI/CandidateExperience/en/sites/CX,OracleCloud
221802,ASUS,https://jobs.jobvite.com/asus,jobvite
221803,ReturnPro,https://www.paycomonline.net/v4/ats/web.php/portal/AA674B442E9B6A1284BD7F78CB0C3E73/career-page,paycomonline
221804,Bruker,https://germancareers-bruker.icims.com/jobs,icims
221805,Wilken Software Group,https://wilken.jobs.personio.com,personio
221806,Dornier Group,https://dornier-group.jobs.personio.com,personio
221807,Herbalife,https://operationscareer-herbalife.icims.com/jobs,icims
221808,Bank of Thailand,https://fa-exfj-saasfaprod1.fa.ocs.oraclecloud.com/hcmUI/CandidateExperience/en/sites/CX,OracleCloud
221809,South African Reserve Bank,https://fa-evra-saasfaprod1.fa.ocs.oraclecloud.com/hcmUI/CandidateExperience/en/sites/CX,OracleCloud
221810,APCO Worldwide,https://fa-evxv-saasfaprod1.fa.ocs.oraclecloud.com/hcmUI/CandidateExperience/en/sites/CX,OracleCloud
221811,CMG Financial,https://jobs.jobvite.com/cmgfi,jobvite
221812,America First Credit Union,https://careers-americafirst.icims.com/jobs,icims
221813,Vital Materials,https://vitalchemicalsusa.bamboohr.com/careers,bamboohr
221814,iSoftStone,https://jobs.jobvite.com/isoftstone,jobvite
221815,Network International,https://fa-euqk-saasfaprod1.fa.ocs.oraclecloud.com/hcmUI/CandidateExperience/en/sites/CX,OracleCloud
221816,CARFAX,https://jobs.jobvite.com/carfax-internal,jobvite
221817,CBTW,https://careers-collaborationbetterstheworld.icims.com/jobs,icims
221818,OneAdvanced,https://careers-oneadvanced.icims.com/jobs,icims
221819,Trina Solar,https://trina-solar-1.jobs.personio.com,personio
221820,KCB Group,https://eoin.fa.em3.oraclecloud.com/hcmUI/CandidateExperience/en/sites/CX,OracleCloud
221821,Barnett Waddingham,https://fa-evup-saasfaprod1.fa.ocs.oraclecloud.com/hcmUI/CandidateExperience/en/sites/CX,OracleCloud
221822,Utmost Group,https://utmost.bamboohr.com/careers,bamboohr
221823,Baidu,https://boards.greenhouse.io/baidu,GreenHouse
221824,EPI-USE,https://epi-use.jobs.personio.de,personio
221825,Bank of England,https://eoff.fa.em1.ukg.oraclecloud.com/hcmUI/CandidateExperience/en/sites/CX,OracleCloud
221826,Modaxo,https://modaxo.wd3.myworkdayjobs.com/modaxo,WorkDay
221827,AutoNation,https://autonation.wd5.myworkdayjobs.com/careers,WorkDay
221828,Nahdi Medical Co,https://efan.fa.em3.oraclecloud.com/hcmUI/CandidateExperience/en/sites/CX,OracleCloud
221829,NANA Regional Corporation,https://nrc-nana.icims.com/jobs,icims
221830,BYD,https://boards.greenhouse.io/byd,GreenHouse
221831,Imagenet,https://imagenet.bamboohr.com/careers,bamboohr
221832,Forescout,https://jobs.jobvite.com/forescout,jobvite
221833,ExamWorks,https://www.paycomonline.net/v4/ats/web.php/portal/DD5799AE84EA79AABA91ECFF517A3D0A/career-page,paycomonline
221834,Beyondsoft,https://careers-beyondsoft.icims.com/jobs,icims
221835,Phoenix Group,https://fa-enor-saasfaprod1.fa.ocs.oraclecloud.com/hcmUI/CandidateExperience/en/sites/CX,OracleCloud
221836,MaxLinear,https://careersus-maxlinear.icims.com/jobs,icims
221837,Security Finance,https://jobs.jobvite.com/securityfinance,jobvite
221838,Softtek,https://workforcenow.adp.com/mascsr/default/mdf/recruitment/recruitment.html?cid=925fa185-6c8a-4638-99a9-b179f20a81f2&selectedMenuKey=CurrentOpenings,adp_workforcenow
221839,Turbonomic,https://workforcenow.adp.com/mascsr/default/mdf/recruitment/recruitment.html?cid=59569435-6ad3-44b9-963a-dcb0bd2eba44&selectedMenuKey=CurrentOpenings,adp_workforcenow
221840,Diodes Incorporated,https://workforcenow.adp.com/mascsr/default/mdf/recruitment/recruitment.html?cid=d72519df-1ce1-4f1d-b01b-50a082de06d5&selectedMenuKey=CurrentOpenings,adp_workforcenow
221841,Fuyao Glass Industry Group,https://workforcenow.adp.com/mascsr/default/mdf/recruitment/recruitment.html?cid=25319558-d6a9-48ab-93d2-99e4878a8ffc&selectedMenuKey=CurrentOpenings,adp_workforcenow
221842,Minth Group,https://workforcenow.adp.com/mascsr/default/mdf/recruitment/recruitment.html?cid=fad4e2be-b8f0-4485-a534-2f571cc6d0cd&selectedMenuKey=CurrentOpenings,adp_workforcenow
221843,SMP Automotive,https://workforcenow.adp.com/mascsr/default/mdf/recruitment/recruitment.html?cid=1dcd07b9-20cc-4d25-bccf-cbe9138a442b&selectedMenuKey=CurrentOpenings,adp_workforcenow
221844,Credem,https://hczf.fa.em2.oraclecloud.com/hcmUI/CandidateExperience/en/sites/CX,OracleCloud
221845,Giti Tire,https://workforcenow.adp.com/mascsr/default/mdf/recruitment/recruitment.html?cid=95f2fb7b-9cc6-4339-9e73-0d5b21014966&selectedMenuKey=CurrentOpenings,adp_workforcenow
221846,HL Mando,https://workforcenow.adp.com/mascsr/default/mdf/recruitment/recruitment.html?cid=3a3b6287-34e0-4496-a0d1-5645f474744b&selectedMenuKey=CurrentOpenings,adp_workforcenow
221847,iOPEX Technologies,https://iopex.bamboohr.com/careers,bamboohr
221848,Niterra North America,https://workforcenow.adp.com/mascsr/default/mdf/recruitment/recruitment.html?cid=23354965-305e-4328-8f00-d2192aa6b2d5&selectedMenuKey=CurrentOpenings,adp_workforcenow
221849,S&K Technologies,https://workforcenow.adp.com/mascsr/default/mdf/recruitment/recruitment.html?cid=35054926-66c8-40b9-ad6d-2b10240d7729&selectedMenuKey=CurrentOpenings,adp_workforcenow
221850,Willdan Group,https://workforcenow.adp.com/mascsr/default/mdf/recruitment/recruitment.html?cid=02161b08-cb15-42c3-bce4-f772c36f668c&selectedMenuKey=CurrentOpenings,adp_workforcenow
221851,Potamkin Automotive Group,https://workforcenow.adp.com/mascsr/default/mdf/recruitment/recruitment.html?cid=b9843803-ba49-4225-8c74-9ba51cc3ad73&selectedMenuKey=CurrentOpenings,adp_workforcenow
221852,CarParts.com,https://workforcenow.adp.com/mascsr/default/mdf/recruitment/recruitment.html?cid=ad933d4d-2649-4054-8cc2-d704d60ff765&selectedMenuKey=CurrentOpenings,adp_workforcenow
221853,ProTrans International,https://workforcenow.adp.com/mascsr/default/mdf/recruitment/recruitment.html?cid=0f4458f2-2b0d-426e-9f0d-ab5a3cdf4653&selectedMenuKey=CurrentOpenings,adp_workforcenow
221854,Salute,https://workforcenow.adp.com/mascsr/default/mdf/recruitment/recruitment.html?cid=d5856577-2c4f-400c-bcf3-4f80afedad61&selectedMenuKey=CurrentOpenings,adp_workforcenow
221855,Telstra Health,https://iaaktz.fa.ocs.oraclecloud.com/hcmUI/CandidateExperience/en/sites/CX,OracleCloud
221856,American Savings Bank,https://workforcenow.adp.com/mascsr/default/mdf/recruitment/recruitment.html?cid=00412a20-c4c9-4058-a872-befbe89e2d6f&selectedMenuKey=CurrentOpenings,adp_workforcenow
221857,Citizens Business Bank,https://workforcenow.adp.com/mascsr/default/mdf/recruitment/recruitment.html?cid=d02e29a8-b93c-4ecd-8ce0-5f59b91c0c41&selectedMenuKey=CurrentOpenings,adp_workforcenow
221858,Digital Room,https://workforcenow.adp.com/mascsr/default/mdf/recruitment/recruitment.html?cid=61e4df83-941d-4033-a3d3-25c41f88aeaf&selectedMenuKey=CurrentOpenings,adp_workforcenow
221859,Great Southern Bank,https://workforcenow.adp.com/mascsr/default/mdf/recruitment/recruitment.html?cid=31d4fd21-96df-45a7-be90-ad07e7b2197f&selectedMenuKey=CurrentOpenings,adp_workforcenow
221860,Johnson Memorial Health,https://workforcenow.adp.com/mascsr/default/mdf/recruitment/recruitment.html?cid=d07382ad-75f8-46fc-9b01-15158582ac94&selectedMenuKey=CurrentOpenings,adp_workforcenow
221861,Leonardo,https://workforcenow.adp.com/mascsr/default/mdf/recruitment/recruitment.html?cid=070b2b3d-d077-4d73-b340-6055055056a6&selectedMenuKey=CurrentOpenings,adp_workforcenow
221862,Liberty Federal Credit Union,https://workforcenow.adp.com/mascsr/default/mdf/recruitment/recruitment.html?cid=11609411-c701-42ea-9d7e-101b41241efa&selectedMenuKey=CurrentOpenings,adp_workforcenow
221863,First Bank,https://workforcenow.adp.com/mascsr/default/mdf/recruitment/recruitment.html?cid=599580e5-9519-48a5-9c10-965bfb756ed0&selectedMenuKey=CurrentOpenings,adp_workforcenow
221864,Peoples Bank,https://workforcenow.adp.com/mascsr/default/mdf/recruitment/recruitment.html?cid=16c73aad-d909-4f4d-8ed3-2548ec1139b9&selectedMenuKey=CurrentOpenings,adp_workforcenow
221865,Pinnacle Financial Partners,https://workforcenow.adp.com/mascsr/default/mdf/recruitment/recruitment.html?cid=f1326607-359c-4685-9e9c-b2c9a777c40c&selectedMenuKey=CurrentOpenings,adp_workforcenow
221866,Prosperity Bank,https://workforcenow.adp.com/mascsr/default/mdf/recruitment/recruitment.html?cid=1da67361-03ef-4aa2-8925-9ef512ba7c42&selectedMenuKey=CurrentOpenings,adp_workforcenow
221867,Mobile Communications America,https://workforcenow.adp.com/mascsr/default/mdf/recruitment/recruitment.html?cid=71562ff3-8368-4253-b712-0c0c15bc181b&selectedMenuKey=CurrentOpenings,adp_workforcenow
221868,GMM Pfaudler,https://workforcenow.adp.com/mascsr/default/mdf/recruitment/recruitment.html?cid=0ae2caf1-a4d7-4c32-b932-79ff1b15c39b&selectedMenuKey=CurrentOpenings,adp_workforcenow
221869,Posten Bring,https://fa-evem-saasfaprod1.fa.ocs.oraclecloud.com/hcmUI/CandidateExperience/en/sites/CX,OracleCloud
221870,American Pacific Mortgage,https://workforcenow.adp.com/mascsr/default/mdf/recruitment/recruitment.html?cid=d696f7fe-33a3-4c8d-a8bb-d23282b2aa5d&selectedMenuKey=CurrentOpenings,adp_workforcenow
221871,BancFirst,https://workforcenow.adp.com/mascsr/default/mdf/recruitment/recruitment.html?cid=1da3e70c-e60a-466c-a367-419990b1b80f&selectedMenuKey=CurrentOpenings,adp_workforcenow
221872,Hyundai Transys,https://workforcenow.adp.com/mascsr/default/mdf/recruitment/recruitment.html?cid=ec5681ce-b3ae-42f9-b4fc-a7f78b7f416c&selectedMenuKey=CurrentOpenings,adp_workforcenow
221873,Aaron's,https://workforcenow.adp.com/mascsr/default/mdf/recruitment/recruitment.html?cid=d297ff14-b131-46fc-a153-6bc0439efede&selectedMenuKey=CurrentOpenings,adp_workforcenow
221874,Berkshire Hathaway Specialty Insurance,https://workforcenow.adp.com/mascsr/default/mdf/recruitment/recruitment.html?cid=eebd886f-daae-4f3a-8a1b-d9c9a65d9d49&selectedMenuKey=CurrentOpenings,adp_workforcenow
221875,DMG MORI,https://workforcenow.adp.com/mascsr/default/mdf/recruitment/recruitment.html?cid=8765d173-d093-4acc-b89b-cd86baa956b2&selectedMenuKey=CurrentOpenings,adp_workforcenow
221876,Fareva,https://workforcenow.adp.com/mascsr/default/mdf/recruitment/recruitment.html?cid=0c481ad3-7925-432f-9427-26b281fbbe2c&selectedMenuKey=CurrentOpenings,adp_workforcenow
221877,Novae,https://workforcenow.adp.com/mascsr/default/mdf/recruitment/recruitment.html?cid=d16ba13d-474e-4326-b628-74c87f0b289a&selectedMenuKey=CurrentOpenings,adp_workforcenow
221878,Shopko Optical,https://workforcenow.adp.com/mascsr/default/mdf/recruitment/recruitment.html?cid=fa207f52-ffa0-454f-bc1a-82c0d333b01c&selectedMenuKey=CurrentOpenings,adp_workforcenow
221879,YAM Worldwide,https://workforcenow.adp.com/mascsr/default/mdf/recruitment/recruitment.html?cid=57160dee-2b98-4fc8-92d1-9b8fea081f7c&selectedMenuKey=CurrentOpenings,adp_workforcenow
221880,HORIBA,https://workforcenow.adp.com/mascsr/default/mdf/recruitment/recruitment.html?cid=bbb7835e-3833-44fd-9ad9-e37beab84893&selectedMenuKey=CurrentOpenings,adp_workforcenow
221881,McLarty Automotive Group,https://workforcenow.adp.com/mascsr/default/mdf/recruitment/recruitment.html?cid=0160caf0-c484-4fb7-b0d9-6cf11da6e16b&selectedMenuKey=CurrentOpenings,adp_workforcenow
221882,Rick Case Automotive Group,https://workforcenow.adp.com/mascsr/default/mdf/recruitment/recruitment.html?cid=1edfe7b1-c2a4-4b67-921f-8b32dfaed4bb&selectedMenuKey=CurrentOpenings,adp_workforcenow
221883,Focus Group Services,https://workforcenow.adp.com/mascsr/default/mdf/recruitment/recruitment.html?cid=a9f154f7-302d-41b2-a660-d049e55c4201&selectedMenuKey=CurrentOpenings,adp_workforcenow
221884,Kamps,https://kamps-gmbh.jobs.personio.de,personio
221885,Proact,https://proact.jobs.personio.de,personio
221886,Yamato Transport U.S.A.,https://workforcenow.adp.com/mascsr/default/mdf/recruitment/recruitment.html?cid=a9ca99bd-4db3-4243-aa1d-7228a219b032&selectedMenuKey=CurrentOpenings,adp_workforcenow
221887,Dovenmuehle Mortgage,https://workforcenow.adp.com/mascsr/default/mdf/recruitment/recruitment.html?cid=a8f15de2-de3f-4781-94af-42faedd4947b&selectedMenuKey=CurrentOpenings,adp_workforcenow
221888,Photronics,https://workforcenow.adp.com/mascsr/default/mdf/recruitment/recruitment.html?cid=243a2c75-3a39-4b33-b10e-988ff3e9fc2b&selectedMenuKey=CurrentOpenings,adp_workforcenow
221889,Trident Trust,https://tridenttrust.bamboohr.com/careers,bamboohr
221890,TNG Technology Consulting,https://tngtech.jobs.personio.com,personio
221891,ebm-papst,https://workforcenow.adp.com/mascsr/default/mdf/recruitment/recruitment.html?cid=3507ecef-7058-4213-b70a-9b4acee04610&selectedMenuKey=CurrentOpenings,adp_workforcenow
221892,MTN,https://ehle.fa.em2.oraclecloud.com/hcmUI/CandidateExperience/en/sites/CX,OracleCloud
221893,Enghouse,https://enghouse.bamboohr.com/careers,bamboohr
221894,TekSynap,https://hotjobs-teksynap.icims.com/jobs,icims
221895,Centrica Business Solutions,https://workforcenow.adp.com/mascsr/default/mdf/recruitment/recruitment.html?cid=c16a3f4f-033d-4c95-b8f8-53d6963772ca&selectedMenuKey=CurrentOpenings,adp_workforcenow
221896,CompuNet,https://boards.greenhouse.io/compunetinc,GreenHouse
221897,Alltech,https://workforcenow.adp.com/mascsr/default/mdf/recruitment/recruitment.html?cid=0c04a139-254e-442e-993c-16456b7f7386&selectedMenuKey=CurrentOpenings,adp_workforcenow
221898,Applied Systems,https://india-appliedsystems.icims.com/jobs,icims
221899,TeamViewer,https://jobs.jobvite.com/teamviewer-global,jobvite
221900,Stevanato Group,https://workforcenow.adp.com/mascsr/default/mdf/recruitment/recruitment.html?cid=f384ed95-ec2e-4926-9a57-a3a799d1e8b7&selectedMenuKey=CurrentOpenings,adp_workforcenow
221901,Phoenix Data Corporation,https://workforcenow.adp.com/mascsr/default/mdf/recruitment/recruitment.html?cid=09f004b7-0067-4617-9c02-d1b4fee57426&selectedMenuKey=CurrentOpenings,adp_workforcenow
221902,Telamon,https://hcex.fa.us2.oraclecloud.com/hcmUI/CandidateExperience/en/sites/CX,OracleCloud
221903,Integra Connect,https://www.paycomonline.net/v4/ats/web.php/portal/67DF45E5041B62E94A0B0059AB78D154/career-page,paycomonline
221904,SICE,https://workforcenow.adp.com/mascsr/default/mdf/recruitment/recruitment.html?cid=a8fda1b6-390a-4737-b572-50af00ac200f&selectedMenuKey=CurrentOpenings,adp_workforcenow
221905,OSB Group,https://careers-osb.icims.com/jobs,icims
221906,Purple Communications,https://workforcenow.adp.com/mascsr/default/mdf/recruitment/recruitment.html?cid=1dcd2925-907c-4887-a661-50e303514cc2&selectedMenuKey=CurrentOpenings,adp_workforcenow
221907,VikingCloud,https://jobs.jobvite.com/viking-cloud,jobvite
221908,MIDFLORIDA Credit Union,https://www.paycomonline.net/v4/ats/web.php/portal/0A47788725B8033FCCFDA0905377762C/career-page,paycomonline
221909,Grupo Edson Queiroz,https://fa-eqbh-saasfaprod1.fa.ocs.oraclecloud.com/hcmUI/CandidateExperience/en/sites/CX,OracleCloud
221910,ENNOVI,https://workforcenow.adp.com/mascsr/default/mdf/recruitment/recruitment.html?cid=04ec8b74-12e1-4739-996d-7344545ec1b4&selectedMenuKey=CurrentOpenings,adp_workforcenow
221911,KORE,https://workforcenow.adp.com/mascsr/default/mdf/recruitment/recruitment.html?cid=301679e9-5498-4a13-888f-043bd2691443&selectedMenuKey=CurrentOpenings,adp_workforcenow
221912,JinkoSolar,https://workforcenow.adp.com/mascsr/default/mdf/recruitment/recruitment.html?cid=7da81e27-5b28-4f5a-9267-b79073cbd857&selectedMenuKey=CurrentOpenings,adp_workforcenow
221913,Compal,https://compalusa.bamboohr.com/careers,bamboohr
221914,LeadVenture,https://jobs.jobvite.com/leadventure,jobvite
221915,Auto Trader,https://boards.greenhouse.io/autotrader,GreenHouse
221916,Pay-O-Matic,https://workforcenow.adp.com/mascsr/default/mdf/recruitment/recruitment.html?cid=121b2379-ec48-46bd-b90e-7d57ebdac738&selectedMenuKey=CurrentOpenings,adp_workforcenow
221917,NFM Lending,https://www.paycomonline.net/v4/ats/web.php/portal/5474AB19E97CC93EF5DD94705D126279/career-page,paycomonline
221918,Data-Core Systems,https://datacoresystems.bamboohr.com/careers,bamboohr
221919,Putzmeister,https://workforcenow.adp.com/mascsr/default/mdf/recruitment/recruitment.html?cid=94e97959-8f3e-4398-be58-d35f4dabbf8e&selectedMenuKey=CurrentOpenings,adp_workforcenow
221920,Brillient,https://www.paycomonline.net/v4/ats/web.php/portal/80ef43593980fecedceb9296e2c34af5/career-page,paycomonline
221921,Prisma Health,https://prismahealth.wd5.myworkdayjobs.com/prismahealthcorporate,WorkDay
221922,Illinois Tool Works,https://itw.wd5.myworkdayjobs.com/external,WorkDay
221923,Framatome,https://careers-framatomecanada.icims.com/jobs,icims
221924,Derevo,https://derevo.bamboohr.com/careers,bamboohr
221925,Var Group,https://var-group.jobs.personio.de,personio
221926,Envision Healthcare,https://eney.fa.us2.oraclecloud.com/hcmUI/CandidateExperience/en/sites/CX,OracleCloud
221927,New American Funding,https://careers-nafinc.icims.com/jobs,icims
221928,Gettel Automotive Group,https://www.paycomonline.net/v4/ats/web.php/portal/D406FFF21DE0CFB6BE2B7DBB8A61CC56/career-page,paycomonline
221929,Network Connex,https://workforcenow.adp.com/mascsr/default/mdf/recruitment/recruitment.html?cid=0598372e-6ebf-42a5-b9ce-8212cf904745&selectedMenuKey=CurrentOpenings,adp_workforcenow
221930,Senture,https://careerseng-senture.icims.com/jobs,icims
221931,HI-LEX Europe,https://www.paycomonline.net/v4/ats/web.php/portal/48B17C0529C68FEC8B2303EE907C6AC3/career-page,paycomonline
221932,Groupama,https://eocd.fa.em2.oraclecloud.com/hcmUI/CandidateExperience/en/sites/CX,OracleCloud
221933,Applus+,https://careers-applusna.icims.com/jobs,icims
221934,UChicago Medicine AdventHealth,https://careers-adventhealthglr.icims.com/jobs,icims
221935,Cheetah Mobile,https://jobs.jobvite.com/cheetah-ad-platform,jobvite
221936,Colonial First State,https://fa-eran-saasfaprod1.fa.ocs.oraclecloud.com/hcmUI/CandidateExperience/en/sites/CX,OracleCloud
221937,Mortgage Connect,https://careers-mcics.icims.com/jobs,icims
221938,Airtel Africa,https://erey.fa.em3.oraclecloud.com/hcmUI/CandidateExperience/en/sites/CX,OracleCloud
221939,Oremor Automotive Group,https://careers3-oremorautomotive.icims.com/jobs,icims
221940,Samsung SDI,https://workforcenow.adp.com/mascsr/default/mdf/recruitment/recruitment.html?cid=bf46181b-c8a6-4b0f-bcdb-6cd8b9af698c&selectedMenuKey=CurrentOpenings,adp_workforcenow
221941,Adastra,https://careers-adastragrp.icims.com/jobs,icims
221942,Derivco,https://derivco.bamboohr.com/careers,bamboohr
221943,Eskenazi Health,https://careers-eskenazihealth.icims.com/jobs,icims
221944,GrubMarket,https://workforcenow.adp.com/mascsr/default/mdf/recruitment/recruitment.html?cid=c572d9a8-245b-4300-8752-566e2e4a3bf3&selectedMenuKey=CurrentOpenings,adp_workforcenow
221945,Cenomi Centers,https://fa-etiv-saasfaprod1.fa.ocs.oraclecloud.com/hcmUI/CandidateExperience/en/sites/CX,OracleCloud
221946,Zenith Insurance Company,https://career-opportunities-thezenith.icims.com/jobs,icims
221947,Whole Foods Market,https://jobs.jobvite.com/whole-foods-market,jobvite
221948,Location Services,https://workforcenow.adp.com/mascsr/default/mdf/recruitment/recruitment.html?cid=1c1a55ac-5685-4cf6-8ded-c19fe0e833d9&selectedMenuKey=CurrentOpenings,adp_workforcenow
221949,Ocado Group,https://boards.greenhouse.io/h2lp0ei2nf3oz4ydk7,GreenHouse
221950,Meezan Bank,https://fa-ewvh-saasfaprod1.fa.ocs.oraclecloud.com/hcmUI/CandidateExperience/en/sites/CX,OracleCloud
221951,Ecobank Nigeria,https://fa-emqf-saasfaprod1.fa.ocs.oraclecloud.com/hcmUI/CandidateExperience/en/sites/CX,OracleCloud
221952,Jayco,https://workforcenow.adp.com/mascsr/default/mdf/recruitment/recruitment.html?cid=c450ad95-dd65-44d1-b1b8-6feea9ef57a5&selectedMenuKey=CurrentOpenings,adp_workforcenow
221953,Lufthansa Technik Puerto Rico,https://workforcenow.adp.com/mascsr/default/mdf/recruitment/recruitment.html?cid=04d6a8a0-dbe7-4fa1-afc8-ff6e527d5255&selectedMenuKey=CurrentOpenings,adp_workforcenow
221954,Europ Assistance,https://europ-assistance.jobs.personio.com,personio
221955,Grazitti Interactive,https://grazittiinteractive.bamboohr.com/careers,bamboohr
221956,Inhabit,https://www.paycomonline.net/v4/ats/web.php/portal/3B7D41D91746BB95F1A4DACFC560089B/career-page,paycomonline
221957,NHC Innovation,https://eghj.fa.em2.oraclecloud.com/hcmUI/CandidateExperience/en/sites/CX,OracleCloud
221958,Kawasaki Robotics,https://workforcenow.adp.com/mascsr/default/mdf/recruitment/recruitment.html?cid=f31e80b7-a166-4f1d-947b-e1fbe422313d&selectedMenuKey=CurrentOpenings,adp_workforcenow
221959,MPP,https://workforcenow.adp.com/mascsr/default/mdf/recruitment/recruitment.html?cid=7d76b02b-b204-4e1e-84c7-c637c1273bb6&selectedMenuKey=CurrentOpenings,adp_workforcenow
221960,Presbyterian Homes & Services,https://www.paycomonline.net/v4/ats/web.php/portal/C63FDF09DB7E12232EEDF6B1C6346D77/career-page,paycomonline
221961,Analysis Group,https://professionalcareers-analysisgroup.icims.com/jobs,icims
221962,NBHX,https://www.paycomonline.net/v4/ats/web.php/portal/F462FD9C31320BD1835BBE87E128DD74/career-page,paycomonline
221963,SAIC Motor,https://saic-motor-deutschland-gmbh.jobs.personio.de,personio
221964,Onix,https://workforcenow.adp.com/mascsr/default/mdf/recruitment/recruitment.html?cid=ecc15490-4446-4dfe-9565-c7d6332f6b77&selectedMenuKey=CurrentOpenings,adp_workforcenow
221965,Aveanna Healthcare,https://www.paycomonline.net/v4/ats/web.php/portal/F63660B990999EEF524DD44AC11FCE5C/career-page,paycomonline
221966,BearingPoint,https://boards.greenhouse.io/bearingpoint,GreenHouse
221967,X-FAB,https://www.paycomonline.net/v4/ats/web.php/portal/8826C687D0634661FD96261301F2199A/career-page,paycomonline
221968,First Internet Bank,https://www.paycomonline.net/v4/ats/web.php/portal/B267103A36D5740F2B0140167CEA25F1/career-page,paycomonline
221969,Empresas Públicas de Medellín,https://hbcp.fa.us2.oraclecloud.com/hcmUI/CandidateExperience/en/sites/CX,OracleCloud
221970,InformData,https://www.paycomonline.net/v4/ats/web.php/portal/34E259C903D80598087E9775751EEE84/career-page,paycomonline
221971,"Stride, Inc.",https://strideinc.wd1.myworkdayjobs.com/sk,WorkDay
221972,Kumho Tire,https://workforcenow.adp.com/mascsr/default/mdf/recruitment/recruitment.html?cid=c80ad984-0fe3-49e0-a3e2-9e8cda77eafd&selectedMenuKey=CurrentOpenings,adp_workforcenow
221973,Mood Media,https://workforcenow.adp.com/mascsr/default/mdf/recruitment/recruitment.html?cid=099af085-1373-479c-9b97-f7e3a4d2ea58&selectedMenuKey=CurrentOpenings,adp_workforcenow
221974,Wincanton,https://fa-eqfz-saasfaprod1.fa.ocs.oraclecloud.com/hcmUI/CandidateExperience/en/sites/CX,OracleCloud
221975,CFSC,https://workforcenow.adp.com/mascsr/default/mdf/recruitment/recruitment.html?cid=038d05e0-a7ae-4a10-9cb2-d3f096c191c2&selectedMenuKey=CurrentOpenings,adp_workforcenow
221976,Conectiv,https://workforcenow.adp.com/mascsr/default/mdf/recruitment/recruitment.html?cid=fa442fd7-66e3-4cb3-9f92-8ffa5cf206d9&selectedMenuKey=CurrentOpenings,adp_workforcenow
221977,Regency Integrated Health Services,https://www.paycomonline.net/v4/ats/web.php/portal/0606575CE1E7AA2E6E025BE92060B8EF/career-page,paycomonline
221978,Strides Pharma,https://workforcenow.adp.com/mascsr/default/mdf/recruitment/recruitment.html?cid=c00b9aef-e4cd-4abe-b5b1-72846cc4e5fd&selectedMenuKey=CurrentOpenings,adp_workforcenow
221979,CGS,https://boards.greenhouse.io/bluecherry,GreenHouse
221980,OSG,https://workforcenow.adp.com/mascsr/default/mdf/recruitment/recruitment.html?cid=9f6520ad-00df-4299-8f19-f6111e19f00f&selectedMenuKey=CurrentOpenings,adp_workforcenow
221981,Unipart Group,https://workforcenow.adp.com/mascsr/default/mdf/recruitment/recruitment.html?cid=d383bacc-7ade-4ccc-93d6-a00790a66c85&selectedMenuKey=CurrentOpenings,adp_workforcenow
221982,EV Group,https://workforcenow.adp.com/mascsr/default/mdf/recruitment/recruitment.html?cid=99ca1162-26c2-41d3-bc78-4f24c095d312&selectedMenuKey=CurrentOpenings,adp_workforcenow
221983,Sterling Bank,https://www.paycomonline.net/v4/ats/web.php/portal/1780F314F21B9F270FAFF714DC38EF86/career-page,paycomonline
221984,GK Global,https://gk.bamboohr.com/careers,bamboohr
221985,Abra Auto Body & Glass,https://www.paycomonline.net/v4/ats/web.php/portal/8ED3BF1ED82587FAD2C0B641601821D5/career-page,paycomonline
221986,First Citizens' Federal Credit Union,https://www.paycomonline.net/v4/ats/web.php/portal/937138C81B39388FA4F264B3957570A9/career-page,paycomonline
221987,Onto Innovation,https://onto.wd1.myworkdayjobs.com/onto_careers,WorkDay
221988,Connect44,https://connect44.jobs.personio.de,personio
221989,JA Solar,https://ja-solar.jobs.personio.com,personio
221990,Rabobank,https://rabobank.wd3.myworkdayjobs.com/jobs,WorkDay
221991,Safaricom Ethiopia,https://egjd.fa.us6.oraclecloud.com/hcmUI/CandidateExperience/en/sites/CX,OracleCloud
221992,vivo,https://vivoehq.bamboohr.com/careers,bamboohr
221993,Xebia,https://boards.greenhouse.io/xebiausa,GreenHouse
221994,SCC Soft Computer,https://workforcenow.adp.com/mascsr/default/mdf/recruitment/recruitment.html?cid=5552dbb9-bdb1-4ab9-94e1-3941e4f77158&selectedMenuKey=CurrentOpenings,adp_workforcenow
221995,Seismic,https://careers-seismic.icims.com/jobs,icims
221996,Vervent,https://workforcenow.adp.com/mascsr/default/mdf/recruitment/recruitment.html?cid=77e46217-b1fc-4f69-b41a-73f1ae8b9d9b&selectedMenuKey=CurrentOpenings,adp_workforcenow
221997,Coris Holding,https://ekhw.fa.em3.oraclecloud.com/hcmUI/CandidateExperience/en/sites/CX,OracleCloud
221998,PFH Technology Group,https://pfhtechnology.bamboohr.com/careers,bamboohr
221999,VXI Global Solutions,https://vxi.wd12.myworkdayjobs.com/careers,WorkDay
222000,IMMI,https://eifl.fa.us6.oraclecloud.com/hcmUI/CandidateExperience/en/sites/CX,OracleCloud
222001,Lendmark Financial Services,https://lendmarkfinancial.wd1.myworkdayjobs.com/search,WorkDay
222002,HiQ,https://hiq.jobs.personio.de,personio
222003,Fast Enterprises,https://careers-fastenterprises.icims.com/jobs,icims
222004,Kainos,https://kainos.wd3.myworkdayjobs.com/kainos,WorkDay
222005,General Dynamics,https://careers-generaldynamics.icims.com/jobs,icims
222006,LCMC Health,https://lcmchealth.wd1.myworkdayjobs.com/lcmchealth,WorkDay
222007,Wellpath,https://careers-zenova.icims.com/jobs,icims
222008,Yokogawa,https://yokogawa.wd3.myworkdayjobs.com/yokogawa-career-site,WorkDay
222009,Bankers Financial Corporation,https://workforcenow.adp.com/mascsr/default/mdf/recruitment/recruitment.html?cid=b82bdd52-2595-49e9-8433-01d3c0f96cf0&selectedMenuKey=CurrentOpenings,adp_workforcenow
222010,Fareportal,https://workforcenow.adp.com/mascsr/default/mdf/recruitment/recruitment.html?cid=379be4ec-f4cf-41a1-9bbd-95f751d0be59&selectedMenuKey=CurrentOpenings,adp_workforcenow
222011,Grupo Moura,https://fa-ewzu-saasfaprod1.fa.ocs.oraclecloud.com/hcmUI/CandidateExperience/en/sites/CX,OracleCloud
222012,Internet Archive,https://workforcenow.adp.com/mascsr/default/mdf/recruitment/recruitment.html?cid=12261ced-819c-4d6d-af85-ffea690b6521&selectedMenuKey=CurrentOpenings,adp_workforcenow
222013,Dillard's,https://boards.greenhouse.io/dillards,GreenHouse
222014,Ryze Claim Solutions,https://workforcenow.adp.com/mascsr/default/mdf/recruitment/recruitment.html?cid=55342797-43c8-44d9-9ea4-81801ee75d23&selectedMenuKey=CurrentOpenings,adp_workforcenow
222015,Centerline,https://vmt-gmbh.jobs.personio.com,personio
222016,Tangoe,https://workforcenow.adp.com/mascsr/default/mdf/recruitment/recruitment.html?cid=8fe93d67-5db8-4388-b0f6-e02a189fed78&selectedMenuKey=CurrentOpenings,adp_workforcenow
222017,Franciscan Alliance,https://franciscanalliance.wd5.myworkdayjobs.com/fa_external_career_site,WorkDay
222018,First Citizens Bank,https://www.paycomonline.net/v4/ats/web.php/portal/B795ABC641B24159DB705B35DB883FCB/career-page,paycomonline
222019,Amundi,https://amundi.bamboohr.com/careers,bamboohr
222020,Electrical Components International,https://www.paycomonline.net/v4/ats/web.php/portal/200D9F629F898FE795F054DB5D270A07/career-page,paycomonline
222021,VVF,https://workforcenow.adp.com/mascsr/default/mdf/recruitment/recruitment.html?cid=8550e634-f4eb-4003-9150-e80ff4b53047&selectedMenuKey=CurrentOpenings,adp_workforcenow
222022,Lake City Bank,https://workforcenow.adp.com/mascsr/default/mdf/recruitment/recruitment.html?cid=4c0f5e63-d8a0-4686-b48c-977660d2dabc&selectedMenuKey=CurrentOpenings,adp_workforcenow
222023,Salcomp,https://workforcenow.adp.com/mascsr/default/mdf/recruitment/recruitment.html?cid=da89f467-7453-42c4-9000-291b61447864&selectedMenuKey=CurrentOpenings,adp_workforcenow
222024,Bank of Queensland,https://boq.wd3.myworkdayjobs.com/careers-at-boqgroup,WorkDay
222025,HCA Healthcare,https://hcahealthcare.wd3.myworkdayjobs.com/hcacareers,WorkDay
222026,Reserve Bank of Australia,https://rba.wd105.myworkdayjobs.com/rba_careers,WorkDay
222027,Seattle Children's,https://seattlechildrens.wd5.myworkdayjobs.com/external,WorkDay
222028,Franklin Mountain Management,https://workforcenow.adp.com/mascsr/default/mdf/recruitment/recruitment.html?cid=a8027082-e696-49d4-b052-14f4b3dd29e5&selectedMenuKey=CurrentOpenings,adp_workforcenow
222029,Azerconnect,https://fa-emfh-saasfaprod1.fa.ocs.oraclecloud.com/hcmUI/CandidateExperience/en/sites/CX,OracleCloud
222030,Glen Dimplex,https://glendimplex.bamboohr.com/careers,bamboohr
222031,Planters Bank & Trust Company,https://www.paycomonline.net/v4/ats/web.php/portal/428A3AD7FBD86DF84355911DEA1C1FF2/career-page,paycomonline
222032,AXIS Clinicals,https://www.paycomonline.net/v4/ats/web.php/portal/E31175BB6DFD065AE2B044C18E93BB96/career-page,paycomonline
222033,Avineon,https://workforcenow.adp.com/mascsr/default/mdf/recruitment/recruitment.html?cid=0e718a1e-0fe4-4388-87fe-790e44d24dbe&selectedMenuKey=CurrentOpenings,adp_workforcenow
222034,ASMPT,https://workforcenow.adp.com/mascsr/default/mdf/recruitment/recruitment.html?cid=64582d67-0a3b-4ef6-8cc2-9d6c32d1a50a&selectedMenuKey=CurrentOpenings,adp_workforcenow
222035,Israel Discount Bank,https://ehsb.fa.em2.oraclecloud.com/hcmUI/CandidateExperience/en/sites/CX,OracleCloud
222036,Maxxis,https://maxxis.bamboohr.com/careers,bamboohr
222037,Burgess,https://workforcenow.adp.com/mascsr/default/mdf/recruitment/recruitment.html?cid=941004e2-5793-4273-a9e3-54066dd48f9b&selectedMenuKey=CurrentOpenings,adp_workforcenow
222038,JAGGAER,https://rscareers-jaggaer.icims.com/jobs,icims
222039,"Cook Inlet Region, Inc",https://ciri.bamboohr.com/careers,bamboohr
222040,Columbia Bank,https://columbiabank.wd108.myworkdayjobs.com/columbia,WorkDay
222041,Fidelity Bank,https://fa-eqva-saasfaprod1.fa.ocs.oraclecloud.com/hcmUI/CandidateExperience/en/sites/CX,OracleCloud
222042,Northwest Bank,https://northwest.wd1.myworkdayjobs.com/northwest_careers,WorkDay
222043,Reid Health,https://reidhealth.wd12.myworkdayjobs.com/external_careers,WorkDay
222044,Vancouver Coastal Health,https://careers-vchlegacy.icims.com/jobs,icims
222045,Astara,https://astara.wd3.myworkdayjobs.com/career_site_astara_external,WorkDay
222046,CAPTRUST,https://interncareers-captrust.icims.com/jobs,icims
222047,OpenExchange,https://workforcenow.adp.com/mascsr/default/mdf/recruitment/recruitment.html?cid=9d973649-84a8-4e17-ad6f-e4a6fb4dbf92&selectedMenuKey=CurrentOpenings,adp_workforcenow
222048,Toyotetsu Texas,https://www.paycomonline.net/v4/ats/web.php/portal/70E0FAD2527356D6BFA8D127884E9597/career-page,paycomonline
222049,AlgoQuant,https://boards.greenhouse.io/algoquant,GreenHouse
222050,Novelis,https://pt-careers-novelis.icims.com/jobs,icims
222051,Walker and Associates,https://workforcenow.adp.com/mascsr/default/mdf/recruitment/recruitment.html?cid=0fdbc461-98f2-467e-bfc4-e6e24cc7e23b&selectedMenuKey=CurrentOpenings,adp_workforcenow
222052,TLC Management,https://careers-tlcmgmt.icims.com/jobs,icims
222053,Bank BTN,https://bankbtn-hcis-iaadnf.fa.ocs.oraclecloud.com/hcmUI/CandidateExperience/en/sites/CX,OracleCloud
222054,RHB Bank,https://rhb.wd102.myworkdayjobs.com/rhbexternalcareersite,WorkDay
222055,Paycom,https://www.paycomonline.net/v4/ats/web.php/portal/EE438599C91E05BEEFEB3B6C0B5F8FA4/career-page,paycomonline
222056,Audi Formula Racing GmbH,https://audi-formula-racing-students.jobs.personio.de,personio
222057,Banco Nacional de Costa Rica,https://ehuk.fa.us2.oraclecloud.com/hcmUI/CandidateExperience/en/sites/CX,OracleCloud
222058,ICBC Argentina,https://ejig.fa.em2.oraclecloud.com/hcmUI/CandidateExperience/en/sites/CX,OracleCloud
222059,WuXi STA,https://careers-stapharma.icims.com/jobs,icims
222060,Horizon Blue Cross Blue Shield of New Jersey,https://bcbsnj.wd5.myworkdayjobs.com/hc,WorkDay
222061,Keyrus,https://keyrussa.bamboohr.com/careers,bamboohr
222062,St John of God Health Care,https://sjog.wd105.myworkdayjobs.com/sjghc_professional_and_support_services,WorkDay
222063,Oliver Wyman,https://jobs.lever.co/oliverwyman,LeverCO
222064,Asymchem,https://asymchem.bamboohr.com/careers,bamboohr
222065,Cambridge Associates,https://cambridgeassociates.wd5.myworkdayjobs.com/cambridge_associates,WorkDay
222066,World Finance,https://worldacceptance.wd12.myworkdayjobs.com/world_finance,WorkDay
222067,MSCI,https://uscareers-msci.icims.com/jobs,icims
222068,Ria Money Transfer,https://hcvk.fa.em2.oraclecloud.com/hcmUI/CandidateExperience/en/sites/CX,OracleCloud
222069,University Credit Union,https://workforcenow.adp.com/mascsr/default/mdf/recruitment/recruitment.html?cid=765f4dfb-a79f-494b-b67f-03770a1312ab&selectedMenuKey=CurrentOpenings,adp_workforcenow
222070,Burlington Stores,https://burlington.wd5.myworkdayjobs.com/burlingtoncareers,WorkDay
222071,Innovation Group,https://workforcenow.adp.com/mascsr/default/mdf/recruitment/recruitment.html?cid=1161e431-68ab-4907-88b4-4c02d0b7170a&selectedMenuKey=CurrentOpenings,adp_workforcenow
222072,Telesure Investment Holdings,https://telesure.wd3.myworkdayjobs.com/wday,WorkDay
222073,Zalando,https://zalando.wd3.myworkdayjobs.com/zalandositewd,WorkDay
222074,Crossroads Automotive Group,https://www.paycomonline.net/v4/ats/web.php/portal/48FF06443980D18EB810F6C335A91A27/career-page,paycomonline
222075,QuidelOrtho,https://orthoclinical.wd1.myworkdayjobs.com/search,WorkDay
222076,Elo Touch Solutions,https://workforcenow.adp.com/mascsr/default/mdf/recruitment/recruitment.html?cid=f3528c8d-9e21-4a8c-a4c0-5f7c82288f0f&selectedMenuKey=CurrentOpenings,adp_workforcenow
222077,Allied Telesis,https://workforcenow.adp.com/mascsr/default/mdf/recruitment/recruitment.html?cid=65fce6c2-284f-452f-b7d9-c1c36ae2d634&selectedMenuKey=CurrentOpenings,adp_workforcenow
222078,THOR Industries,https://workforcenow.adp.com/mascsr/default/mdf/recruitment/recruitment.html?cid=dfb1c329-bf8e-4126-89a0-23a72fe92744&selectedMenuKey=CurrentOpenings,adp_workforcenow
222079,Hikvision,https://workforcenow.adp.com/mascsr/default/mdf/recruitment/recruitment.html?cid=a1fd76a4-5e0a-44bf-afd1-4bbf5f4b9943&selectedMenuKey=CurrentOpenings,adp_workforcenow
222080,Sahajanand Medical Technologies,https://smt-germany-gmbh.jobs.personio.de,personio
222081,VietinBank,https://vietinbank.jobs.personio.de,personio
222082,Cimpress,https://tunup.bamboohr.com/careers,bamboohr
222083,DeliverHealth,https://workforcenow.adp.com/mascsr/default/mdf/recruitment/recruitment.html?cid=4228bffd-fe58-4423-b90e-accba06e7569&selectedMenuKey=CurrentOpenings,adp_workforcenow
222084,WNC,https://wnc.wd3.myworkdayjobs.com/wnc_external,WorkDay
222085,GKN Automotive,https://fa-eryf-saasfaprod1.fa.ocs.oraclecloud.com/hcmUI/CandidateExperience/en/sites/CX,OracleCloud
222086,Youth Services Bureau of Monroe County,https://youthservicesbureau.bamboohr.com/careers,bamboohr
222087,Freedom Mortgage,https://archwellessentials.wd1.myworkdayjobs.com/careers,WorkDay
222088,Astemo,https://astemo.wd102.myworkdayjobs.com/global_career_site,WorkDay
222089,Evoke Technologies,https://evoketechnologies.bamboohr.com/careers,bamboohr
222090,Hongfa Factory Germany,https://hongfa-factory-germany-gmbh.jobs.personio.com,personio
222091,CureMD,https://curemd.wd1.myworkdayjobs.com/curemd,WorkDay
222092,Everfox,https://evergreenix.wd1.myworkdayjobs.com/external-careers2,WorkDay
222093,Health Prime,https://workforcenow.adp.com/mascsr/default/mdf/recruitment/recruitment.html?cid=a3f94246-1dde-432f-98c1-b312f24c6ce3&selectedMenuKey=CurrentOpenings,adp_workforcenow
222094,ISsoft,https://boards.greenhouse.io/issoft,GreenHouse
222095,ORTEC,https://workforcenow.adp.com/mascsr/default/mdf/recruitment/recruitment.html?cid=3f3af2e8-3807-4682-8052-52185dbf6285&selectedMenuKey=CurrentOpenings,adp_workforcenow
222096,SPS Commerce,https://spscommerce.wd108.myworkdayjobs.com/sps,WorkDay
222097,Mauritius Commercial Bank,https://ekbd.fa.em2.oraclecloud.com/hcmUI/CandidateExperience/en/sites/CX,OracleCloud
222098,NAV Fund Services,https://navconsulting.bamboohr.com/careers,bamboohr
222099,Thrive Pet Healthcare,https://workforcenow.adp.com/mascsr/default/mdf/recruitment/recruitment.html?cid=1cbf6692-35ec-4d91-9275-42a5b2682720&selectedMenuKey=CurrentOpenings,adp_workforcenow
222100,UCSF,https://jobs.lever.co/ucsf,LeverCO
222101,Carter Express,https://workforcenow.adp.com/mascsr/default/mdf/recruitment/recruitment.html?cid=7e341da6-f418-4493-94c2-966ffc40204c&selectedMenuKey=CurrentOpenings,adp_workforcenow
222102,HMS Networks,https://hms-networks.jobs.personio.com,personio
222103,Jüsto,https://justo.bamboohr.com/careers,bamboohr
222104,XTB,https://xtb-espana.jobs.personio.com,personio
222105,Hannaford,https://workforcenow.adp.com/mascsr/default/mdf/recruitment/recruitment.html?cid=7c3e4900-98fa-4107-8ba0-d9d64b83bdbb&selectedMenuKey=CurrentOpenings,adp_workforcenow
222106,Northbridge Financial,https://northbridgefinancial.wd3.myworkdayjobs.com/nbfc,WorkDay
222107,Premier Home Health Care Services,https://workforcenow.adp.com/mascsr/default/mdf/recruitment/recruitment.html?cid=412359e0-79c0-43db-ba54-11352f3739a8&selectedMenuKey=CurrentOpenings,adp_workforcenow
222108,Robertshaw,https://workforcenow.adp.com/mascsr/default/mdf/recruitment/recruitment.html?cid=f794a848-84a9-47c6-a51f-9ae33506fe58&selectedMenuKey=CurrentOpenings,adp_workforcenow
222109,Premier Automotive Group,https://www.paycomonline.net/v4/ats/web.php/portal/7789F0C66248017AFB2F6C0A058F2129/career-page,paycomonline
222110,A2 Global Electronics + Solutions,https://workforcenow.adp.com/mascsr/default/mdf/recruitment/recruitment.html?cid=aab50aa1-df57-48e2-98c8-8fd437fb41f3&selectedMenuKey=CurrentOpenings,adp_workforcenow
222111,Havas,https://havas.wd3.myworkdayjobs.com/mediaexternalcareersite,WorkDay
222112,Lanner Electronics,https://workforcenow.adp.com/mascsr/default/mdf/recruitment/recruitment.html?cid=e8c009e0-f7b8-44af-b2f9-6295c1ee7517&selectedMenuKey=CurrentOpenings,adp_workforcenow
222113,SDG Group,https://sdggroup.bamboohr.com/careers,bamboohr
222114,Al Rajhi Takaful,https://iadmkf.fa.ocs.oraclecloud.com/hcmUI/CandidateExperience/en/sites/CX,OracleCloud
222115,Torrent Pharma,https://torrentpharma.bamboohr.com/careers,bamboohr
222116,Cloud Software Group,https://tibco.wd5.myworkdayjobs.com/cloud_software_group,WorkDay
222117,Micro Focus,https://microfocus.wd5.myworkdayjobs.com/wfmatmicrofocus,WorkDay
222118,CDW,https://cdw.wd5.myworkdayjobs.com/careers,WorkDay
222119,Kuaishou,https://kwai.wd3.myworkdayjobs.com/kuaishou_external,WorkDay
222120,SYSTRA,https://careers-systra.icims.com/jobs,icims
222121,Bank of China,https://employeereferrals-bocusa.icims.com/jobs,icims
222122,American Express,https://egug-dev1.fa.us2.oraclecloud.com/hcmUI/CandidateExperience/en/sites/CX,OracleCloud
222123,Merantix AI Campus,https://aicampus.jobs.personio.com,personio
222124,Steel Partners,https://myjobs.adp.com/steelpartnerscareers,adp_workforcenow
222125,Pinnacle Group,https://pinnaclegroup.wd1.myworkdayjobs.com/pinnaclegroup,WorkDay
222126,NMB Technologies Corporation,https://jobs.jobvite.com/nmbtc,jobvite
222127,AG2R LA MONDIALE,https://ag2rlamondiale.wd3.myworkdayjobs.com/candidats,WorkDay
222128,Deaconess Health System,https://deaconess.rec.pro.ukg.net/DEA1005DEAC/JobBoard/a1f943e7-8d4d-4348-bf5e-4664f78d3abb,ultipro
222129,Mutua Madrileña,https://mutua.wd103.myworkdayjobs.com/carrerasprofesionalesexternosmm,WorkDay
222130,WallStreetBets,https://jobs.ashbyhq.com/wallstreetbets,AshbyHQ
222131,Daher,https://daher.wd3.myworkdayjobs.com/daher,WorkDay
222132,Freddie Mac,https://freddiemac.wd5.myworkdayjobs.com/external,WorkDay
222133,Garonit Pharmaceutical,https://boards.greenhouse.io/garonitpharmaceutical,GreenHouse
222134,Baird,https://baird.wd1.myworkdayjobs.com/hidden,WorkDay
222135,Cooper Standard,https://cooperstandard.wd1.myworkdayjobs.com/cooperstandard,WorkDay
222136,Discount Tire,https://fullserviceellisville-discounttire.icims.com/jobs,icims
222137,Kalbe Farma,https://kalbe.wd102.myworkdayjobs.com/external,WorkDay
222138,PSI Services,https://psionline.rec.pro.ukg.net/PSI1500PSIL/JobBoard/287b933d-50bd-4acb-b709-75def54bf55f,ultipro
222139,PAR Technology,https://jobs.ashbyhq.com/par%20technology,AshbyHQ
222140,Southern Tire Mart,https://stmtires.rec.pro.ukg.net/SOU1508STMT/JobBoard/e6b2a61d-4905-4dd0-8aed-6f4acebc4bae,ultipro
222141,Tata Chemicals,https://fa-eskj-saasfaprod1.fa.ocs.oraclecloud.com/hcmUI/CandidateExperience/en/sites/CX,OracleCloud
222142,GEMA International,https://the-gema-international-ag.jobs.personio.com,personio
222143,Certinia,https://certinia.rec.pro.ukg.net/CER1500CERC/JobBoard/ad0c6248-e7e9-43f1-b10d-5a324b9b60a6,ultipro
222144,Enverus,https://jobs.jobvite.com/drillinginfo,jobvite
222145,Intcomex,https://intcomex.wd1.myworkdayjobs.com/intcomex,WorkDay
222146,mc2i,https://mc2i.wd3.myworkdayjobs.com/talents_mc2i,WorkDay
222147,PropertyGuru,https://propertyguru.wd105.myworkdayjobs.com/propertyguru,WorkDay
222148,Siigo,https://fa-ewkf-saasfaprod1.fa.ocs.oraclecloud.com/hcmUI/CandidateExperience/en/sites/CX,OracleCloud
222149,ViewSonic,https://viewsonic.rec.pro.ukg.net/VIE1500VIWO/JobBoard/14152004-90ca-4ccb-b8b0-2df1dfb6e78e,ultipro
222150,Tiket.com,https://tiketdotcom.wd3.myworkdayjobs.com/tiket_careers,WorkDay
222151,Affin Bank,https://affinbank.wd3.myworkdayjobs.com/affincareers,WorkDay
222152,Apple Bank,https://applebank.wd5.myworkdayjobs.com/applebankcareers,WorkDay
222153,Baptist Health,https://baptisthealth.rec.pro.ukg.net/BAP1500BHDM/JobBoard/5a6b1470-b5c5-4d26-a171-11ad94efcba8,ultipro
222154,Consumer Direct Care Network,https://cdcn.wd1.myworkdayjobs.com/external,WorkDay
222155,First PREMIER Bank,https://firstpremier.wd503.myworkdayjobs.com/premier_careers,WorkDay
222156,Maples Group,https://jobs.jobvite.com/maplesgroup,jobvite
222157,Megalabs,https://megalabs.wd12.myworkdayjobs.com/externo,WorkDay
222158,Schneck Medical Center,https://schneckmed.rec.pro.ukg.net/JAC1502SCKM/JobBoard/0ecf6482-01c9-4568-bec5-8ea8e3f534a3,ultipro
222159,Sunrise Senior Living,https://canada-sunriseseniorliving.icims.com/jobs,icims
222160,Traditions Management,https://traditionsmgmt.rec.pro.ukg.net/TRA1508TRMA/JobBoard/38a9981a-104f-40b5-b25c-1139cb05df80,ultipro
222161,Community Hospital Corporation,https://chc1996.rec.pro.ukg.net/BAP1004BHST/JobBoard/a7a7ce2c-cb99-4881-9ae4-99980fe0cd2a,ultipro
222162,RF Labs,https://jobs.ashbyhq.com/rf-labs,AshbyHQ
222163,CJ Logistics America,https://jobs.jobvite.com/cjlogisticsamerica,jobvite
222164,Ocean Network Express,https://workforcenow.adp.com/mascsr/default/mdf/recruitment/recruitment.html?cid=5ebe3104-e38c-46ac-8508-76b7402ab3ae&selectedMenuKey=CurrentOpenings,adp_workforcenow
222165,Polyplex,https://polyplex.rec.pro.ukg.net/POL1501POLYP/JobBoard/14cf8026-61bd-45e2-9845-ef6b6efdd780,ultipro
222166,Tata Steel Downstream Products,https://fa-euzu-saasfaprod1.fa.ocs.oraclecloud.com/hcmUI/CandidateExperience/en/sites/CX,OracleCloud
222167,Transaction Network Services,https://tnsi.wd1.myworkdayjobs.com/search,WorkDay
222168,DSV-Gruppe,https://dsvgruppe.wd103.myworkdayjobs.com/dsv,WorkDay
222169,First Tech Federal Credit Union,https://jobs.jobvite.com/firsttechfed,jobvite
222170,Fisher Investments,https://gfi-fishercareers.icims.com/jobs,icims
222171,Fujikin,https://fujikin-deutschland-gmbh.jobs.personio.de,personio
222172,PATRIZIA,https://patrizia.wd502.myworkdayjobs.com/patrizia,WorkDay
222173,Trianz,https://jobs.jobvite.com/trianz,jobvite
222174,Vaultex,https://vaultex.wd3.myworkdayjobs.com/careers,WorkDay
222175,Walker & Dunlop,https://walkerdunlop.wd1.myworkdayjobs.com/wd,WorkDay
222176,El Corte Inglés,https://elcorteingles.wd3.myworkdayjobs.com/ext,WorkDay
222177,FieldCore,https://jobs.jobvite.com/fieldcore-review,jobvite
222178,ICA Gruppen,https://icagruppen.wd3.myworkdayjobs.com/extid,WorkDay
222179,Allo Fiber,https://allofiber.wd501.myworkdayjobs.com/careers,WorkDay
222180,DataDirect Networks,https://careers-ddn.icims.com/jobs,icims
222181,iliad,https://iliad.wd3.myworkdayjobs.com/iliad,WorkDay
222182,Telent,https://fa-eweh-saasfaprod1.fa.ocs.oraclecloud.com/hcmUI/CandidateExperience/en/sites/CX,OracleCloud
222183,Vantiva,https://vantiva.wd103.myworkdayjobs.com/vantiva,WorkDay
222184,Varonis,https://jobs.jobvite.com/varonis,jobvite
222185,American Specialty Health,https://jobs.jobvite.com/ashcompanies,jobvite
222186,alliantgroup,https://alliantgroup.wd1.myworkdayjobs.com/alliantgroup,WorkDay
222187,Canadian Solar,https://canadiansolar.wd5.myworkdayjobs.com/canadiansolar,WorkDay
222188,Indorama Ventures,https://ivlglobaliod.wd1.myworkdayjobs.com/indovinya,WorkDay
222189,Mitsui Chemicals,https://mitsuichemicalsgroup.wd3.myworkdayjobs.com/external,WorkDay
